sample_index,Fold,y_true,y_pred,y_prob
0,8,1,1,0.9877503027193031
1,3,1,0,0.027769359833646923
2,6,1,1,0.7064977347852703
3,6,1,1,0.6310188721013164
4,1,1,1,0.999099509126721
5,3,1,1,0.9879769080234996
6,6,1,1,0.9982247186611153
7,4,1,0,0.02396901629861259
8,2,1,1,0.9968624887342991
9,1,1,0,0.037538427737725026
10,5,1,1,0.9984256953534763
11,2,1,1,0.9378073750982869
12,8,1,1,0.9601734144249764
13,2,1,1,0.9984586165872578
14,9,1,1,0.8532640608034178
15,3,1,1,0.9993676422445529
16,2,1,1,0.9997320244721317
17,8,1,0,0.05810306174421907
18,6,1,0,0.10257705110465751
19,5,1,1,0.9995357817397752
20,1,1,1,0.9994692440988324
21,7,1,1,0.7493879113670496
22,1,1,1,0.7227598574878782
23,1,1,1,0.7494140814405426
24,9,1,1,0.9993994608605534
25,2,1,1,0.6654275283836825
26,1,1,0,0.0027636445237348792
27,2,1,0,0.3569685014667972
28,7,1,0,0.2252326067893743
29,5,1,1,0.9996866495011245
30,5,1,0,0.3455938573923351
31,6,1,1,0.9994509676074139
32,9,1,0,0.20755101446758284
33,9,1,1,0.9899024321612157
34,2,1,0,0.005330269373226005
35,3,1,0,0.0028465382375903233
36,1,1,1,0.9956520566149696
37,1,1,1,0.985006011844095
38,9,1,1,0.9602451226801276
39,10,1,1,0.786545110296943
40,1,1,0,0.12277053491371881
41,7,1,1,0.9996381738840345
42,10,1,1,0.9950479863185671
43,6,1,1,0.999690039226568
44,8,1,1,0.9995984640781758
45,7,1,0,0.0029624367077144102
46,7,1,1,0.9988889330822093
47,7,1,0,0.07609697206918206
48,9,1,0,0.051316081898508586
49,1,1,0,0.035630117499029855
50,3,1,1,0.9999009647168012
51,7,1,1,0.986792945427134
52,10,1,0,0.02060713143734067
53,3,1,0,0.32969019599068106
54,7,1,1,0.9994465318895163
55,6,1,0,0.005270131505508777
56,4,1,1,0.9990238715675261
57,3,1,1,0.9986201436015866
58,4,1,1,0.5267632053406649
59,6,1,1,0.8145476733832093
60,9,1,0,0.019335131877422668
61,7,1,1,0.995425738928073
62,6,1,1,0.9996392400854226
63,10,1,0,0.08383982822516076
64,8,1,1,0.9848869612389647
65,2,1,0,0.12158367238060783
66,5,1,1,0.9983347402712824
67,1,1,1,0.9989901065714407
68,8,1,1,0.8488540290189364
69,7,1,1,0.9408385218981803
70,8,1,1,0.9997450886608809
71,5,1,1,0.9574378859651862
72,5,1,1,0.9995372368778486
73,9,1,1,0.9663595683095869
74,10,1,1,0.9991759490109176
75,2,1,1,0.9993815878359451
76,9,1,1,0.9987170662278244
77,9,1,0,0.03446575588210173
78,1,1,1,0.997542594277198
79,6,1,0,0.39102079054178457
80,4,1,1,0.9997466274481552
81,9,1,0,0.0054139599724036345
82,5,1,1,0.9993174246847221
83,9,1,1,0.8801934656431614
84,10,1,1,0.999968490992622
85,3,1,0,0.08511857334237531
86,8,1,1,0.9997918109193472
87,5,1,1,0.9993005387563407
88,3,1,1,0.6021960129685402
89,10,1,1,0.9995594430337471
90,2,1,1,0.980424775266374
91,7,1,1,0.6284008684673922
92,4,1,1,0.9983782820787354
93,4,1,1,0.9998229895180781
94,7,1,1,0.9996054113577417
95,4,1,1,0.9989724840921701
96,7,1,1,0.9992060184251231
97,5,1,1,0.999880906423893
98,10,1,1,0.9984322967142333
99,7,1,1,0.9338183863717577
100,9,1,1,0.9993100925252058
101,4,1,1,0.9749743255544476
102,10,1,1,0.9995608521755728
103,8,1,1,0.6352692674300283
104,8,1,0,0.12699462352754606
105,1,1,1,0.9371663892484821
106,7,1,1,0.9930197851764109
107,4,1,0,0.04722324110676173
108,2,1,1,0.9996050616277072
109,5,1,1,0.9975332391195387
110,10,1,1,0.9787709616538549
111,9,1,1,0.9981480243306236
112,8,1,1,0.999512558967965
113,1,1,1,0.9976503988714126
114,3,1,0,0.10193753120591059
115,3,1,1,0.9984642837607447
116,9,1,1,0.9976324391612055
117,1,1,0,0.07823226067815216
118,4,1,1,0.8542848657639901
119,7,1,0,0.4644619840715829
120,10,1,1,0.9849333014538242
121,5,1,1,0.8873522105162773
122,9,1,1,0.99986207755279
123,7,1,1,0.9998478464070925
124,10,1,1,0.9994493097312763
125,6,1,0,0.007101934091793434
126,2,1,1,0.8865321223566159
127,6,1,1,0.9939614373898535
128,6,1,1,0.9934942908074087
129,5,1,0,0.01943374321735913
130,6,1,1,0.872022435130501
131,1,1,1,0.9996190966635643
132,9,1,1,0.9994640548611604
133,2,1,1,0.9966249448804546
134,10,1,1,0.9974613187441632
135,2,1,1,0.999284440110307
136,8,1,1,0.6840762027041586
137,7,1,1,0.9944293362288352
138,7,1,1,0.9999501896276075
139,10,1,1,0.867717152126831
140,9,1,1,0.9859825987500344
141,1,1,0,0.0023835118174199634
142,4,1,0,0.04686206498326016
143,5,1,1,0.9981814633463469
144,4,1,1,0.9032404374925778
145,10,1,1,0.9959176444945073
146,10,1,1,0.9976106933309372
147,10,1,1,0.9984489109440001
148,2,1,1,0.9994731618402919
149,2,1,1,0.9865651431870369
150,5,1,1,0.9994040712179071
151,5,1,1,0.9988584543878201
152,7,1,0,0.45352171407034514
153,3,1,0,0.4032976125620921
154,1,1,1,0.9997467979006038
155,2,1,1,0.9995285941246547
156,1,1,1,0.9996758188686785
157,7,1,1,0.9993479251541144
158,6,1,1,0.7669258780781005
159,1,1,1,0.9954709151286945
160,4,1,1,0.999797597919225
161,7,1,1,0.9795434671958434
162,2,1,1,0.9955925556594107
163,2,1,1,0.9998762586613923
164,10,1,1,0.9999424135032952
165,7,1,1,0.9980725436547938
166,8,1,1,0.9374360270711559
167,10,1,1,0.9985649065394873
168,1,1,1,0.9945148708889449
169,2,1,1,0.9951938640623781
170,2,1,0,0.27471451146713033
171,2,1,1,0.9904374276312444
172,4,1,1,0.9994621115669785
173,10,1,1,0.9915560098044995
174,2,1,1,0.9977980523901113
175,6,1,1,0.984920688844932
176,8,1,1,0.9998291308528124
177,9,1,0,0.2733456682405936
178,10,1,1,0.7069023811919811
179,7,1,1,0.9997502715371152
180,1,1,0,0.47680230467255835
181,4,1,0,0.142795488155753
182,7,1,1,0.9783100596865162
183,2,1,1,0.9999124421775144
184,4,1,0,0.1478415059122181
185,6,1,1,0.9997121583926983
186,3,1,1,0.9995747121240832
187,1,1,1,0.9979040347395091
188,1,1,1,0.9994488185900121
189,5,1,0,0.05507718026673714
190,4,1,1,0.9988126622527055
191,6,1,1,0.9994708848154606
192,9,1,1,0.6161900929222037
193,10,1,1,0.9995284886708908
194,3,1,1,0.9990620707344007
195,8,1,1,0.9988231887012249
196,10,1,1,0.9996306263018602
197,1,1,1,0.9890714854273116
198,1,1,1,0.9874737971402221
199,9,1,1,0.9996223691639134
200,8,1,1,0.9996310856701129
201,5,1,1,0.856556527230152
202,2,1,0,0.03550707615401395
203,8,1,1,0.9998953749728309
204,10,1,1,0.9863346171691216
205,1,1,1,0.9984239978903933
206,3,1,0,0.23208195035001344
207,2,1,1,0.9997215739512857
208,4,1,1,0.9999005143302606
209,3,1,0,0.42670369624533055
210,6,1,1,0.5028640861007168
211,3,1,0,0.000693415395286494
212,4,1,0,0.38237954668949325
213,4,1,1,0.9994267648021973
214,4,1,1,0.9852937334113712
215,2,1,1,0.9987643657321955
216,9,1,1,0.9998200391039767
217,2,1,0,0.03723758376799753
218,2,1,1,0.9998457375832673
219,5,1,1,0.9981615159370475
220,10,1,0,0.03600980808234923
221,9,1,1,0.9983823404482542
222,8,1,1,0.9698324142297639
223,7,1,0,0.3406522265964398
224,6,1,1,0.997607679297867
225,4,1,1,0.6733062014774551
226,4,1,1,0.5539479020044737
227,3,1,0,0.15566062697291344
228,4,1,1,0.9999220288678818
229,6,1,0,0.026862804483912622
230,7,1,1,0.995146126470523
231,1,1,0,0.08233871697909793
232,8,1,1,0.9982904989417504
233,3,1,1,0.9973040263313158
234,3,1,0,0.02177858006815609
235,9,1,1,0.9987454550322915
236,8,1,1,0.9927874705274813
237,9,1,1,0.5446255196337801
238,8,1,1,0.9868826535490061
239,8,1,1,0.9943630097031664
240,7,1,1,0.6823306877510775
241,7,1,1,0.9993496287138482
242,7,1,0,0.010620936478582225
243,5,1,1,0.9980856279407413
244,3,1,1,0.9997883155667944
245,2,1,1,0.9989340236978768
246,5,1,1,0.9998475007768821
247,10,1,0,0.05925980505562997
248,9,1,1,0.9985504910777383
249,10,1,1,0.999569095183618
250,10,1,1,0.9920240303057437
251,8,1,1,0.999706399336915
252,6,1,1,0.9995207442370696
253,2,1,0,0.05574750068423104
254,2,1,1,0.9929444425983949
255,5,1,1,0.9998299176393192
256,10,1,1,0.6528379704077723
257,4,1,0,0.09242888763530802
258,6,1,1,0.9998688562309848
259,5,1,1,0.9982633312267737
260,10,1,1,0.9969315291657509
261,7,1,1,0.9604742661541255
262,2,1,0,0.003130319526494594
263,2,1,0,0.002444423840086715
264,9,1,1,0.9998526584194146
265,9,1,0,0.0019356041058559926
266,2,1,1,0.999924388445333
267,4,1,1,0.9988526260530358
268,4,1,0,0.0793532794378265
269,2,1,1,0.9992660241455953
270,6,1,1,0.9992139057376122
271,9,1,1,0.8058069471831522
272,4,1,1,0.9993753904799199
273,10,1,0,0.0256490927933063
274,1,1,1,0.9995042058010616
275,3,1,1,0.8727320602873243
276,5,1,0,0.22365138344656232
277,7,1,0,0.12299838268930323
278,10,1,1,0.9997256954734672
279,2,1,1,0.9995380372311904
280,5,1,1,0.958754365714523
281,4,1,0,0.004448806296981389
282,8,1,1,0.9986558928369984
283,9,1,1,0.983819743005331
284,9,1,1,0.9489928640419931
285,10,1,1,0.9991939931498584
286,5,1,0,0.171854515469174
287,10,1,1,0.9849445260137866
288,5,1,1,0.8501119103914808
289,1,1,1,0.8481104446132948
290,6,1,0,8.663690257891176e-05
291,5,1,0,0.23313555983250522
292,2,1,0,0.3015972254690603
293,2,1,1,0.999915027896823
294,2,1,1,0.6247405417744076
295,1,1,1,0.9975791965064547
296,2,1,1,0.9998219343050219
297,2,1,1,0.9996728009915317
298,3,1,1,0.8549277944922469
299,8,1,1,0.9383780446391768
300,1,1,1,0.9992033161644672
301,10,1,0,0.10535371806270832
302,10,1,1,0.883264888872708
303,4,1,1,0.9860406406946094
304,4,1,1,0.9686449363362823
305,2,1,1,0.9912436755611769
306,1,1,1,0.9931023196365439
307,1,1,1,0.9993087112047994
308,2,1,0,0.16300301760190158
309,8,1,0,0.0138603776155757
310,10,1,1,0.9997555086855279
311,1,1,1,0.8495222915276776
312,7,1,0,0.006461218490832205
313,3,1,1,0.999153571250593
314,1,1,0,0.014148743775143722
315,6,1,1,0.9995532885452368
316,3,1,1,0.9004980676570657
317,1,1,1,0.999691714065214
318,7,1,0,0.19485621865945424
319,9,1,1,0.9947197249776827
320,6,1,1,0.9754508663716212
321,2,1,0,0.014731368256546397
322,4,1,0,0.02727220730893795
323,9,1,1,0.9999144674421147
324,8,1,1,0.9989707384080091
325,3,1,1,0.9995465753771062
326,1,1,1,0.9998416747502552
327,9,1,1,0.8713274099562147
328,3,1,1,0.989510404848934
329,6,1,0,0.28309084977069776
330,10,1,1,0.9976088482663821
331,6,1,1,0.631064623939357
332,6,1,1,0.9984056117006556
333,5,1,1,0.9604022726132566
334,7,1,1,0.9532220568768959
335,7,1,1,0.9998615805092694
336,1,1,1,0.994514403055841
337,7,1,1,0.9985072135577622
338,8,1,1,0.9928812314230413
339,1,1,1,0.994608332772004
340,10,1,1,0.9995128125468344
341,6,1,0,0.10502290728671956
342,3,1,1,0.99975813003919
343,7,1,0,0.018273895080279625
344,3,1,1,0.9920563899114172
345,4,1,1,0.9436063747842904
346,1,1,1,0.9953477056652686
347,8,1,1,0.9955410714539221
348,9,1,1,0.9995476796179978
349,7,1,0,0.028022829097247348
350,2,1,1,0.9963477073908682
351,9,1,1,0.5813590798014842
352,4,1,1,0.9238824038896709
353,9,1,1,0.9954004515367567
354,7,1,1,0.9947208823885587
355,8,1,1,0.999920220246147
356,5,1,0,0.01751478359369999
357,7,1,1,0.9993783558071423
358,3,1,1,0.9994460113212411
359,10,1,1,0.9995113746621183
360,9,1,1,0.9853363558061365
361,10,1,0,0.31948411477287997
362,4,1,1,0.7624608371256665
363,7,1,0,0.0961392868645304
364,7,1,1,0.6575907996607584
365,4,1,1,0.5874086011654714
366,4,1,1,0.9998654357185344
367,8,1,1,0.9666048660209604
368,3,1,1,0.7682002722809969
369,6,1,1,0.9995882288014266
370,6,1,1,0.9923938713102229
371,1,1,0,0.1082337820450504
372,4,1,1,0.9122686347368674
373,1,1,1,0.9995281255613255
374,8,1,1,0.9939077314756621
375,2,1,1,0.9999443901906828
376,8,1,1,0.9970560215069706
377,4,1,1,0.6004134471471515
378,6,1,1,0.9931180490908071
379,1,1,1,0.898696986246089
380,4,1,1,0.9846426350614856
381,9,1,1,0.9996904996628195
382,2,1,1,0.999889426083197
383,2,1,1,0.9995720168432424
384,6,1,1,0.815934228908813
385,8,1,1,0.9101984456101277
386,8,1,1,0.9625085776660502
387,10,1,1,0.9982574521659341
388,4,1,1,0.999767685052273
389,5,1,1,0.75113268854946
390,1,1,1,0.9998821668396582
391,2,1,0,0.07240043161767844
392,9,1,1,0.9964838771046198
393,8,1,1,0.9992758092863123
394,9,1,1,0.9988591694703168
395,2,1,0,0.42466000906156165
396,3,1,1,0.9993415757898636
397,6,1,1,0.9982716129558337
398,4,1,1,0.9886114074519659
399,5,1,1,0.9595825312605282
400,8,1,1,0.9989810671332988
401,2,1,1,0.8150736660160689
402,4,1,1,0.9799110156980813
403,7,1,1,0.999117678466729
404,9,1,1,0.9991579940856681
405,1,1,1,0.9453113303911018
406,8,1,0,0.01250702132826553
407,6,1,1,0.9623792701104221
408,9,1,1,0.5487247795046859
409,5,1,1,0.99130237484733
410,10,1,0,0.06566748290747308
411,8,1,1,0.9786093275931937
412,9,1,1,0.9860341994427093
413,6,1,0,0.016630809424849374
414,9,1,0,0.3972871352726646
415,2,1,0,0.18237784837506688
416,6,1,1,0.9980580763957443
417,10,1,0,0.06936826278498998
418,5,1,1,0.9952932532055347
419,9,1,1,0.7958864503180492
420,3,1,1,0.9920355526739706
421,4,1,1,0.999740296904831
422,7,1,1,0.9992081426803527
423,10,1,0,0.005575804594750653
424,2,1,1,0.9994283200875225
425,1,1,1,0.5046450192405371
426,3,1,1,0.9993149755336534
427,9,1,1,0.9975206033854433
428,5,1,0,0.09822867225018295
429,7,1,1,0.9822282115295704
430,1,1,1,0.9985934204717077
431,10,1,1,0.9914278653305945
432,1,1,1,0.9935718355563037
433,10,1,0,0.24310129786071621
434,1,1,1,0.9981165635016058
435,1,1,1,0.9998921854850384
436,6,1,1,0.9999261381632412
437,1,1,1,0.5242282305275032
438,6,1,1,0.9998699327390397
439,2,1,1,0.9996541881720112
440,9,1,0,0.18805445582232816
441,5,1,1,0.9995588809806899
442,9,1,1,0.9631443885314892
443,6,1,1,0.5191251516814768
444,4,1,1,0.9969303641683585
445,7,1,1,0.9923229982951006
446,10,1,1,0.9993934770708917
447,3,1,1,0.9997830924562662
448,7,1,1,0.9932263789295204
449,8,1,1,0.9963876072704625
450,3,1,1,0.9992013351409849
451,5,1,0,0.4562571353052989
452,4,1,0,0.007727048186767841
453,10,1,1,0.9994751617291453
454,4,1,1,0.6818291608235227
455,9,1,0,0.08949655542558904
456,3,1,1,0.9105960056629511
457,5,1,1,0.9999097047565304
458,10,1,1,0.9902657003815396
459,4,1,1,0.9986850459293188
460,6,1,0,0.005021337739815413
461,5,1,0,0.009651308207449983
462,4,1,0,0.3504958587376066
463,1,1,1,0.993438196792231
464,6,1,1,0.9819658811858814
465,5,1,0,0.03956768441947793
466,5,1,1,0.9758447540226535
467,4,1,1,0.9965906674664038
468,6,1,1,0.9473392428550683
469,3,1,1,0.9914870525868656
470,10,1,1,0.9992599729609354
471,2,1,1,0.9863029066759061
472,10,1,1,0.8791396157678588
473,4,1,1,0.5810537664518898
474,7,1,0,0.01860675939933172
475,5,1,1,0.9903539220568597
476,9,1,0,0.04933301669533219
477,9,1,0,0.18435411428258697
478,9,1,1,0.9995781716224028
479,9,1,1,0.9998378408429429
480,6,1,0,0.3437297494406131
481,6,1,1,0.9964634492672154
482,3,1,0,0.03246510078611481
483,2,1,1,0.9998286463133852
484,3,1,1,0.9998188847143358
485,10,1,0,0.1275805132025585
486,6,1,1,0.8043399193174794
487,1,1,1,0.9441953435302839
488,4,1,1,0.9997083110602611
489,9,1,1,0.9993202649733997
490,1,1,1,0.9968020395612054
491,3,1,1,0.9990477599885718
492,4,1,0,0.08168557475750637
493,9,1,1,0.9574307489781231
494,7,1,1,0.992865565110497
495,5,1,1,0.9128810999454912
496,10,1,0,0.4056571046757358
497,10,1,1,0.9989849388901082
498,10,1,1,0.9995155041025727
499,2,1,1,0.9993507841097657
500,5,1,0,0.06362798560439667
501,2,1,1,0.5906464270374663
502,1,1,0,0.4525331365555102
503,9,1,1,0.5649453123490036
504,4,1,1,0.9954688327515968
505,4,1,1,0.9987472449241326
506,9,1,0,0.10793059488460852
507,3,1,0,0.20878623547462322
508,1,1,0,0.012339095966758779
509,3,1,1,0.9970536358427269
510,3,1,1,0.9989765346330206
511,5,1,1,0.9929905931528644
512,7,1,1,0.9970043542957125
513,10,1,1,0.9998579178458662
514,6,1,1,0.9931433232288749
515,5,1,1,0.99990829357218
516,3,1,1,0.9999203934006757
517,1,1,1,0.9892347792930353
518,8,1,1,0.9900250639164654
519,8,1,1,0.9978468527787656
520,7,1,1,0.9991681032912112
521,10,1,1,0.9909988574991462
522,2,1,1,0.9999432720461845
523,3,1,1,0.8332681811463885
524,3,1,1,0.5841424325299154
525,2,1,1,0.9902946172358008
526,8,1,0,0.1736682204738168
527,4,1,1,0.9373800205842051
528,6,1,1,0.93684734576091
529,10,1,0,0.08324174306972934
530,10,1,0,0.02482135989583874
531,5,1,1,0.9996395842136521
532,10,1,1,0.9996349623714601
533,7,1,1,0.9998370856460093
534,5,1,1,0.9996159388905572
535,4,1,0,0.015365711594773531
536,6,1,1,0.9983267806026018
537,2,1,1,0.9996751416940666
538,3,1,1,0.9958235054643383
539,5,1,0,0.2417926904717495
540,1,1,1,0.9988853419882335
541,2,1,1,0.9910739711935274
542,2,1,1,0.9981823205809432
543,6,1,1,0.99140713899678
544,6,1,0,0.16289057458594564
545,4,1,1,0.9994136772943373
546,8,1,1,0.9997905278256802
547,1,1,1,0.7088679786336725
548,3,1,1,0.9340521575289115
549,8,1,1,0.9993921895955526
550,7,1,1,0.9997118339933136
551,4,1,1,0.9963289223238465
552,3,1,0,0.2563079964755529
553,5,1,1,0.994866820779597
554,3,1,1,0.9994386557789117
555,9,1,1,0.9979234112276631
556,3,1,1,0.9981531408722945
557,1,1,1,0.9973696698980377
558,7,1,1,0.5694905819577623
559,1,1,1,0.9997378066361797
560,10,1,1,0.9471078595121759
561,7,1,1,0.9993049457762124
562,3,1,1,0.9578429304227248
563,3,1,1,0.5062540302534717
564,6,1,1,0.9929341944285146
565,5,1,1,0.9934435366464913
566,2,1,1,0.9736322579930821
567,5,1,0,0.009065589584800554
568,3,1,1,0.999929634413395
569,6,1,1,0.9993565563880736
570,8,1,0,0.003099609228333457
571,3,1,1,0.9993098040163128
572,9,1,0,0.0008013275224799688
573,4,1,1,0.9992152597362729
574,4,1,0,0.0004116801238224697
575,3,1,0,0.19266662544730762
576,8,1,0,0.004220106013083029
577,9,1,1,0.9982369512960995
578,1,1,1,0.9987861724274708
579,2,1,1,0.9997774480229569
580,5,1,0,0.0011276871928612433
581,6,1,1,0.9967056159382708
582,10,1,0,0.006068820131981
583,1,1,0,0.48140350818753236
584,4,1,1,0.9400857303140608
585,4,1,1,0.9995762721575905
586,1,1,1,0.9984448654674807
587,10,1,1,0.9989150716920969
588,2,1,0,0.0197483937400639
589,5,1,1,0.9984089549012218
590,6,1,1,0.999366334409826
591,4,1,1,0.7815993976428406
592,7,1,0,0.1082704524716406
593,7,1,1,0.9998454217944936
594,8,1,1,0.9666592786991038
595,2,1,0,0.3281934467182005
596,5,1,1,0.966804721624329
597,5,1,0,0.05575725507209206
598,3,1,1,0.7620115298165075
599,4,1,1,0.8193071071917963
600,5,1,1,0.9990780432823674
601,7,1,1,0.999773178812611
602,8,1,1,0.9989694040121693
603,5,1,1,0.9973514369588656
604,3,1,0,0.0256791902768078
605,1,1,0,0.3805576031468471
606,7,1,1,0.9592622747965059
607,10,1,0,0.4842248291441731
608,1,1,1,0.9996498489908616
609,10,1,1,0.9941173101616587
610,2,1,1,0.9989615698896124
611,3,1,1,0.9070375278007883
612,4,1,1,0.9977761024341183
613,4,1,0,0.08086458828774293
614,4,1,1,0.9623625576497694
615,3,1,1,0.9970910946874871
616,3,1,1,0.9998853683447245
617,3,1,1,0.7796235847302607
618,6,1,1,0.9994540162791128
619,7,1,1,0.9991833681754458
620,8,1,1,0.9996929012276191
621,2,1,0,0.0008998697507603805
622,8,1,1,0.9989060137163737
623,6,1,1,0.9356308735934755
624,8,1,0,0.29208633135401113
625,8,1,0,0.4897243636427445
626,6,1,1,0.9490662951646971
627,8,1,1,0.9848869982048107
628,9,1,1,0.9983654702390378
629,1,1,0,0.28462087617948656
630,8,1,1,0.7465912526962837
631,3,1,1,0.9976910287639318
632,7,1,0,0.44629814137869095
633,3,1,1,0.9980957080337592
634,8,1,1,0.9991013527397673
635,1,1,0,0.3820220772417967
636,3,1,1,0.9986413708991597
637,5,1,1,0.9999223851181958
638,9,1,0,0.03043463698624197
639,3,1,1,0.9987908539837911
640,1,1,1,0.9972590043272401
641,8,1,0,0.012646773953819402
642,6,1,1,0.998685700210467
643,8,1,1,0.9849404964259598
644,10,1,1,0.9998488409347173
645,1,1,1,0.9999230371134833
646,3,1,0,0.2873219820887956
647,5,1,0,0.004256708861367329
648,5,1,1,0.6900390947152439
649,8,1,1,0.9998916675943297
650,2,1,1,0.9974542090954399
651,9,1,1,0.6930356543534921
652,4,1,1,0.9990680661642776
653,6,1,1,0.9455650244869125
654,4,1,0,0.042203039755267395
655,8,1,1,0.9950066350267164
656,3,1,0,0.34007062668807087
657,4,1,0,0.1093927401197383
658,4,1,1,0.9998769830841321
659,9,1,1,0.9714581378275142
660,2,1,1,0.9990352709454595
661,8,1,0,0.06743709200948791
662,1,1,1,0.8078831826479409
663,4,1,1,0.9998418545652912
664,6,1,1,0.9837928857000927
665,3,1,0,0.073479831458767
666,10,1,0,0.2580385281356553
667,4,1,1,0.9806329187476219
668,8,1,1,0.9997983544444505
669,9,1,1,0.9216830973896764
670,2,1,1,0.9993800164033024
671,4,1,1,0.9951533130638001
672,1,1,1,0.9940639804109779
673,1,1,1,0.9994920968876762
674,1,1,1,0.9911450030047262
675,4,1,1,0.9950969654216161
676,5,1,1,0.9153135471889419
677,3,1,0,0.026659403976840974
678,1,1,1,0.9992113877316966
679,6,1,1,0.9967788240642599
680,1,1,0,0.11930262664511962
681,4,1,1,0.9999070621704256
682,4,1,0,0.3099247491198248
683,7,1,0,0.03617024871473339
684,7,1,1,0.9998260896275457
685,5,1,0,0.009742844857928768
686,6,1,1,0.9949067795550491
687,1,1,0,0.051253408626822206
688,9,1,1,0.9984461773638835
689,1,1,1,0.9997956777971534
690,8,1,1,0.9973918147333225
691,10,1,1,0.9992842563130329
692,9,1,0,0.31511756788604267
693,10,1,1,0.9230531146400498
694,8,1,1,0.999790465296551
695,10,1,1,0.9993030595116476
696,9,1,1,0.5231438651340441
697,10,1,0,0.12947035491176218
698,10,1,1,0.9993302677371574
699,2,1,1,0.9996406875887361
700,5,1,1,0.880708188299693
701,5,1,1,0.5780071778210707
702,6,1,1,0.933274479068336
703,3,1,1,0.9997349436543718
704,8,1,1,0.9992820711316752
705,1,1,1,0.9703284202769802
706,3,1,1,0.9709667966571494
707,1,1,1,0.9999308284879631
708,1,1,1,0.9981413528025709
709,9,1,0,0.0015359037384036257
710,8,1,1,0.9978604947826333
711,2,1,1,0.9993291382736044
712,6,1,1,0.6769138571987008
713,1,1,1,0.994643611760471
714,4,1,0,0.1072989949214078
715,5,1,0,0.011768845343165864
716,1,1,1,0.9973615572373233
717,1,1,1,0.9990750391686313
718,8,1,1,0.9972520145077102
719,10,1,1,0.8825861314257186
720,1,1,1,0.9997817997102195
721,9,1,1,0.999265799112919
722,6,1,0,0.0068392135406593795
723,4,1,0,0.24887578438354357
724,8,1,1,0.9992854706338223
725,7,1,0,0.016222628137450845
726,1,1,1,0.9991049362967254
727,7,1,0,0.00827838803496505
728,1,1,1,0.9999264120411315
729,10,1,1,0.9996851713419479
730,1,1,0,0.005092546760841728
731,8,1,0,0.004697983404463153
732,10,1,1,0.9992152218907584
733,10,1,1,0.9998927487333296
734,7,1,1,0.9998709150272598
735,8,1,1,0.9987067287546987
736,1,1,1,0.9999482963411542
737,9,1,1,0.9883699143315918
738,7,1,1,0.9465693148621073
739,2,1,0,0.02282074007361339
740,7,1,1,0.9923907530365195
741,2,1,1,0.9995610262876817
742,6,1,1,0.9876911640886356
743,3,1,1,0.9691592498724462
744,10,1,0,0.2444327142542616
745,6,1,0,0.007851298294653777
746,1,1,1,0.9995724439557265
747,7,1,1,0.9905552492897396
748,4,1,0,0.03518508103927604
749,10,1,1,0.9151299372697945
750,8,1,1,0.9954197117662337
751,2,1,0,0.013725607412395563
752,10,1,1,0.996463254737024
753,4,1,1,0.9999093727289897
754,9,1,1,0.9978602171577496
755,3,1,1,0.9365487883648995
756,9,1,1,0.9993487909214731
757,7,1,0,0.09695409149715609
758,8,1,1,0.9975348899594083
759,7,1,0,0.3636246395665411
760,1,1,1,0.9998783770539568
761,4,1,1,0.9990686595496621
762,6,1,1,0.9987669419267946
763,3,1,0,0.0032670127705561824
764,1,1,1,0.999610853474199
765,10,1,1,0.9996930495524552
766,4,1,1,0.9713298143363853
767,5,1,1,0.9996678670023795
768,10,1,0,0.49357438818523697
769,10,1,1,0.7657141103227336
770,8,1,1,0.998328542966908
771,1,1,1,0.9989371600345196
772,7,1,1,0.9998955415678878
773,5,1,1,0.99976530238322
774,1,1,1,0.9827407362347904
775,3,1,1,0.9180971185789211
776,10,1,1,0.9995401369443216
777,6,1,1,0.9959539954168696
778,8,1,1,0.9991442281776914
779,7,1,1,0.9987377733952163
780,10,1,1,0.9876465460289532
781,2,1,1,0.999058731325484
782,6,1,0,0.033161221937840456
783,9,1,0,0.05120932296721227
784,9,1,1,0.9986092208629123
785,3,1,1,0.9994707465453275
786,2,1,1,0.9365171750803216
787,4,1,1,0.9996457066258193
788,4,1,1,0.999915958812009
789,10,1,1,0.9998279079095013
790,5,1,1,0.9997419261833663
791,4,1,1,0.998236725451389
792,8,1,1,0.9869624667166457
793,6,1,0,0.032937786840827224
794,6,1,1,0.9988184992036298
795,9,1,1,0.999611281621551
796,4,1,0,0.005007110938116758
797,4,1,1,0.9992613822656529
798,4,1,1,0.9988081644842431
799,2,1,1,0.9996879059727829
800,10,1,1,0.9998089749864515
801,4,1,1,0.5188694740305329
802,3,1,1,0.989209363538021
803,6,1,1,0.9998010098730526
804,6,1,1,0.9258756024665535
805,10,1,0,0.43249896676385485
806,1,1,1,0.9997857595295658
807,7,1,0,0.015736128362443997
808,10,1,0,0.05772189762005603
809,8,1,1,0.9995988107902437
810,2,1,0,0.2790402822694597
811,2,1,0,0.07077715535804116
812,5,1,1,0.9964707545905109
813,4,1,0,0.07946608879374803
814,9,1,1,0.9992244917112689
815,9,1,1,0.9994095354327108
816,4,1,1,0.9983474522118087
817,4,1,0,0.068687027389695
818,4,1,0,0.22269485447450743
819,1,1,1,0.9994806459522809
820,8,1,1,0.9994663303698452
821,2,1,1,0.915438083737877
822,3,1,1,0.9992997513909089
823,8,1,1,0.988799178498773
824,1,1,1,0.9635878901078658
825,3,1,0,0.006279804903153238
826,3,1,1,0.9951819233598322
827,1,1,1,0.9983057616069562
828,6,1,0,0.31453699445888816
829,4,1,1,0.9713400628323772
830,10,1,1,0.9998948092199464
831,2,1,0,0.024583755784049484
832,5,1,0,0.33399194605730775
833,8,1,1,0.8275238060451571
834,8,1,1,0.9917172416984075
835,6,1,1,0.9995743167104303
836,1,1,1,0.7118699472851939
837,3,1,1,0.9910090629393553
838,2,1,1,0.9986902365951578
839,2,1,1,0.9990251910188443
840,1,1,1,0.567709986144064
841,6,1,1,0.9998557468985496
842,9,1,0,0.17317700579982448
843,6,1,1,0.9962740865530388
844,5,1,1,0.5592584303466128
845,7,1,1,0.9947354454773785
846,6,1,1,0.9663663208444835
847,5,1,1,0.9999358336198775
848,8,1,0,0.30178634620238126
849,3,1,0,0.01799800541149979
850,2,1,1,0.9993030741916838
851,2,1,0,0.011329882360319956
852,3,1,0,0.4430640397731753
853,3,1,1,0.7686506019255697
854,10,1,1,0.9997820047760799
855,5,1,1,0.994047601670913
856,7,1,1,0.9975983593051284
857,6,1,0,0.1562303558312298
858,4,1,1,0.9998948261431724
859,3,1,1,0.8980539494240534
860,4,1,1,0.9975954910936022
861,7,1,1,0.8093720362848447
862,3,1,1,0.9995043903318479
863,9,1,1,0.9995838502794683
864,4,1,1,0.999803980808742
865,1,1,0,0.19965332926452012
866,4,1,1,0.996270875169295
867,4,1,1,0.8133297153733807
868,4,1,0,0.004943191648259451
869,6,1,0,0.08662073167958317
870,10,1,0,0.09552747565233136
871,2,1,0,0.07060425815699287
872,8,1,1,0.9971481122295747
873,10,1,1,0.9997637855386095
874,1,1,1,0.9621157482297127
875,4,1,1,0.7043716669915061
876,7,1,1,0.999770477846347
877,7,1,1,0.9998991754357286
878,2,1,1,0.9989135258331688
879,6,1,1,0.7298549108469858
880,6,1,1,0.9999169197871225
881,3,1,1,0.9984380183800858
882,3,1,1,0.9888365380896607
883,3,1,1,0.9996674315819423
884,5,1,1,0.999756964251528
885,1,1,0,0.017763471333422678
886,10,1,0,0.08530427467200323
887,2,1,0,0.10371783027601714
888,2,1,1,0.9994458110830371
889,5,1,1,0.9998046384529157
890,6,1,1,0.9993022319998186
891,9,1,1,0.994278115704885
892,7,1,1,0.9995162412027785
893,5,1,1,0.9313562417737957
894,10,1,1,0.9909623762283362
895,4,1,0,0.0012988728595722952
896,9,1,1,0.9994202935995365
897,7,1,1,0.9998478261720773
898,2,1,1,0.9979904984000301
899,7,1,1,0.9677487465577643
900,9,1,0,0.1330617441170923
901,8,1,1,0.9998025570058939
902,2,1,0,0.2241322792491076
903,3,1,1,0.991820286686338
904,1,1,0,0.0035006015339168572
905,5,1,1,0.6757470714770606
906,4,1,1,0.9101153275446935
907,7,1,1,0.9997055831978379
908,3,1,1,0.9996625566864288
909,1,1,0,0.018649632741178822
910,3,1,1,0.9997126270097605
911,3,1,1,0.7787948100954418
912,9,1,1,0.9998958551577777
913,4,1,1,0.9975949695848727
914,8,1,1,0.6998755469675191
915,1,1,1,0.998179822479143
916,10,1,1,0.9986534506190451
917,5,1,1,0.9994044253836514
918,5,1,1,0.9995712628335255
919,2,1,1,0.9816726863445404
920,4,1,1,0.8718726774134764
921,8,1,0,0.1864349977228947
922,1,1,1,0.9997206755264251
923,5,1,0,0.013900926402261276
924,4,1,0,0.17764635598502904
925,10,1,0,0.03713792635832207
926,2,1,1,0.9993465049818477
927,10,1,1,0.9905133819074778
928,8,1,1,0.5876469246098149
929,5,1,1,0.9785526464342476
930,8,1,1,0.9282776298819195
931,8,1,0,0.0854503964607026
932,6,1,1,0.9969339212380885
933,6,1,1,0.9931903593045106
934,2,1,0,0.3989519568651582
935,5,1,1,0.9999012420320075
936,9,1,1,0.503017208761695
937,8,1,1,0.9994720007782529
938,10,1,1,0.9991321050811404
939,10,1,1,0.7665392797774148
940,7,1,0,0.16684299442713751
941,3,1,1,0.9925828732294452
942,3,1,1,0.5180459948044528
943,2,1,0,0.009335214451602946
944,6,1,1,0.9983322562086516
945,2,1,1,0.9509021347739552
946,3,1,1,0.999903560857869
947,3,1,1,0.955837535365955
948,5,1,0,0.09038722845583233
949,10,1,1,0.999141026201249
950,9,1,1,0.981984005158584
951,8,1,1,0.9994407326907356
952,8,1,1,0.9993374883353983
953,6,1,1,0.9942544602786278
954,2,1,1,0.5477260439416707
955,1,1,1,0.9995353881392823
956,3,1,1,0.9995661788839623
957,4,1,1,0.9971344554765129
958,4,1,1,0.9997521351909308
959,4,1,1,0.9997629673218378
960,5,1,0,0.31823104586817486
961,8,1,1,0.9994812664045796
962,7,1,1,0.9998502031973345
963,5,1,0,0.015448246503826563
964,5,1,1,0.9987032868311403
965,7,1,1,0.9707326520791217
966,7,1,1,0.9988306968386709
967,3,1,1,0.9998326986213165
968,9,1,1,0.9991693862998265
969,5,1,0,0.3723762739893145
970,8,1,0,0.053150161212943074
971,1,1,1,0.9998520989831623
972,6,1,1,0.9997134959658527
973,10,1,1,0.7548028140222943
974,10,1,1,0.9971193244962794
975,6,1,1,0.9996950786684538
976,6,1,0,0.040786595612653756
977,3,1,1,0.9739607201910967
978,4,1,0,0.2999454316209129
979,8,1,1,0.9996898437998865
980,3,1,1,0.956879724516591
981,10,1,1,0.9903129952612268
982,8,1,1,0.9957245653689043
983,4,1,0,0.05528218376263219
984,4,1,0,0.43806562933975585
985,8,1,1,0.9885334977068705
986,9,1,1,0.5480865429036637
987,8,1,1,0.8586703557895803
988,8,1,1,0.9886838084807879
989,1,1,0,0.006176817493817846
990,6,1,1,0.9341233587641233
991,9,1,1,0.9709376781834269
992,3,1,0,0.05400281627669009
993,8,1,1,0.9986469052415968
994,2,1,0,0.0366698644052539
995,3,1,1,0.6432726977917045
996,5,1,0,0.034511520876714434
997,6,1,1,0.9995958651068604
998,8,1,1,0.9029651873086972
999,4,1,1,0.9995887437664683
1000,9,1,1,0.9989315755523585
1001,5,1,0,0.027944881765640552
1002,9,1,1,0.9993950489998422
1003,3,1,1,0.9997573234721873
1004,1,1,1,0.9996881596719553
1005,7,1,1,0.9995866259353059
1006,9,1,1,0.9996958235964416
1007,6,1,1,0.9998272917663457
1008,9,1,1,0.9766723631035635
1009,1,1,1,0.9990471300546679
1010,10,1,1,0.9996440242988631
1011,7,1,1,0.9998543992878695
1012,10,1,1,0.9998244749062903
1013,6,1,1,0.9638161269437152
1014,9,1,1,0.9993064037553646
1015,10,1,1,0.9960588360622966
1016,2,1,1,0.9995179799380154
1017,6,1,1,0.9990306927087067
1018,6,1,1,0.9638605385360373
1019,7,1,0,0.001710491211547006
1020,2,1,1,0.9855883186007265
1021,2,1,0,0.10535864744922267
1022,8,1,1,0.9973268668115624
1023,9,1,0,0.0015521864530743201
1024,1,1,1,0.9956156717131324
1025,6,1,1,0.984039746273313
1026,2,1,1,0.9480744637269516
1027,7,1,1,0.9969598150894438
1028,5,1,1,0.9996502009772742
1029,8,1,1,0.9968000762307592
1030,7,1,0,0.09559488593362878
1031,2,1,1,0.9058656667008277
1032,5,1,1,0.9959957158007029
1033,1,1,0,0.3907839847659117
1034,2,1,1,0.9999444107929519
1035,5,1,1,0.9916684853884641
1036,1,1,1,0.9839927850674245
1037,1,1,1,0.9997866181809609
1038,2,1,0,0.14683691962824463
1039,4,1,1,0.9934285075642956
1040,5,1,0,0.4126442768287135
1041,9,1,1,0.9958460838740036
1042,3,1,1,0.9860435415603104
1043,9,1,0,0.022442806363264213
1044,7,1,1,0.9991613637779974
1045,5,1,1,0.9986969235845545
1046,10,1,0,0.0902283281650279
1047,4,1,1,0.9987781280373293
1048,9,1,1,0.999296864345351
1049,2,1,1,0.9218047992587425
1050,7,1,1,0.9727012447912111
1051,9,1,1,0.6612094176277858
1052,4,1,1,0.9996875933360694
1053,9,1,0,0.3952432280165989
1054,9,1,0,0.0028705483539920567
1055,5,1,1,0.9458068655065497
1056,7,1,1,0.9997205001118092
1057,5,1,1,0.9418187784410954
1058,6,1,1,0.8560630632070474
1059,3,1,1,0.5292632673897555
1060,1,1,1,0.9935814813136473
1061,3,1,1,0.999906052939552
1062,6,1,1,0.5104011703775397
1063,7,1,1,0.8323991658666479
1064,8,1,1,0.9996320826421679
1065,9,1,1,0.9998251370806339
1066,2,1,1,0.9882300779041732
1067,6,1,0,0.20117722840296443
1068,1,1,1,0.9973871455436026
1069,8,1,1,0.999233882752829
1070,2,1,1,0.7098728891597972
1071,8,1,0,0.34416681302096946
1072,6,1,1,0.8885706600361443
1073,10,1,1,0.6717721079729209
1074,7,1,1,0.7143196133573457
1075,3,1,1,0.9990800804535045
1076,4,1,1,0.9827393633789738
1077,5,1,1,0.8735715868855416
1078,5,1,0,0.35898799937790876
1079,5,1,1,0.9920283688362018
1080,8,1,1,0.9994307544021253
1081,10,1,1,0.9996708883422457
1082,5,1,1,0.9991940760414839
1083,2,1,1,0.9993847052377031
1084,3,1,1,0.9989619387991875
1085,6,1,1,0.9999181509537491
1086,6,1,1,0.9632560720956804
1087,5,1,0,0.3988552574204063
1088,8,1,1,0.9997391198213234
1089,9,1,1,0.9998627807455045
1090,10,1,0,0.35451181439960855
1091,5,1,0,0.4147282602180169
1092,5,1,0,0.0014424245681942964
1093,1,1,0,0.14625436264854036
1094,3,1,1,0.9990794240000611
1095,4,1,0,0.1445465148425051
1096,4,1,1,0.9963710612382526
1097,5,1,0,0.00653543334887127
1098,1,1,1,0.9982326821158962
1099,10,1,1,0.571154764191341
1100,5,1,1,0.996555057724766
1101,2,1,1,0.9120170725130461
1102,9,1,1,0.999131335871292
1103,7,1,1,0.6534770677862896
1104,5,1,0,0.0050797087223408656
1105,7,1,1,0.7576522743994505
1106,8,1,1,0.9769198088157495
1107,7,1,1,0.9988200652547718
1108,9,1,1,0.9978870535443514
1109,9,1,0,0.4261965509640334
1110,8,1,1,0.9943033979968579
1111,2,1,1,0.9986713489232472
1112,4,1,1,0.9384775648497018
1113,10,1,1,0.991531565804575
1114,2,1,0,0.12668526576453448
1115,6,1,1,0.7077714104323704
1116,7,1,0,0.0011329970796561909
1117,5,1,1,0.9991825257784006
1118,2,1,0,0.057787115117281795
1119,7,1,1,0.9991797868436378
1120,1,1,1,0.9986346613372008
1121,1,1,1,0.9624862219768777
1122,3,1,1,0.9991567589983936
1123,9,1,1,0.9260089049055304
1124,3,1,1,0.9686989187333942
1125,8,1,1,0.9995551320154571
1126,10,1,1,0.9998474544961684
1127,1,1,1,0.7127459131940553
1128,4,1,0,0.014793425512467121
1129,6,1,1,0.5959667843453011
1130,9,1,1,0.9942265564993085
1131,6,1,0,0.03129399025834843
1132,9,1,1,0.9995625181670933
1133,6,1,1,0.9825874856672543
1134,9,1,0,0.20588734256953242
1135,10,1,0,0.07044360982000913
1136,3,1,1,0.9994276743853154
1137,8,1,1,0.9995223652819911
1138,1,1,0,0.012388160048591121
1139,4,1,1,0.9964392394819532
1140,9,1,1,0.9964894443884281
1141,5,1,1,0.9967332690234783
1142,6,1,1,0.5145881522619542
1143,7,1,1,0.9999090200991674
1144,3,1,1,0.9990574495617571
1145,9,1,1,0.9998578846619766
1146,8,1,1,0.6655223544417931
1147,10,1,1,0.9977376137824583
1148,4,1,1,0.968719624994766
1149,3,1,0,0.01192240456260393
1150,1,1,1,0.807993159407838
1151,9,1,1,0.9187801890435829
1152,10,1,1,0.8910767185070915
1153,6,1,1,0.9998328132628636
1154,1,1,1,0.9614392806914076
1155,2,1,1,0.9479247359292917
1156,9,1,1,0.996242288157726
1157,10,1,1,0.999938743051361
1158,7,1,1,0.999288064342962
1159,5,1,1,0.9996158089077007
1160,3,1,1,0.999578529687008
1161,2,1,0,0.0215971052742367
1162,6,1,1,0.7576371121765049
1163,7,1,1,0.9996371436073468
1164,6,1,0,0.08389089320507775
1165,1,1,1,0.6564413447428478
1166,3,1,1,0.7823813712226382
1167,8,1,0,0.08245666744644947
1168,1,1,1,0.9987587362178707
1169,8,1,1,0.995633737428975
1170,7,1,1,0.9996867895934792
1171,8,1,0,0.2921220246297589
1172,9,1,1,0.7966805961586729
1173,9,1,0,0.015433669988067885
1174,3,1,1,0.993054028502106
1175,4,1,1,0.9999038728251983
1176,1,1,0,0.004633715613844024
1177,4,1,1,0.9970825064753803
1178,7,1,0,0.001178440474313478
1179,3,1,1,0.9986460292870779
1180,5,1,1,0.9995607838014964
1181,7,1,0,0.28004777389550317
1182,2,1,1,0.9358504426099621
1183,8,1,1,0.966884965398064
1184,5,1,0,0.006286822538243723
1185,6,1,0,0.18969814875256624
1186,8,1,0,0.0016571974724819
1187,1,1,0,0.04225824989708523
1188,4,1,1,0.9983638952903786
1189,8,1,1,0.9990158465341845
1190,3,1,1,0.9987503618709339
1191,7,1,1,0.99970992782153
1192,2,1,1,0.9979772339341111
1193,6,1,0,0.04411722035225626
1194,9,1,0,0.04002026584600162
1195,4,1,1,0.8112254912097723
1196,7,1,1,0.7134917884867106
1197,7,1,0,0.24114101807533878
1198,10,1,1,0.999939765352192
1199,5,1,1,0.9852651734539493
1200,9,1,0,0.0034040268688957736
1201,9,1,1,0.9996803865118884
1202,10,1,1,0.9922122183005534
1203,1,1,1,0.8937780943123449
1204,7,1,1,0.9659108949221216
1205,3,1,1,0.9895783441223129
1206,1,1,1,0.9859679782174422
1207,2,1,1,0.9995513648129679
1208,6,1,1,0.7795169111598188
1209,6,1,1,0.9994998274802592
1210,5,1,1,0.7356694002267459
1211,4,1,1,0.9979457302130479
1212,10,1,0,0.04514647476111058
1213,2,1,1,0.9895407677441577
1214,8,1,1,0.998956290386801
1215,5,1,1,0.8768319247633038
1216,7,1,0,0.09470910906181221
1217,10,1,1,0.5906557247235424
1218,1,1,1,0.9374241747040659
1219,8,1,1,0.9993561362283919
1220,5,1,1,0.9999415080315754
1221,9,1,1,0.9994957641328215
1222,3,1,1,0.9938305556232312
1223,8,1,1,0.69289498268682
1224,6,1,0,0.036516368639020885
1225,2,1,1,0.9987860608249386
1226,6,1,1,0.9945608920198445
1227,9,1,1,0.9975398276513598
1228,5,1,0,0.4620758297269251
1229,6,1,1,0.9990874613176817
1230,9,1,1,0.998963161099978
1231,3,1,0,0.16725962418344598
1232,5,1,0,0.017703844903949058
1233,5,1,0,0.3197159846128793
1234,5,1,0,0.44743411652869225
1235,7,1,1,0.9997024675769175
1236,5,1,0,0.013002403986157297
1237,8,1,0,0.2898584625617099
1238,7,1,1,0.9998739522214408
1239,2,1,1,0.9996995377129907
1240,9,1,1,0.9963874616854547
1241,10,1,0,0.040430757381176845
1242,9,1,0,0.002944347734349386
1243,6,1,1,0.9996162098765363
1244,5,1,1,0.9965263085702272
1245,8,1,0,0.13291869342857857
1246,4,1,1,0.9939723846125841
1247,4,1,1,0.9994321932888255
1248,3,1,0,0.17035491693869628
1249,7,1,1,0.9892243710856025
1250,10,1,0,0.07822707991548515
1251,6,1,0,0.1260052726273427
1252,5,1,1,0.9984696956361114
1253,2,1,0,0.49951586262474473
1254,8,1,1,0.9998698700685964
1255,9,1,0,0.30717807677929143
1256,3,1,1,0.9108213013495831
1257,7,1,0,0.010361691775163152
1258,8,1,1,0.9974053504840922
1259,3,1,1,0.9998578341245912
1260,4,1,1,0.9955141008193648
1261,9,1,1,0.998751181716407
1262,3,1,1,0.9635588903142905
1263,1,1,1,0.9949419733540357
1264,3,1,0,0.15194424672317047
1265,1,1,1,0.8245744221164719
1266,8,1,1,0.9998157237226855
1267,3,1,1,0.994506550251671
1268,1,1,1,0.9940373516567111
1269,4,1,1,0.9999261508038175
1270,4,1,0,0.001884285070608178
1271,6,1,1,0.8488060902055923
1272,6,1,1,0.9997909299407104
1273,4,1,1,0.6681407498095042
1274,6,1,0,0.2985998982702138
1275,5,1,0,0.020699760889978477
1276,9,1,1,0.9702577459265448
1277,4,1,1,0.9668585273670206
1278,3,1,0,0.029316812711970477
1279,1,1,1,0.9847024411856875
1280,5,1,1,0.9998557126316308
1281,8,1,1,0.990905133440021
1282,2,1,1,0.9569441864205426
1283,8,1,0,0.34599012887635033
1284,10,1,1,0.9995815162044811
1285,3,1,1,0.9015265679526823
1286,2,1,1,0.9996603950593688
1287,5,1,1,0.9998521132699592
1288,2,1,0,0.021007019733020108
1289,4,1,1,0.9985661534283459
1290,2,1,1,0.9985134657413088
1291,1,1,0,0.003513573091964795
1292,9,1,1,0.9992231168487122
1293,1,1,1,0.9994586436219488
1294,3,1,1,0.9994930185579616
1295,4,1,0,0.0016215603372728182
1296,3,1,1,0.9988027851431996
1297,4,1,1,0.948675955195112
1298,2,1,0,0.002398609425451055
1299,8,1,1,0.5316920100916265
1300,5,1,1,0.9562650307886567
1301,4,1,1,0.9995298898795351
1302,4,1,1,0.9953228523219422
1303,7,1,1,0.9985364947267908
1304,10,1,1,0.998648105183839
1305,9,1,0,0.2573786582459291
1306,10,1,1,0.9895781964266455
1307,3,1,0,0.008248389511822109
1308,6,1,1,0.9991898923800474
1309,4,1,1,0.9887021536934122
1310,8,1,1,0.999054911263868
1311,7,1,1,0.9985551503546515
1312,1,1,1,0.9994884529088581
1313,5,1,1,0.9782821232141261
1314,4,1,1,0.9976166098133624
1315,1,1,0,0.036773212668506014
1316,1,1,0,0.033823566049756545
1317,9,1,1,0.9989048522269909
1318,1,1,1,0.9907737452178773
1319,4,1,1,0.9848576119989515
1320,2,1,0,0.0002597603085006981
1321,5,1,0,0.05859961110901259
1322,4,1,0,0.008279847312851122
1323,4,1,1,0.9916501142105585
1324,4,1,0,0.008823228297062098
1325,9,1,0,0.0030083774121111807
1326,10,1,1,0.997920344969778
1327,1,1,1,0.7855155494115158
1328,5,1,0,0.18397478355769326
1329,10,1,1,0.9997050236365221
1330,7,1,1,0.9193659554312832
1331,2,1,0,0.1109610189753136
1332,1,1,1,0.9994864190792734
1333,5,1,1,0.999829483761919
1334,3,1,1,0.9997784691272642
1335,7,1,1,0.999845762414018
1336,8,1,1,0.9990554353506722
1337,3,1,1,0.9991367181548576
1338,7,1,1,0.9994360334012447
1339,10,1,1,0.9999592415742802
1340,1,1,1,0.9971050302532383
1341,9,1,1,0.9779131467388649
1342,7,1,1,0.998409437981367
1343,7,1,1,0.5356629029753243
1344,8,1,1,0.9993019241203946
1345,3,1,1,0.6200317269389035
1346,4,1,1,0.8230195877975195
1347,1,1,1,0.9997978658438971
1348,6,1,1,0.9277816013569142
1349,4,1,1,0.9996145759483037
1350,9,1,0,0.00568732333665631
1351,8,1,1,0.9985393440858455
1352,6,1,0,0.045778217258467785
1353,3,1,1,0.830782938478494
1354,7,1,1,0.9976358968630288
1355,3,1,1,0.869892410494843
1356,5,1,1,0.9957682603117393
1357,4,1,0,0.11170860061073072
1358,3,1,1,0.9965255720372863
1359,8,1,1,0.9998436053342977
1360,1,1,0,0.15643949533501586
1361,9,1,1,0.9999280543646505
1362,1,1,0,0.06908848801654413
1363,3,1,0,0.4113654701998197
1364,1,1,1,0.999247311725804
1365,3,1,1,0.9854046947015931
1366,9,1,1,0.7110266104730212
1367,4,1,0,0.011114119393394654
1368,10,1,1,0.999921682597344
1369,10,1,1,0.9994264308395076
1370,9,1,1,0.9901958862252684
1371,5,1,1,0.8540900455205023
1372,5,1,0,0.0003298992657839297
1373,4,1,1,0.9998136196080278
1374,6,1,0,0.17781320452566057
1375,10,1,1,0.9986987188053826
1376,7,1,1,0.9998936899364675
1377,5,1,1,0.9999424642008544
1378,1,1,1,0.9997804093638706
1379,3,1,0,0.019056082161510876
1380,8,1,1,0.9299912844491406
1381,8,1,1,0.9995035258533678
1382,6,1,1,0.9893667323460105
1383,4,1,1,0.9611038022633889
1384,4,1,0,0.4697989336570419
1385,3,1,1,0.9929213667788892
1386,4,1,1,0.6375295368354641
1387,9,1,1,0.8796058951433645
1388,3,1,0,0.13039971983535079
1389,5,1,1,0.9994854788077867
1390,1,1,1,0.5203579373645478
1391,8,1,1,0.999543667963467
1392,9,1,0,0.013023306870091976
1393,2,1,1,0.99784039713556
1394,3,1,1,0.9995415920751409
1395,7,1,1,0.9996379496051071
1396,10,1,1,0.9798898720223406
1397,3,1,1,0.9997215315553645
1398,5,1,0,0.09071719090716786
1399,1,1,1,0.9979766232130385
1400,5,1,0,0.04942891079169202
1401,3,1,1,0.9625877913365943
1402,1,1,1,0.9998618345226282
1403,1,1,0,0.0898268923566492
1404,7,1,1,0.5451877451149844
1405,9,1,1,0.9966722651917717
1406,5,1,1,0.9970203564507644
1407,9,1,0,0.2538833988954003
1408,10,1,1,0.9998582717821595
1409,4,1,1,0.94611516347007
1410,9,1,1,0.9957370520604641
1411,9,1,1,0.987953085124204
1412,2,1,1,0.9770038584240681
1413,10,1,0,0.2571663584631416
1414,5,1,0,0.005122182976190095
1415,4,1,1,0.9998817608110482
1416,8,1,0,0.01971418874713925
1417,3,1,1,0.9992337255965371
1418,1,1,0,0.3103240966497045
1419,8,1,1,0.99793403175069
1420,10,1,0,0.33330110331791474
1421,3,1,1,0.9478871442198539
1422,4,1,1,0.9953051718228849
1423,2,1,1,0.9996088983287335
1424,8,1,1,0.9998338285418724
1425,10,1,1,0.9937910676357116
1426,8,1,0,0.0017926209844117582
1427,10,1,1,0.9935927964852498
1428,9,1,1,0.8929690854206884
1429,1,1,1,0.9954828937598406
1430,8,1,1,0.9948286662177926
1431,5,1,1,0.999788566526985
1432,5,1,1,0.9721421795711258
1433,8,1,1,0.9996902535778096
1434,4,1,1,0.9992670949029201
1435,4,1,1,0.9983522126083677
1436,7,1,1,0.9900533555497131
1437,7,1,0,0.03009389876999585
1438,1,1,1,0.9991611035036814
1439,7,1,1,0.9993218747070163
1440,3,1,0,0.008130011685267077
1441,5,1,1,0.9994460848438224
1442,6,1,0,0.21851341845662262
1443,3,1,1,0.999220374401806
1444,8,1,1,0.8696066580835915
1445,7,1,1,0.9967789728010561
1446,9,1,0,0.23056759074376557
1447,1,1,1,0.9982457778347089
1448,4,1,1,0.9972182258571436
1449,6,1,1,0.9988578474522245
1450,3,1,1,0.9997754175356304
1451,10,1,0,0.006410472633786552
1452,4,1,1,0.9996628287454655
1453,4,1,1,0.9987807909545385
1454,6,1,1,0.9996553903391212
1455,6,1,1,0.9986950921133614
1456,7,1,0,0.13680562806697888
1457,8,1,1,0.9839188354548617
1458,6,1,1,0.9698014003665272
1459,9,1,1,0.9993774809527702
1460,7,1,1,0.9321323911970982
1461,8,1,1,0.9997744386361938
1462,3,1,1,0.9990781009192049
1463,9,1,1,0.9828986280267094
1464,4,1,1,0.9991539906399189
1465,1,1,1,0.9987965422568277
1466,3,1,0,0.09476970515210435
1467,5,1,1,0.9996730646824781
1468,2,1,1,0.9998677064355951
1469,10,1,0,0.18097190041444472
1470,6,1,0,0.03428818808973259
1471,2,1,1,0.9985624520018855
1472,7,1,0,0.03222699128997781
1473,9,1,1,0.9787942872578935
1474,1,1,1,0.6377443084840966
1475,8,1,1,0.9998581260921413
1476,5,1,0,0.004313998340778663
1477,7,1,1,0.9994106982827868
1478,9,1,1,0.99961129862819
1479,6,1,1,0.977337213288344
1480,5,1,1,0.9961418879161954
1481,2,1,1,0.9948349657690858
1482,9,1,0,0.08175645439028094
1483,10,1,1,0.9464889507528361
1484,2,1,0,0.0009243934055164706
1485,3,1,1,0.9999188202359337
1486,3,1,1,0.7594542239680218
1487,10,1,1,0.9537590952979935
1488,4,1,0,0.010488380054150166
1489,8,1,0,0.4336502289797687
1490,5,1,0,0.03830377719440156
1491,4,1,1,0.9999587451067983
1492,2,1,1,0.9988888798309876
1493,2,1,1,0.9989647187179708
1494,4,1,0,0.3849542744811928
1495,8,1,1,0.9971453434978579
1496,7,1,1,0.9995147813052694
1497,6,1,1,0.7398190481932382
1498,2,1,1,0.9999228139252145
1499,2,1,1,0.9996595982645844
1500,9,1,1,0.9990064207810383
1501,6,1,1,0.9080191255616403
1502,6,1,1,0.9995892451478825
1503,8,1,1,0.9999124397185142
1504,7,1,1,0.8686069781351073
1505,4,1,0,0.06709698400677164
1506,7,1,1,0.9997858122445544
1507,2,1,0,0.19512749402589924
1508,6,1,1,0.9988165176183106
1509,5,1,1,0.9070121568449749
1510,9,1,1,0.9992629728574365
1511,5,1,1,0.999659655920571
1512,7,1,1,0.9983572709047603
1513,3,1,1,0.9994000344257228
1514,9,1,1,0.9955007311590691
1515,8,1,1,0.9995347106331927
1516,1,1,1,0.9994458629926763
1517,4,1,1,0.9353019812688839
1518,8,1,0,0.007856649852685745
1519,4,1,0,0.35123756352789903
1520,10,1,1,0.998091363613606
1521,2,1,1,0.999036164850496
1522,1,1,1,0.9992649365055104
1523,4,1,0,0.04479437168967351
1524,7,1,1,0.6143810216362608
1525,9,1,1,0.904795406905395
1526,6,1,1,0.9999124279160724
1527,10,1,1,0.9825921273778735
1528,8,1,1,0.9967978311467607
1529,1,1,1,0.99952683447298
1530,9,1,1,0.9998526584194146
1531,9,1,0,0.2404527508680948
1532,10,1,1,0.999882952828685
1533,5,1,1,0.9994946704502987
1534,2,1,1,0.9999279037899742
1535,6,1,1,0.9997565067406713
1536,1,1,1,0.997210893446357
1537,2,1,1,0.9999523614511983
1538,10,1,0,0.18853431710333682
1539,4,1,1,0.9561293628514095
1540,1,1,1,0.9993488949920056
1541,9,1,1,0.9321038889942835
1542,1,1,1,0.9914865752949107
1543,6,1,0,0.028155229159417462
1544,4,1,0,0.038815772167025246
1545,1,1,1,0.9994965152121633
1546,8,1,1,0.9995455527345296
1547,6,1,1,0.9984711287354888
1548,3,1,0,0.23038752573420163
1549,2,1,1,0.9713769788287784
1550,2,1,1,0.9996781660410897
1551,8,1,1,0.5414061382801718
1552,3,1,1,0.9905270685872136
1553,6,1,1,0.9995871480855796
1554,6,1,0,0.03932144419191853
1555,4,1,1,0.9994943767278961
1556,3,1,0,0.00043260438244325936
1557,4,1,1,0.9977392225952846
1558,3,1,1,0.9506144095782594
1559,10,1,1,0.9198953650847135
1560,10,1,1,0.9997753349415646
1561,2,1,1,0.9992180268918548
1562,5,1,1,0.9960466772025576
1563,10,1,1,0.5413967825997625
1564,5,1,1,0.9865410443742436
1565,6,1,1,0.7958726151296479
1566,6,1,0,0.3394087648796584
1567,9,1,1,0.999643039200399
1568,4,1,1,0.9995864090858256
1569,7,1,1,0.9700128380696414
1570,7,1,0,0.3405493720445115
1571,5,1,1,0.9995460136582841
1572,6,1,0,0.13792732236834362
1573,3,1,1,0.999871738459734
1574,10,1,1,0.9983284585135829
1575,8,1,1,0.9187254998404728
1576,6,1,1,0.9996770439937772
1577,1,1,1,0.8953136282621107
1578,7,1,1,0.9997693305642598
1579,1,1,1,0.9995929763081395
1580,8,1,1,0.9979793509892663
1581,9,1,1,0.9988954243293138
1582,8,1,1,0.9975801970243299
1583,8,1,1,0.9111943750019385
1584,1,1,1,0.9998988750703927
1585,10,1,0,0.020017060079688207
1586,6,1,1,0.9469931469923185
1587,6,1,0,0.0007683689521493593
1588,9,1,0,0.06664304191089915
1589,4,1,1,0.9981796586188311
1590,6,1,1,0.9997515455137613
1591,5,1,1,0.9992707497035422
1592,10,1,1,0.9995801373561886
1593,10,1,1,0.997293671352889
1594,9,1,1,0.9984272678123852
1595,7,1,1,0.9980289688702859
1596,3,1,1,0.974356731647021
1597,1,1,1,0.9017725618412855
1598,4,1,1,0.9121717673742031
1599,4,1,0,0.13092007306092984
1600,6,1,1,0.999800922201624
1601,9,1,1,0.5651755337696117
1602,6,1,1,0.9998422854784119
1603,4,1,0,0.07930607102023914
1604,7,1,1,0.9995751286756589
1605,3,1,1,0.9993345558686877
1606,8,1,0,0.008597830905749537
1607,3,1,1,0.7630409168348647
1608,5,1,1,0.9979836818865512
1609,3,1,1,0.9991112517374698
1610,1,1,1,0.9996606674007107
1611,3,1,0,0.026421325752307278
1612,10,1,0,0.023702871314497727
1613,2,1,1,0.9996223402071951
1614,8,1,0,0.024142524844786566
1615,9,1,0,0.0063536829835721615
1616,9,1,1,0.9987283081367545
1617,2,1,1,0.9964215143685715
1618,7,1,1,0.9663199870010772
1619,9,1,1,0.9993748860007753
1620,5,1,0,0.32917207278609717
1621,1,1,1,0.9961737172374769
1622,10,1,0,0.3129761462205077
1623,9,1,0,0.12317631650047772
1624,9,1,1,0.9401179401779794
1625,4,1,1,0.9973100828369816
1626,8,1,1,0.9160965100363081
1627,8,1,1,0.8068708960289553
1628,2,1,1,0.9797247946668858
1629,2,1,1,0.9997713248304401
1630,5,1,1,0.9993874915806842
1631,10,1,1,0.9998109996857517
1632,2,1,1,0.8692322841859181
1633,2,1,1,0.9965076003263779
1634,2,1,1,0.982471719640925
1635,7,1,1,0.9947467963926085
1636,4,1,1,0.9940148697747405
1637,7,1,1,0.9955303493866678
1638,10,1,1,0.9347595770180075
1639,1,1,0,0.045517250177897935
1640,6,1,0,0.05769069777386733
1641,9,1,1,0.9463061803190251
1642,3,1,1,0.9994321096492615
1643,1,1,1,0.9997718665862158
1644,6,1,1,0.9857730457144613
1645,10,1,1,0.9994566378706016
1646,5,1,0,0.20378004381959894
1647,2,1,0,0.25657967211241983
1648,4,1,0,0.00496185666750708
1649,6,1,0,0.038201024593609856
1650,7,1,1,0.9963240991422404
1651,3,1,1,0.9997493540356526
1652,6,1,1,0.9998580241360748
1653,5,1,1,0.9998426035313055
1654,2,1,1,0.9996370091068651
1655,9,1,1,0.9963659210328419
1656,9,1,1,0.9850971637382997
1657,9,1,1,0.9974383141145762
1658,6,1,1,0.9419281339544321
1659,4,1,1,0.9997209103530498
1660,10,1,1,0.9736954477031925
1661,2,1,0,0.0619662229408296
1662,10,1,1,0.9480542243655272
1663,3,1,1,0.9975886585706879
1664,1,1,1,0.9848417560102931
1665,9,1,1,0.9920144657500036
1666,10,1,1,0.9997738381952617
1667,8,1,1,0.9995550063681669
1668,9,1,0,0.022053330431211098
1669,4,1,1,0.9998665882666395
1670,1,1,0,0.0092268206900742
1671,5,1,0,0.12090786417650803
1672,6,1,0,0.048920502978453156
1673,5,1,0,0.004814041602119775
1674,10,1,0,0.46705219009233956
1675,7,1,1,0.9979617955330873
1676,10,1,0,0.08386861240643245
1677,7,1,1,0.9783825532141353
1678,6,1,1,0.9994649745718105
1679,6,1,1,0.9989468649177304
1680,10,1,1,0.9995105446555773
1681,6,1,1,0.9941313227853945
1682,10,1,0,0.2696589499093883
1683,1,1,1,0.9992074879888274
1684,5,1,0,0.00834218543432934
1685,9,1,1,0.9493804863844884
1686,1,1,1,0.9705304764087532
1687,3,1,1,0.9918931045220509
1688,9,1,1,0.9997974313632365
1689,10,1,1,0.9998458188438336
1690,7,1,1,0.9953208687191625
1691,9,1,0,0.009912844824577289
1692,9,1,1,0.8752879544024441
1693,10,1,1,0.9930783959741287
1694,5,1,1,0.9998629630186358
1695,10,1,1,0.9950232052995112
1696,6,1,1,0.999822619597541
1697,9,1,1,0.9643537671611512
1698,7,1,1,0.9997369683298869
1699,1,1,0,0.0033318520158399055
1700,6,1,1,0.7590161663704884
1701,3,1,1,0.9913143019947774
1702,8,1,0,0.047656572332385724
1703,9,1,1,0.9985391353510498
1704,5,1,1,0.9995309695748626
1705,3,1,0,0.34578617751676527
1706,7,1,1,0.9984707940755938
1707,6,1,1,0.9995396355173669
1708,5,1,1,0.9989189396753654
1709,7,1,0,0.30420168794627983
1710,3,1,1,0.994925916218534
1711,6,1,1,0.9854943243402969
1712,7,1,1,0.99958388808334
1713,4,1,1,0.9692203739920214
1714,4,1,1,0.8787803624591991
1715,1,1,1,0.9979672130023515
1716,8,1,1,0.9023757672376145
1717,4,1,1,0.9999076546456722
1718,4,1,0,0.05494928830907758
1719,4,1,1,0.9997834752141816
1720,1,1,1,0.9987575743802355
1721,7,1,0,0.0019915883916303188
1722,4,1,1,0.997912085750854
1723,2,1,1,0.9997617830704091
1724,6,1,1,0.9997967122292015
1725,2,1,1,0.995799831156539
1726,10,1,1,0.9986008983901271
1727,4,1,1,0.9997880105344268
1728,5,1,1,0.9516483237787858
1729,3,1,1,0.9997059291150796
1730,5,1,1,0.8010442111477297
1731,6,1,1,0.9991905313501438
1732,10,1,1,0.9975691799580161
1733,6,1,1,0.8420710246810468
1734,10,1,1,0.7964966020948245
1735,1,1,0,0.003006615307583769
1736,7,1,0,0.0034371031720647283
1737,10,1,1,0.9997585736660337
1738,6,1,1,0.9997047254797309
1739,2,1,1,0.9976155310741452
1740,5,1,1,0.5609999018920369
1741,3,1,1,0.9998442947583256
1742,1,1,1,0.9997424306959147
1743,2,1,1,0.9995483885022194
1744,5,1,1,0.9996520141727809
1745,10,1,1,0.9885726863248376
1746,5,1,1,0.9998260509627224
1747,9,1,1,0.9846612932991576
1748,6,1,0,0.09853845018915774
1749,7,1,1,0.9963328900816308
1750,8,1,1,0.9992623786329309
1751,7,1,1,0.9988159352445022
1752,2,1,1,0.9860793060037681
1753,2,1,1,0.8999080585535277
1754,5,1,0,0.004146530591906934
1755,5,1,0,0.14181797779761832
1756,9,1,1,0.9995909046682746
1757,1,1,1,0.9996595696734745
1758,8,1,1,0.998125556363882
1759,8,1,1,0.985664632425103
1760,6,1,1,0.9992764118374206
1761,3,1,1,0.9901865791668456
1762,2,1,1,0.9974338190612171
1763,4,1,1,0.9989473737724978
1764,3,1,1,0.9995792442270149
1765,8,1,1,0.942536591372976
1766,3,1,1,0.9997797060414042
1767,1,1,0,0.046155173549460755
1768,10,1,1,0.7463344598998811
1769,2,1,1,0.9989530039710497
1770,7,1,1,0.9966763701768142
1771,4,1,1,0.9998640343231688
1772,9,1,0,0.14591359832053516
1773,1,1,1,0.9993457334248916
1774,9,1,1,0.84182089781771
1775,1,1,1,0.9994831291229977
1776,2,1,0,0.340410637885345
1777,9,1,1,0.9722776020373304
1778,9,1,1,0.9942082629445546
1779,6,1,1,0.7521631415006462
1780,4,1,1,0.9992541112898962
1781,10,1,1,0.9993488768016301
1782,8,1,1,0.999183352295635
1783,2,1,1,0.9969153752368367
1784,3,1,1,0.8727416508326233
1785,3,1,1,0.9994183519211386
1786,8,1,1,0.9660521039527988
1787,10,1,0,0.2585782160310087
1788,8,1,1,0.9998618408040127
1789,8,1,0,0.006311565123434203
1790,3,1,0,0.005071874379596923
1791,4,1,1,0.9986564086292098
1792,9,1,1,0.9998983439208491
1793,8,1,0,0.24649977174605375
1794,3,1,1,0.9964398790406868
1795,8,1,1,0.9998859065717005
1796,2,1,0,0.04244627277543497
1797,1,1,1,0.5003879956218527
1798,4,1,1,0.9383998722728488
1799,9,1,1,0.9998008030564998
1800,6,1,1,0.9988733211903255
1801,9,1,1,0.9989422159544386
1802,10,1,1,0.9989504347451206
1803,9,1,0,0.16229321582206677
1804,4,1,1,0.9994662053505023
1805,5,1,1,0.9997841904257025
1806,1,1,1,0.9998382079477572
1807,8,1,1,0.9979247437759544
1808,5,1,1,0.8573856271811755
1809,2,1,1,0.9996177431289881
1810,2,1,0,0.18883897817381676
1811,7,1,1,0.9998620476893423
1812,3,1,1,0.9998413994944375
1813,6,1,0,0.4790050650919899
1814,5,1,1,0.9998186761801127
1815,7,1,1,0.8552317056899328
1816,8,1,0,0.2729820427277161
1817,7,1,0,0.165418593091116
1818,1,1,1,0.9992895432132902
1819,9,1,0,0.08438453509245127
1820,9,1,1,0.9991024406876342
1821,9,1,1,0.9998957526219597
1822,10,1,1,0.812724765333168
1823,6,1,0,0.2275718440865621
1824,2,1,1,0.9991905802068712
1825,6,1,1,0.9836045049244069
1826,5,1,1,0.9708576436682661
1827,2,1,1,0.9999273757067741
1828,8,1,0,0.2388325119632426
1829,2,1,0,0.035024973098134
1830,4,1,1,0.999544395404516
1831,5,1,1,0.9996212316894872
1832,5,1,1,0.9994565969587741
1833,5,1,1,0.9624937693396243
1834,7,1,1,0.9999195980839517
1835,6,1,0,0.14391879579947578
1836,7,1,1,0.9995991729332392
1837,2,1,1,0.7809177469582471
1838,3,1,1,0.999581522707396
1839,1,1,1,0.9993826157586996
1840,6,1,1,0.792760518316492
1841,9,1,0,0.10753737099926795
1842,1,1,1,0.9998268228916464
1843,7,1,1,0.9998862777747014
1844,1,1,1,0.9834078707073071
1845,8,1,1,0.9225303169112524
1846,6,1,0,0.08894154413301437
1847,10,1,0,0.003938234038972277
1848,4,1,1,0.999721991133266
1849,2,1,1,0.9983107081408447
1850,9,1,1,0.9995555339269054
1851,2,1,1,0.9991886756110309
1852,6,1,1,0.9986546147336739
1853,1,1,0,0.01001561446252849
1854,6,1,1,0.6933469317327656
1855,7,1,1,0.9578002274455716
1856,4,1,1,0.9852341498231527
1857,6,1,0,0.0028768332530635706
1858,10,1,1,0.992670370011927
1859,10,1,1,0.9972267782347397
1860,10,1,1,0.9988301957500565
1861,5,1,1,0.6481673015081063
1862,3,1,1,0.7641058061470506
1863,9,1,1,0.9692715611277058
1864,3,1,1,0.9987048217423704
1865,6,1,1,0.9981235699018993
1866,4,1,1,0.9991881040098515
1867,9,1,0,0.17895148494405178
1868,5,1,1,0.9989724268915956
1869,2,1,1,0.9996702600198926
1870,4,1,0,0.2294985166374185
1871,9,1,1,0.9989828256820809
1872,7,1,1,0.9995553265699393
1873,4,1,1,0.9971206037413173
1874,3,1,1,0.9981529693712033
1875,9,1,1,0.9991431473319123
1876,2,1,1,0.9998242222296092
1877,1,1,1,0.9985843274371664
1878,4,1,1,0.9641330520566709
1879,1,1,0,0.3442100134442352
1880,7,1,0,0.4133434241639074
1881,5,1,1,0.8240273378222422
1882,10,1,1,0.9996001960740305
1883,8,1,1,0.8549453888324194
1884,3,1,1,0.9970862823233717
1885,2,1,1,0.9981013240894475
1886,5,1,0,0.16591569235616688
1887,5,1,1,0.9991150925218051
1888,7,1,1,0.9999366159178544
1889,1,1,0,0.2730670444624891
1890,5,1,1,0.9857616147572287
1891,6,1,0,0.16271769712027256
1892,8,1,1,0.9988430578866239
1893,6,1,0,0.0047785123565369
1894,6,1,0,0.27150422290392956
1895,6,1,0,0.005287716952981058
1896,10,1,0,0.030481479197313775
1897,7,1,1,0.9986410717186804
1898,8,1,1,0.9985063726931249
1899,5,1,1,0.6591973774359554
1900,5,1,1,0.9995880622697055
1901,6,1,1,0.9634140032552194
1902,1,1,1,0.9994983124950471
1903,9,1,1,0.6757352437195616
1904,5,1,0,0.2070932717582082
1905,1,1,1,0.9955413193580067
1906,10,1,1,0.9981506255693188
1907,6,1,1,0.9997752605346129
1908,9,1,1,0.9585856622353603
1909,10,1,1,0.9994203926360821
1910,10,1,0,0.44882910729717274
1911,8,1,0,0.4312462603210214
1912,3,1,1,0.9610942373056695
1913,6,1,1,0.6211550604129517
1914,5,1,1,0.9993119454362693
1915,8,1,1,0.5974869790096033
1916,9,1,1,0.9898556623743892
1917,1,1,1,0.9994995646421998
1918,10,1,1,0.5240615538291782
1919,5,1,1,0.9463445978268341
1920,2,1,1,0.999121065253921
1921,6,1,1,0.925502449233691
1922,9,1,1,0.9896932733326668
1923,1,1,0,0.2091969844640149
1924,6,1,1,0.801602782095408
1925,10,1,1,0.9995505138899012
1926,10,1,1,0.997719373691512
1927,3,1,0,0.1282499219158551
1928,3,1,0,0.03023616856248192
1929,4,1,1,0.9833666591794847
1930,5,1,1,0.9994129217786596
1931,4,1,1,0.9994782511077123
1932,9,1,1,0.9962416704044396
1933,5,1,1,0.9993194379150077
1934,10,1,1,0.9984780805507913
1935,5,1,1,0.9921400522428299
1936,1,1,0,0.11748988446492034
1937,4,1,1,0.9963630737840037
1938,9,1,1,0.9701646186967341
1939,2,1,1,0.9962590391585866
1940,7,1,1,0.634763103416987
1941,5,1,1,0.9998829458171741
1942,10,1,1,0.8729146922084194
1943,5,1,1,0.9618194397190984
1944,9,1,1,0.9979190356033805
1945,3,1,1,0.6455438083435554
1946,6,1,1,0.7253865150583265
1947,2,1,1,0.9991834062336203
1948,6,1,1,0.9915560628826883
1949,2,1,1,0.9999148120614513
1950,10,1,1,0.5850159090056741
1951,4,1,1,0.8728558816276224
1952,4,1,1,0.9963928785596403
1953,7,1,1,0.9994932604663973
1954,5,1,1,0.888165915494028
1955,5,1,1,0.9900746018974804
1956,2,1,1,0.9995005664054442
1957,2,1,1,0.9634097239321742
1958,6,1,0,0.02545247378199232
1959,5,1,0,0.06596484269921564
1960,1,1,1,0.9967200014525195
1961,9,1,0,0.3709758818071621
1962,6,1,1,0.9436830835733683
1963,9,1,1,0.9990381207939679
1964,1,1,1,0.868246747740044
1965,2,1,1,0.9950279662768526
1966,8,1,1,0.9994669117885842
1967,4,1,0,0.2611168630617348
1968,2,1,1,0.9967146591935648
1969,8,1,0,0.06000733764720774
1970,2,1,1,0.999549804297757
1971,9,1,0,0.12803687971632388
1972,10,1,1,0.998173804946098
1973,9,1,1,0.9692515165976974
1974,4,1,1,0.9982102461933621
1975,4,1,0,0.050984913846443464
1976,5,1,1,0.9914668479561006
1977,6,1,1,0.9995265677827542
1978,5,1,1,0.9829085531004216
1979,10,1,0,0.005674242477474797
1980,8,1,0,0.4385718489551883
1981,6,1,1,0.9959862767836714
1982,5,1,1,0.9993073925760962
1983,2,1,1,0.9284334361373042
1984,3,1,1,0.9994701707026882
1985,8,1,1,0.9992155438159785
1986,2,1,0,0.4495660617180164
1987,3,1,0,0.0017369922754864081
1988,10,1,0,0.001036174532938363
1989,8,1,0,0.031583796111845246
1990,2,1,1,0.7616195751051238
1991,2,1,1,0.9993131759950354
1992,5,1,1,0.7513674562754111
1993,7,1,1,0.9988732745580207
1994,9,1,0,0.1355473898916697
1995,7,1,1,0.9997644207924575
1996,7,1,0,0.005052484934284625
1997,6,1,1,0.9997708741190989
1998,3,1,1,0.9979193173211625
1999,6,1,1,0.9992275896224191
2000,1,1,1,0.9998562901263315
2001,6,1,1,0.9002196843065093
2002,7,1,1,0.9834569961992374
2003,10,1,0,0.031297776535211555
2004,8,1,1,0.9998392764674656
2005,2,1,1,0.9851090051116195
2006,7,1,1,0.9993125005118433
2007,2,1,1,0.9235577513283137
2008,9,1,1,0.701888850245949
2009,9,1,1,0.5769585992001868
2010,2,1,0,0.04719917793604897
2011,5,1,1,0.9996492671613126
2012,8,1,1,0.9902679930436626
2013,5,1,1,0.9997402582067854
2014,10,1,1,0.9994325233317769
2015,5,1,0,0.10349164897697381
2016,5,1,1,0.9982128204780993
2017,5,1,1,0.9988706817709632
2018,10,1,0,0.12580042812928888
2019,4,1,1,0.9993494120442643
2020,7,1,0,0.45181759793959797
2021,10,1,1,0.880203297417408
2022,8,1,1,0.9995355474515101
2023,9,1,1,0.9950094965364342
2024,8,1,1,0.9992777278052392
2025,9,1,1,0.9998793565898413
2026,10,1,1,0.8207847006849113
2027,2,1,1,0.817864042417648
2028,6,1,1,0.99948350894372
2029,2,1,0,0.03430224879144885
2030,7,1,1,0.8671386824589677
2031,5,1,0,0.06421577941194756
2032,8,1,0,0.1166108505051108
2033,5,1,1,0.8051282663187789
2034,8,1,0,0.011938331712778236
2035,4,1,1,0.9986870721736463
2036,9,1,1,0.5796513226893689
2037,5,1,1,0.9833334684613728
2038,6,1,1,0.9995441911782177
2039,3,1,1,0.9960334150790789
2040,4,1,1,0.9966589130322194
2041,10,1,1,0.9997743225877378
2042,3,1,1,0.9980353959398685
2043,8,1,0,0.04659696911421246
2044,10,1,1,0.9999200327288144
2045,10,1,1,0.9647442700547576
2046,9,1,1,0.9994671841871072
2047,9,1,1,0.8215757990116785
2048,9,1,1,0.9963141424970814
2049,6,1,1,0.9995448626340309
2050,3,1,0,0.4863857370591473
2051,9,1,1,0.9993372240022098
2052,8,1,1,0.5626273835533111
2053,4,1,0,0.09422680617538347
2054,8,1,1,0.9991433952226703
2055,9,1,1,0.7347830356146229
2056,5,1,1,0.9991907083760478
2057,5,1,1,0.969677037424463
2058,3,1,1,0.9997562165796942
2059,2,1,1,0.9999327906820995
2060,8,1,1,0.996216513867162
2061,2,1,1,0.6721138591958913
2062,3,1,1,0.999705776145027
2063,3,1,1,0.9992968091108355
2064,3,1,1,0.8817549994014204
2065,9,1,1,0.8250237277805779
2066,3,1,1,0.9995840200535495
2067,3,1,0,0.0007401148329863579
2068,8,1,1,0.9976753594685429
2069,6,1,0,0.0014830280935292214
2070,8,1,1,0.9991401108890808
2071,1,1,0,0.2568964358430003
2072,5,1,1,0.9997365485888783
2073,5,1,1,0.999042656717049
2074,10,1,1,0.9898972175919815
2075,3,1,1,0.9997227126211359
2076,6,1,0,0.1558847839713062
2077,6,1,1,0.9921818584469448
2078,3,1,1,0.9979882458613398
2079,3,1,1,0.9998723008920956
2080,1,1,1,0.9968263662181953
2081,5,1,1,0.9939100365949665
2082,10,1,1,0.8531320242467815
2083,5,1,1,0.9841078312392484
2084,6,1,1,0.9739858990783967
2085,8,1,1,0.9996667354717346
2086,8,1,0,0.006492251398636832
2087,1,1,1,0.9963939852705282
2088,10,1,0,0.2240121153532582
2089,5,1,1,0.9998193389788077
2090,6,1,1,0.9991116771440636
2091,9,1,0,0.26136737017821887
2092,4,1,1,0.7858893809434644
2093,2,1,1,0.9989677132417267
2094,3,1,1,0.9995452915882628
2095,6,1,1,0.999434166114851
2096,6,1,1,0.9992277726285833
2097,4,1,1,0.8526558079411644
2098,6,1,1,0.9995982995357588
2099,3,1,1,0.9996512241105312
2100,9,1,1,0.9348248154608856
2101,1,1,1,0.9996442582120638
2102,4,1,1,0.9786722296277379
2103,3,1,1,0.9991764142013251
2104,8,1,1,0.9992920207108079
2105,4,1,1,0.9996064792288821
2106,6,1,1,0.7175517418460038
2107,7,1,1,0.9995161683825191
2108,9,1,1,0.992051342834372
2109,7,1,1,0.9998777538994881
2110,4,1,0,0.0026807789168468935
2111,5,1,1,0.9940731032894843
2112,9,1,1,0.9612252252412763
2113,9,1,1,0.99977259812496
2114,6,1,1,0.9292155464884255
2115,10,1,0,0.10076481009066962
2116,1,1,1,0.999620575407745
2117,3,1,1,0.9976312800059404
2118,8,1,1,0.6485627173920769
2119,4,1,1,0.9995821172670187
2120,3,1,0,0.010022732264417786
2121,1,1,1,0.997622519501354
2122,5,1,1,0.8420114440570465
2123,4,1,1,0.9993046730318471
2124,9,1,1,0.9992489645945335
2125,6,1,0,0.0019123525264351114
2126,7,1,1,0.9998178786339376
2127,8,1,1,0.9678782734247108
2128,1,1,1,0.9899556741773822
2129,3,1,1,0.9976153002540862
2130,1,1,1,0.9941319539815628
2131,8,1,1,0.9997180665370184
2132,6,1,1,0.9988242131430247
2133,1,1,0,0.019218461106212364
2134,1,1,1,0.9226173995671076
2135,1,1,1,0.5236997439284683
2136,5,1,1,0.9998866432125939
2137,3,1,0,0.04452285732456843
2138,1,1,1,0.5948930453230206
2139,10,1,1,0.7442736665169134
2140,2,1,1,0.9979587727978434
2141,10,1,1,0.9990265768070592
2142,8,1,1,0.9996674120986219
2143,2,1,1,0.9989938807415251
2144,10,1,1,0.9971665404177137
2145,10,1,1,0.9957135510074971
2146,6,1,1,0.8092438478365747
2147,7,1,1,0.9998727965909849
2148,2,1,1,0.8976485315742886
2149,10,1,1,0.980399602318481
2150,7,1,1,0.9993107787204116
2151,7,1,1,0.9873681258023804
2152,2,1,1,0.9999427112241737
2153,6,1,1,0.9988103795413088
2154,6,1,1,0.5467077679444762
2155,5,1,1,0.9067748437175702
2156,4,1,1,0.9992067824651709
2157,9,1,1,0.998590132343133
2158,4,1,1,0.5905017009286007
2159,7,1,1,0.999590931941008
2160,2,1,1,0.9995409405452983
2161,2,1,1,0.9995445538937233
2162,2,1,1,0.991275682221709
2163,6,1,1,0.5368588815296218
2164,8,1,1,0.9996118027465843
2165,7,1,1,0.9998555921556458
2166,7,1,1,0.9993914546567564
2167,6,1,1,0.9961065509793472
2168,4,1,1,0.9745516363764082
2169,5,1,0,0.23337113761096762
2170,2,1,1,0.995435584385554
2171,6,1,1,0.9235057087030623
2172,1,1,1,0.8404214384900188
2173,5,1,1,0.9997327923085721
2174,1,1,0,0.25010064577546637
2175,7,1,1,0.9100798387095574
2176,8,1,1,0.9991531206695556
2177,7,1,1,0.9993646277315592
2178,4,1,1,0.9995584301302436
2179,6,1,1,0.987363318697204
2180,3,1,1,0.9933438218076613
2181,6,1,1,0.9995820381784624
2182,7,1,1,0.9977819911023998
2183,6,1,1,0.5626724742132629
2184,10,1,1,0.9996668718088948
2185,9,1,1,0.9800209472747285
2186,5,1,1,0.9991474073691441
2187,6,1,0,0.008233299778221799
2188,5,1,1,0.9152022421792098
2189,2,1,1,0.6719163461227398
2190,3,1,1,0.6567680452618161
2191,10,1,1,0.9989036167026095
2192,4,1,1,0.9818971969979555
2193,3,1,1,0.9998954785082945
2194,6,1,1,0.9983413045501717
2195,1,1,1,0.9995124526389872
2196,4,1,1,0.9977013771972206
2197,1,1,1,0.9489259503621064
2198,8,1,1,0.929576867972111
2199,1,1,1,0.9997215771168578
2200,8,1,1,0.993904007159357
2201,9,1,0,0.07320386039071274
2202,1,1,1,0.997383187738516
2203,5,1,0,0.2307375412046413
2204,1,1,1,0.9979062855889784
2205,2,1,0,0.02164539225526693
2206,3,1,1,0.8580716151919175
2207,5,1,1,0.9992051619323348
2208,6,1,1,0.964370399187111
2209,10,1,1,0.9998662736915525
2210,2,1,1,0.9996360109130458
2211,1,1,1,0.9975436906517117
2212,10,1,1,0.9983939115119846
2213,7,1,0,0.002970362655990804
2214,9,1,0,0.4122865231976916
2215,6,1,1,0.9937093378256994
2216,5,1,1,0.9994618617696869
2217,8,1,1,0.9809438431996209
2218,8,1,1,0.9783524034295792
2219,7,1,0,0.01407978607808659
2220,5,1,0,0.2910284429135383
2221,1,1,1,0.9998824988768518
2222,1,1,0,0.3735613006575913
2223,10,1,1,0.9957804362172484
2224,1,1,1,0.5299050736119842
2225,6,1,1,0.9974649375697795
2226,5,1,1,0.9989470497410733
2227,4,1,1,0.9994279941420563
2228,7,1,0,0.003708152471090264
2229,6,1,0,0.1608499635836511
2230,8,1,1,0.9998515023476253
2231,9,1,1,0.9558177268347494
2232,4,1,1,0.9996330902197139
2233,9,1,1,0.9998059537271629
2234,4,1,1,0.7045381110321497
2235,7,1,1,0.9997105538030566
2236,10,1,1,0.9898067855795676
2237,4,1,1,0.9973431274184242
2238,5,1,0,0.08328387984538976
2239,2,1,1,0.9981219854088057
2240,7,1,1,0.9998962257269257
2241,2,1,0,0.06884231812259548
2242,2,1,1,0.9687707112742361
2243,6,1,1,0.9987311717270204
2244,9,1,1,0.992522036144593
2245,1,1,1,0.9998217413142567
2246,6,1,1,0.9991585691954119
2247,7,1,1,0.9944838362395919
2248,6,1,1,0.9965492656269945
2249,5,1,1,0.9995182576242507
2250,2,1,0,0.004738441207829308
2251,4,1,1,0.9713349127323729
2252,7,1,1,0.9967848438351057
2253,2,1,1,0.9992758084428206
2254,10,1,1,0.9907863824755516
2255,8,1,0,0.2839021113336835
2256,3,1,1,0.9996996936860684
2257,2,1,1,0.9998501855406117
2258,7,1,0,0.19440483730393077
2259,6,1,0,0.16352738468099068
2260,4,1,1,0.9860568532150998
2261,7,1,0,0.08179891754754623
2262,5,1,1,0.9989140058123802
2263,5,1,0,0.48537949145676135
2264,2,1,0,0.25685493387025343
2265,10,1,0,0.04733659806492317
2266,7,1,1,0.7745076254869805
2267,1,1,0,0.04227493790514926
2268,1,1,1,0.9336080649015035
2269,8,1,1,0.6720559906544732
2270,7,1,1,0.9959514271413963
2271,2,1,0,0.39772180136558055
2272,4,1,1,0.9989893912330363
2273,3,1,1,0.9981888347517046
2274,5,1,0,0.12365001687532937
2275,4,1,1,0.8386041338826591
2276,4,1,0,0.022316606927769492
2277,4,1,0,0.01792255387978168
2278,10,1,0,0.39300708233781667
2279,1,1,0,0.009979633742845224
2280,9,1,1,0.988237855418245
2281,10,1,1,0.9989162763945323
2282,10,1,1,0.8399420205443988
2283,3,1,1,0.9996870425140545
2284,6,1,1,0.9203378500529347
2285,10,1,1,0.9857206285513047
2286,5,1,1,0.9999011018103207
2287,3,1,1,0.9998490778304352
2288,1,1,1,0.9991073711372609
2289,10,1,1,0.9757062296129205
2290,10,1,1,0.9995971919101321
2291,5,1,1,0.999905001747077
2292,9,1,1,0.9441727946129226
2293,9,1,1,0.9990298161428772
2294,2,1,0,0.04063613191212383
2295,5,1,1,0.617622247314171
2296,6,1,1,0.954332188063419
2297,8,1,0,0.012661618278174042
2298,10,1,0,0.06662831525829369
2299,6,1,1,0.9962959134171709
2300,5,1,0,0.21627340653358834
2301,9,1,1,0.9993676845533157
2302,6,1,1,0.9992371867164005
2303,6,1,1,0.9994411948429975
2304,2,1,0,0.005948976162589805
2305,2,1,1,0.9912195640030459
2306,1,1,0,0.0019482486398562657
2307,10,1,0,0.03423989999310094
2308,5,1,1,0.9961061709865962
2309,6,1,1,0.9973368608399953
2310,10,1,0,0.0032282316561642673
2311,6,1,0,0.25799740230293333
2312,4,1,1,0.8991838583960048
2313,3,1,1,0.9919106880309976
2314,5,1,1,0.7676719205243279
2315,1,1,1,0.9945171794698829
2316,6,1,0,0.010346883194901011
2317,3,1,1,0.9919786577470305
2318,4,1,1,0.9640044414594757
2319,8,1,1,0.9994591508465189
2320,1,1,1,0.9711750348839648
2321,7,1,1,0.9988497229657021
2322,10,1,1,0.8581822313209371
2323,7,1,1,0.9983215931887013
2324,7,1,1,0.7752958614452667
2325,6,1,1,0.925665583256797
2326,7,1,1,0.9476289183073177
2327,9,1,1,0.8851350158809201
2328,4,1,0,0.1334173213974724
2329,6,1,1,0.8085135898803185
2330,9,1,1,0.9749644099489612
2331,7,1,1,0.9990389287695953
2332,8,1,1,0.7864413624136546
2333,10,1,0,0.011984812713015514
2334,9,1,1,0.9998133836772427
2335,10,1,0,0.012019102580100645
2336,7,1,1,0.9995792519621667
2337,4,1,1,0.9994390806048865
2338,2,1,1,0.9994559127360698
2339,1,1,1,0.9997825732361827
2340,2,1,1,0.999381394219435
2341,10,1,1,0.9997116754955976
2342,6,1,1,0.540591834840169
2343,1,1,1,0.9359352056132557
2344,3,1,1,0.9993303412017568
2345,6,1,1,0.9912559029733535
2346,6,1,1,0.9984354683299795
2347,8,1,1,0.9809405450758525
2348,4,1,0,0.3344436816022418
2349,1,1,1,0.999651556258294
2350,10,1,1,0.990776167094428
2351,4,1,1,0.9998120620621442
2352,4,1,0,0.047579411783518086
2353,8,1,1,0.8174424803439055
2354,2,1,1,0.9994419920152466
2355,5,1,1,0.9940713412571213
2356,5,1,1,0.8319372787816257
2357,1,1,1,0.999788441970196
2358,4,1,1,0.9999459590633151
2359,6,1,0,0.03454219199426597
2360,10,1,1,0.999783825504008
2361,2,1,1,0.9734365066698651
2362,8,1,1,0.9994801740934192
2363,10,1,1,0.8781600217964958
2364,7,1,1,0.9964734654879647
2365,8,1,1,0.9996841487108639
2366,4,1,1,0.9998532627184491
2367,10,1,0,0.4613400000894569
2368,9,1,1,0.9362525767214032
2369,8,1,1,0.9850349440104667
2370,8,1,1,0.9794124400684128
2371,10,1,0,0.3892553190352659
2372,7,1,0,0.31185052862129103
2373,3,1,1,0.9994813904045088
2374,6,1,1,0.7374745129877012
2375,10,1,1,0.9999316594863117
2376,9,1,1,0.9890743658564192
2377,1,1,1,0.9996915052326116
2378,9,1,1,0.9966360942972163
2379,10,1,1,0.8143500723034001
2380,10,1,1,0.9999319706812195
2381,4,1,0,0.03760867556706319
2382,2,1,0,0.06518288034638826
2383,5,1,1,0.9984567538696459
2384,2,1,1,0.9993827106320797
2385,6,1,1,0.9424284917004921
2386,7,1,0,0.005417517560490527
2387,7,1,1,0.9671939301868437
2388,6,1,1,0.9993472706378312
2389,7,1,1,0.9965477029566123
2390,4,1,1,0.9898222644650227
2391,8,1,1,0.999400667540312
2392,1,1,1,0.9977964972682809
2393,4,1,1,0.9874341990508205
2394,4,1,1,0.7583813998070588
2395,3,1,1,0.9591461177325309
2396,10,1,1,0.9996749712674526
2397,3,1,1,0.994103665059463
2398,8,1,0,0.127423217617297
2399,1,1,0,0.42569587827493804
2400,9,1,1,0.997327167170935
2401,10,1,1,0.9994921818780165
2402,4,1,0,0.1636132993336193
2403,5,1,1,0.9995564395385463
2404,7,1,0,0.002197894648039896
2405,10,1,1,0.5290963731778575
2406,7,1,0,0.005762775466466567
2407,2,1,1,0.9994148614895373
2408,3,1,1,0.9998513760265684
2409,8,1,1,0.9936854634287285
2410,3,1,1,0.9999472443925871
2411,1,1,0,0.04396591356826115
2412,5,1,1,0.9993957771001347
2413,6,1,0,0.004285250269633388
2414,4,1,1,0.9723610031302287
2415,2,1,1,0.9993202365511862
2416,6,1,1,0.999025833020396
2417,3,1,1,0.9761903705003644
2418,3,1,0,0.2840287847400447
2419,9,1,1,0.9962355136377047
2420,3,1,1,0.9980461948877012
2421,3,1,1,0.9988977397599286
2422,6,1,1,0.9708105607316142
2423,8,1,1,0.9997540382286049
2424,8,1,1,0.9985547888222384
2425,3,1,1,0.9578522661049742
2426,4,1,1,0.9914217477067333
2427,10,1,1,0.7022180107544456
2428,4,1,0,0.07778009101846847
2429,8,1,1,0.9989620699293066
2430,10,1,0,0.1835426054517716
2431,7,1,0,0.44765603419214745
2432,1,1,1,0.9998123773678234
2433,3,1,1,0.9992961385353396
2434,6,1,1,0.995277729144186
2435,2,1,0,0.05127937286867428
2436,4,1,0,0.005727327913628143
2437,7,1,1,0.7224280280592927
2438,7,1,1,0.9995498365365829
2439,2,1,1,0.9997785466328403
2440,2,1,1,0.998235335274001
2441,3,1,1,0.9898226342599521
2442,2,1,1,0.9387282050272814
2443,4,1,1,0.9472926499803821
2444,10,1,1,0.8844734513740621
2445,10,1,1,0.913141057768098
2446,4,1,1,0.9996761448720397
2447,9,1,1,0.9967148581623035
2448,7,1,1,0.9980157690557174
2449,1,1,1,0.8843732120593837
2450,9,1,1,0.925610594133671
2451,10,1,0,0.0910079944958243
2452,2,1,1,0.988854761249355
2453,3,1,1,0.9373315086130138
2454,2,1,1,0.8723166730439178
2455,8,1,1,0.9267892713832075
2456,4,1,1,0.9831396331241005
2457,4,1,0,0.3078850527716257
2458,6,1,1,0.9997910872538901
2459,7,1,1,0.9988372514299886
2460,9,1,1,0.9915209839242238
2461,10,1,0,0.0035763119441419564
2462,9,1,0,0.020686493903065598
2463,9,1,1,0.9988333087356722
2464,10,1,0,0.38717080358848
2465,8,1,1,0.9971902280750481
2466,3,1,1,0.9996744337077312
2467,8,1,0,0.01174816906873103
2468,4,1,1,0.9599257867612461
2469,3,1,1,0.998361444296189
2470,4,1,1,0.6984789169446219
2471,8,1,1,0.9979970710327486
2472,4,1,1,0.999434935483699
2473,4,1,0,0.3267890902755036
2474,7,1,1,0.9997385333874886
2475,1,1,1,0.9263060751262933
2476,7,1,1,0.9998772703540235
2477,6,1,0,0.1765796949819708
2478,10,1,1,0.795244290246298
2479,6,1,1,0.9991295674472143
2480,5,1,1,0.9980306720178225
2481,7,1,0,0.023813219683611882
2482,3,1,1,0.9998817628946111
2483,1,1,1,0.750250684316475
2484,9,1,1,0.6287788347679398
2485,6,1,1,0.9986914450157394
2486,4,1,1,0.8237866238215537
2487,4,1,0,0.25881244249791824
2488,7,1,1,0.9892515108091693
2489,4,1,0,0.267318261309517
2490,10,1,1,0.9998938678347167
2491,3,1,1,0.9994608233850935
2492,10,1,1,0.9999012913566874
2493,1,1,1,0.9996188921464654
2494,7,1,1,0.9515627598032708
2495,5,1,1,0.9643229699800026
2496,3,1,0,0.47041343474673036
2497,4,1,0,0.01771492490209883
2498,2,1,1,0.9962005002070605
2499,2,1,1,0.9562710558515712
2500,1,1,1,0.9999140888827727
2501,2,1,0,0.10827000163623113
2502,1,1,1,0.9941695015278228
2503,10,1,1,0.7384294268893719
2504,2,1,1,0.9980408985635805
2505,9,1,0,0.12702647347156343
2506,6,1,1,0.9997860197081018
2507,10,1,0,0.02510833541096067
2508,9,1,1,0.9822021633095499
2509,10,1,0,0.19283317831940006
2510,9,1,1,0.9147269434486018
2511,1,1,0,0.005002757691375915
2512,8,1,1,0.6590703275436539
2513,3,1,0,0.0025032094581939265
2514,9,1,1,0.9994216030151818
2515,2,1,1,0.890033898972489
2516,6,1,1,0.8370077570961472
2517,9,1,1,0.9878426472596302
2518,6,1,1,0.5195790292046011
2519,8,1,1,0.998792363537418
2520,9,1,0,0.15303388031619347
2521,7,1,1,0.9990633290161859
2522,1,1,0,0.1725657958906913
2523,10,1,1,0.9972140692484028
2524,8,1,1,0.9998536114869989
2525,2,1,1,0.9993608252227122
2526,3,1,1,0.9890881874428793
2527,5,1,1,0.9998368123320659
2528,6,1,0,0.00045992063594109845
2529,9,1,1,0.5496081384534752
2530,7,1,0,0.05746819996642357
2531,5,1,1,0.9994343963524135
2532,10,1,1,0.9992620229472051
2533,3,1,0,0.05630490034807577
2534,5,1,1,0.6491870278014227
2535,5,1,0,0.21959726726590173
2536,8,1,1,0.9996137466908848
2537,6,1,1,0.9936621516968369
2538,8,1,1,0.8163216626018688
2539,1,1,0,0.3626131244626364
2540,4,1,0,0.0203668617273879
2541,4,1,1,0.9999100291273149
2542,2,1,1,0.9916971447135083
2543,8,1,1,0.9951978937748781
2544,7,1,0,0.0005351177588152449
2545,4,1,0,0.05372316528626372
2546,8,1,1,0.9993083318999583
2547,2,1,1,0.9993392385708963
2548,7,1,1,0.9998522563941442
2549,3,1,1,0.999803484178134
2550,9,1,1,0.9164946731025001
2551,2,1,1,0.9996356534947011
2552,3,1,1,0.9998543249283252
2553,7,1,1,0.9992688320409204
2554,1,1,1,0.9973158710847165
2555,4,1,0,0.39039274169354066
2556,4,1,1,0.9997726934942868
2557,2,1,0,0.4318223095615903
2558,8,1,0,0.2277775694308714
2559,7,1,1,0.9999002700069446
2560,2,1,1,0.999722012315084
2561,7,1,1,0.9970441538075234
2562,4,1,1,0.9298095550361867
2563,8,1,1,0.9996459095540913
2564,7,1,0,0.030909115555533537
2565,3,1,1,0.9997768913510856
2566,6,1,0,0.01894764058529224
2567,3,1,1,0.9989748149901034
2568,3,1,1,0.9979870451956454
2569,4,1,0,0.24868983539826825
2570,5,1,1,0.9989935068731437
2571,3,1,1,0.9993325124651603
2572,5,1,1,0.9995017294693808
2573,7,1,1,0.9987242246706811
2574,1,1,0,0.0020009702827715518
2575,8,1,1,0.9996415158097396
2576,3,1,1,0.9809931781138205
2577,10,1,1,0.9998530855092631
2578,9,1,1,0.6707191420602796
2579,8,1,1,0.9927317481094278
2580,8,1,1,0.9853215662080947
2581,7,1,1,0.99994279017003
2582,3,1,0,0.21342434725206091
2583,6,1,1,0.642572024170618
2584,3,1,0,0.05408032710647615
2585,1,1,0,0.06179697185837139
2586,4,1,1,0.9972893824192126
2587,8,1,1,0.9989026106389328
2588,3,1,1,0.9151095005146737
2589,6,1,1,0.9992116618004556
2590,3,1,1,0.9995496280009547
2591,1,1,1,0.9991341858862627
2592,3,1,1,0.9985843224076569
2593,7,1,1,0.9981393277492681
2594,6,1,1,0.9999483859117552
2595,2,1,1,0.9997596349648815
2596,8,1,0,0.001548860306669132
2597,3,1,1,0.9525272103116632
2598,1,1,0,0.022970985915744466
2599,4,1,0,0.03507132378170967
2600,6,1,1,0.5682850006915263
2601,8,1,0,0.22376890241515462
2602,3,1,1,0.9982399406016803
2603,9,1,1,0.9985922273041209
2604,6,1,1,0.999352426035501
2605,6,1,1,0.9997651178938157
2606,10,1,1,0.999424339318591
2607,3,1,1,0.9864851101197061
2608,1,1,1,0.8842079238134175
2609,9,1,0,0.003949794930212726
2610,7,1,0,0.42468901401106796
2611,3,1,1,0.8686190377870424
2612,5,1,1,0.9992957090081965
2613,1,1,1,0.9746569435298762
2614,2,1,1,0.9997579807201442
2615,3,1,1,0.5739512151698598
2616,3,1,0,0.013738359056766689
2617,3,1,1,0.9986273219457331
2618,8,1,1,0.9989029041769508
2619,10,1,0,0.4035672077957829
2620,6,1,0,0.04284635452984999
2621,8,1,1,0.998829364665836
2622,3,1,1,0.9998806558575035
2623,5,1,1,0.998988097731137
2624,1,1,1,0.980436602150553
2625,10,1,1,0.9946874659815355
2626,3,1,1,0.9998255659030669
2627,10,1,1,0.998281028474848
2628,3,1,1,0.9998122784505836
2629,8,1,1,0.9705688678522677
2630,8,1,1,0.848264828117306
2631,7,1,1,0.9987111888611475
2632,7,1,1,0.9994431824948695
2633,2,1,1,0.9987646957113856
2634,6,1,1,0.940460029590407
2635,4,1,1,0.9910935266079808
2636,4,1,0,0.09343132225887932
2637,8,1,1,0.9994248425730725
2638,4,1,0,0.10217280134255108
2639,4,1,1,0.9994748587963651
2640,4,1,0,0.04245911730446521
2641,6,1,1,0.9965638541973246
2642,5,1,0,0.14111714323401398
2643,5,1,1,0.9974945057473077
2644,5,1,1,0.9540527119825646
2645,3,1,1,0.9992780689918868
2646,5,1,1,0.6333928060331486
2647,2,1,1,0.9992015246602659
2648,8,1,0,0.1474119509395978
2649,8,1,1,0.9996895516970576
2650,4,1,1,0.9995820952995167
2651,8,1,0,0.028051879590256207
2652,7,1,1,0.6641187422865397
2653,9,1,0,0.2965512456454903
2654,2,1,0,0.29880352700284685
2655,4,1,0,0.0679719459203509
2656,4,1,1,0.9998803447093998
2657,5,1,1,0.976395872041245
2658,6,1,1,0.9997470774096864
2659,1,1,1,0.927222859125582
2660,2,1,0,0.0033552889232094283
2661,6,1,1,0.998634717763299
2662,1,1,1,0.9993586427841994
2663,1,1,1,0.996410724176606
2664,4,1,1,0.9998142223438351
2665,4,1,1,0.9997289178831426
2666,5,1,1,0.9994811875932377
2667,9,1,1,0.9742510538515547
2668,7,1,1,0.9995352872131533
2669,5,1,0,0.3591265105565902
2670,9,1,0,0.0004234211123539031
2671,9,1,1,0.9992416934315567
2672,2,1,1,0.9982313094864295
2673,8,1,1,0.9997393762746501
2674,5,1,1,0.9935218155797101
2675,10,1,0,0.06436880958339254
2676,2,1,1,0.9961087714763176
2677,6,1,1,0.9987700634699046
2678,8,1,1,0.9996327633021355
2679,1,1,1,0.836574928030624
2680,8,1,1,0.9991090458090592
2681,4,1,0,0.002515268113324959
2682,8,1,1,0.9995837126771063
2683,6,1,0,0.0006753893735557461
2684,6,1,1,0.9997639146627141
2685,1,1,1,0.9997210275758128
2686,9,1,1,0.9821350672919571
2687,6,1,1,0.9116732747015986
2688,9,1,1,0.999765988827606
2689,3,1,1,0.5095521950356041
2690,8,1,1,0.9890713780104599
2691,9,1,0,0.0921442990990666
2692,5,1,1,0.5539141277567492
2693,10,1,1,0.997576734303048
2694,5,1,0,0.012585961468648408
2695,2,1,1,0.9998060052589689
2696,7,1,1,0.9989579235472615
2697,2,1,0,0.014737711741271194
2698,3,1,1,0.9999247347330587
2699,1,1,1,0.9995488339288434
2700,8,1,1,0.9993110519084285
2701,10,1,1,0.7533916230241042
2702,7,1,1,0.9998213349746562
2703,4,1,1,0.9976571100127671
2704,4,1,0,0.3937839981471892
2705,10,1,0,0.1910848198412231
2706,10,1,1,0.6383649164042355
2707,4,1,1,0.9993335003367807
2708,3,1,1,0.9988278614330561
2709,8,1,1,0.9939158447736124
2710,2,1,1,0.9998933303869088
2711,4,1,1,0.9720184105119162
2712,5,1,1,0.9993124306548637
2713,3,1,1,0.9998832283566307
2714,6,1,1,0.9998747026525981
2715,8,1,0,0.0327471755139076
2716,7,1,1,0.9089608484545257
2717,1,1,1,0.9151620544128722
2718,5,1,1,0.9998856471099093
2719,10,1,1,0.9058061268189288
2720,5,1,0,0.22931678560887814
2721,1,1,1,0.9997541334679709
2722,4,1,1,0.9999193279368561
2723,7,1,1,0.9995940422658052
2724,2,1,1,0.999692881652978
2725,1,1,1,0.5813698382425241
2726,3,1,1,0.5318234034015382
2727,10,1,1,0.9995189990618731
2728,5,1,1,0.99977512201079
2729,1,1,0,0.01945701127012244
2730,10,1,1,0.753042794238766
2731,2,1,0,0.37408290773078806
2732,4,1,1,0.9927738903188891
2733,10,1,1,0.9991492598246332
2734,1,1,1,0.9956965939702913
2735,2,1,1,0.9996901427719804
2736,9,1,1,0.9964485006813093
2737,9,1,1,0.9997916921398433
2738,1,1,1,0.994973279514805
2739,6,1,1,0.9925126868106884
2740,2,1,0,0.0013663953425176272
2741,6,1,0,0.06193275290629985
2742,5,1,1,0.9984670412980569
2743,9,1,1,0.9988599590351668
2744,2,1,1,0.9999271529928588
2745,7,1,1,0.9973782474192294
2746,3,1,0,0.4810663297426745
2747,7,1,1,0.8585628422249323
2748,7,1,1,0.9980648863004025
2749,8,1,0,0.20931112639151145
2750,3,1,1,0.9990640418563026
2751,1,1,1,0.7221165965580504
2752,2,1,1,0.9999193811167109
2753,2,1,1,0.9983885320956825
2754,2,1,0,0.09673873312434174
2755,9,1,1,0.999138690153269
2756,1,1,0,0.10738081136840114
2757,7,1,1,0.9996385714029704
2758,9,1,0,0.0029861889334139007
2759,1,1,0,0.4028487967745896
2760,6,1,1,0.9994489564154293
2761,1,1,1,0.6665208996634533
2762,7,1,0,0.01780482195795973
2763,6,1,0,0.08762879647901375
2764,7,1,1,0.9706452747164702
2765,9,1,0,0.16244024540817548
2766,7,1,1,0.9911741399020563
2767,9,1,1,0.9982297088964942
2768,5,1,0,0.4393707452460739
2769,4,1,1,0.9299043961124704
2770,8,1,1,0.998359715028526
2771,10,1,1,0.708244364665761
2772,2,1,1,0.9991714337855446
2773,4,1,1,0.9989942236664573
2774,5,1,1,0.9996692016931797
2775,10,1,1,0.9998839094928635
2776,5,1,1,0.9181627170653075
2777,2,1,1,0.997486056218581
2778,10,1,1,0.9993470571388098
2779,1,1,1,0.9993161312786848
2780,8,1,1,0.9936299842482168
2781,10,1,0,0.17445742182345716
2782,3,1,1,0.9997018034870502
2783,1,1,1,0.9989517384561781
2784,9,1,0,0.05114485702980696
2785,1,1,1,0.9985081023971417
2786,1,1,1,0.9978833211770872
2787,5,1,1,0.9947515820061601
2788,9,1,1,0.9954054003611268
2789,1,1,1,0.9997587794565167
2790,5,1,1,0.999700524912654
2791,7,1,1,0.9596295818136553
2792,5,1,0,0.08407045398785809
2793,6,1,0,0.1711306364805941
2794,5,1,0,0.1844410010391888
2795,4,1,1,0.9963630737840037
2796,5,1,1,0.9995746712570828
2797,1,1,1,0.9977911834238891
2798,7,1,1,0.8812066200840414
2799,10,1,1,0.984014337471496
2800,5,1,1,0.9998432583585253
2801,8,1,0,0.0019157154643137618
2802,9,1,0,0.04155222944789401
2803,6,1,1,0.983845340483666
2804,10,1,1,0.9994984890347405
2805,3,1,1,0.9997309223666196
2806,7,1,0,0.3527082030866582
2807,2,1,1,0.9988917470842058
2808,4,1,0,0.24170002616345004
2809,8,1,1,0.9996010081649012
2810,7,1,1,0.9908215614512151
2811,4,1,1,0.996109601440497
2812,10,1,1,0.9997949594410143
2813,1,1,1,0.8923021453641632
2814,2,1,1,0.9914158773296016
2815,10,1,1,0.9993129013049509
2816,8,1,1,0.9860469118083893
2817,5,1,0,0.01656634618035277
2818,10,1,1,0.9992171375134868
2819,10,1,1,0.999767648931023
2820,8,1,1,0.9786921642765491
2821,4,1,1,0.8887097865401639
2822,10,1,1,0.9934843417502426
2823,10,1,1,0.8583239612226967
2824,10,1,1,0.96592001475862
2825,10,1,0,0.13973154572637994
2826,3,1,1,0.9945299024237341
2827,5,1,1,0.5150402683275568
2828,1,1,1,0.9941665251704918
2829,1,1,0,0.0009037712233020943
2830,8,1,1,0.9998874543718461
2831,3,1,1,0.9999247347330587
2832,1,1,1,0.9998435858385079
2833,2,1,1,0.9997669546599041
2834,3,1,0,0.017987203375618134
2835,10,1,1,0.9925570078920494
2836,8,1,0,0.1471701106548515
2837,6,1,0,0.3918448301933419
2838,8,1,1,0.9598842908369376
2839,10,1,1,0.9992321919992303
2840,10,1,0,0.28856432308714064
2841,8,1,1,0.6463229960063803
2842,7,1,0,0.0007956217749753658
2843,4,1,1,0.6858630582639293
2844,9,1,0,0.17209600857101062
2845,3,1,0,0.08845697188024362
2846,10,1,1,0.9999225698452118
2847,5,1,1,0.9994639476107592
2848,7,1,1,0.9776135825705936
2849,2,1,1,0.9995047372070456
2850,1,1,1,0.999523014747812
2851,4,1,1,0.9987468748585207
2852,8,1,0,0.002666202673272429
2853,5,1,1,0.999289233288918
2854,10,1,0,0.17313075674439563
2855,1,1,0,0.022216853087303135
2856,6,1,1,0.9392859366356399
2857,5,1,0,0.24219073150677906
2858,8,1,0,0.03248193926199491
2859,4,1,1,0.9992799428467536
2860,3,1,1,0.9887116153806739
2861,2,1,1,0.9645717473504716
2862,2,1,1,0.918180395003938
2863,9,1,1,0.9996389148194996
2864,8,1,1,0.9457308082706777
2865,6,1,1,0.9997138939718255
2866,3,1,1,0.8959041399606307
2867,7,1,0,0.06095984642051064
2868,10,1,0,0.06058493792435421
2869,10,1,1,0.9997660844292566
2870,3,1,1,0.9462788343796374
2871,4,1,1,0.9950028163080928
2872,2,1,1,0.9719945353594
2873,2,1,0,0.390872902743166
2874,10,1,1,0.9710015985976478
2875,5,1,0,0.050522505322449826
2876,8,1,1,0.9978292966091662
2877,7,1,1,0.9999312226110664
2878,4,1,0,0.3760121670931204
2879,4,1,1,0.9994852030077035
2880,9,1,0,0.07807945028998003
2881,10,1,1,0.8364608674220769
2882,1,1,0,0.10281175376052812
2883,2,1,1,0.9990856500686955
2884,6,1,1,0.9998130431702292
2885,1,1,1,0.9971375979563526
2886,8,1,1,0.9992484594135862
2887,9,1,1,0.999416709681543
2888,4,1,1,0.9999483799703621
2889,3,1,1,0.9271976386091201
2890,4,1,0,0.1150761768556192
2891,8,1,1,0.9984252080694102
2892,3,1,1,0.9996869516673915
2893,8,1,1,0.9914402488895167
2894,7,1,0,0.028614282061747452
2895,2,1,0,0.15282768435429822
2896,8,1,1,0.9849984581928781
2897,10,1,1,0.9998931509509084
2898,9,1,1,0.999723020716206
2899,2,1,1,0.9246257267162228
2900,2,1,1,0.9971308651400057
2901,4,1,0,0.04274841642716798
2902,8,1,1,0.9996458045131905
2903,10,1,1,0.9999526937572878
2904,6,1,1,0.9994301645868634
2905,5,1,1,0.9998402074445615
2906,2,1,1,0.5744231907861455
2907,7,1,1,0.9994573522186208
2908,9,1,1,0.9994447613984154
2909,6,1,1,0.9999014800731107
2910,6,1,1,0.5262536281194758
2911,3,1,0,0.018154912210895387
2912,8,1,0,0.09588944189316792
2913,9,1,1,0.999020906600746
2914,2,1,1,0.9962549357806978
2915,8,1,0,0.21147064683817213
2916,2,1,1,0.9953696317502243
2917,2,1,1,0.9781698640109159
2918,6,1,1,0.9997026299503708
2919,5,1,0,0.15581529599433686
2920,10,1,0,0.25552976104809266
2921,1,1,1,0.9998196262417305
2922,6,1,1,0.9998457363816229
2923,2,1,1,0.998100521682973
2924,9,1,1,0.9940184683952125
2925,2,1,0,0.1967786852489385
2926,8,1,1,0.9986151985408875
2927,7,1,1,0.9972873906280519
2928,5,1,1,0.9998541550019938
2929,8,1,1,0.9998090194977832
2930,3,1,1,0.999770158125214
2931,2,1,1,0.9993142971389606
2932,9,1,1,0.9679485432612074
2933,3,1,1,0.9998055491271103
2934,1,1,1,0.999829777493749
2935,3,1,0,0.0575261634809916
2936,5,1,0,0.1631256282133715
2937,3,1,0,0.02944355030232335
2938,6,1,1,0.9997785098613519
2939,2,1,1,0.9986209972120945
2940,4,1,1,0.9996807973518156
2941,3,1,1,0.9996650754849197
2942,10,1,1,0.9994226335645688
2943,7,1,0,0.07451050553560597
2944,2,1,0,0.35614902232997336
2945,7,1,1,0.999676824344405
2946,6,1,1,0.7817828583044579
2947,3,1,1,0.9980273735784524
2948,3,1,1,0.9998708287294791
2949,2,1,0,0.040048476781438386
2950,6,1,1,0.9975204020177046
2951,7,1,1,0.998789983888993
2952,1,1,1,0.9988169426462936
2953,7,1,1,0.9755987817072218
2954,7,1,1,0.9980289688702859
2955,9,1,1,0.9994430282468214
2956,5,1,1,0.9647394390636941
2957,9,1,1,0.9997182202252729
2958,10,1,0,0.006880781887154461
2959,4,1,0,0.3373297811370478
2960,4,1,1,0.9980676471231107
2961,3,1,1,0.9995373801156535
2962,5,1,1,0.9921798698822248
2963,1,1,1,0.9990204148505165
2964,4,1,0,0.00797098801914016
2965,5,1,1,0.9999001357917918
2966,2,1,1,0.9876799493932487
2967,6,1,1,0.9999041975527897
2968,5,1,1,0.5436014581158525
2969,9,1,1,0.695623093100592
2970,10,1,1,0.9997754668683312
2971,6,1,1,0.9872094687207651
2972,1,1,1,0.9998093499401468
2973,6,1,1,0.998718625845983
2974,3,1,1,0.9990047613781172
2975,10,1,1,0.9942528724902127
2976,10,1,1,0.8934989155887788
2977,2,1,1,0.9897511804585634
2978,9,1,1,0.999179072593965
2979,10,1,1,0.8954520113321104
2980,10,1,0,0.015541735908386114
2981,8,1,0,0.235338168882246
2982,10,1,1,0.7350040119522083
2983,8,1,1,0.9765639043181124
2984,3,1,1,0.9586284187333598
2985,4,1,0,0.0009050669323081851
2986,6,1,1,0.9652588439435856
2987,8,1,1,0.9954795985891105
2988,7,1,1,0.9990009645548119
2989,4,1,1,0.9004687061330533
2990,7,1,0,0.0064961413556756985
2991,6,1,1,0.8821457866736626
2992,6,1,1,0.999863096395394
2993,5,1,1,0.9996749297553573
2994,6,1,1,0.9181967844700702
2995,7,1,1,0.9970342977249642
2996,3,1,1,0.9999206889802336
2997,8,1,1,0.922066331428611
2998,8,1,1,0.9981105836750896
2999,9,1,1,0.9994607491005013
3000,5,1,1,0.9991811416398308
3001,5,1,1,0.9991915747252145
3002,4,1,1,0.996613473766295
3003,3,1,1,0.5353302078343148
3004,9,1,0,0.002190413969661243
3005,5,1,1,0.9997409091153096
3006,6,1,1,0.7170728971200424
3007,9,1,1,0.8880571376454358
3008,5,1,0,0.07907451866619003
3009,9,1,1,0.9890455995060554
3010,3,1,1,0.9719560112379805
3011,10,1,1,0.9975084110760613
3012,3,1,1,0.9982346081263427
3013,2,1,0,0.05317214561090329
3014,4,1,1,0.9999206322504623
3015,1,1,1,0.9994703549473982
3016,1,1,1,0.7659172842501896
3017,2,1,1,0.6335464072829438
3018,8,1,1,0.9987379121625677
3019,3,1,1,0.876090255499263
3020,3,1,1,0.9971527276521535
3021,6,1,0,0.24699959486977555
3022,1,1,1,0.9895210305051902
3023,3,1,0,0.4902112380285504
3024,3,1,1,0.9987662586897794
3025,8,1,0,0.22995086440360973
3026,4,1,1,0.999518240075759
3027,4,1,1,0.9997141099679556
3028,1,1,1,0.9770886404162233
3029,4,1,1,0.9993531122536456
3030,9,1,0,0.17466083527318543
3031,1,1,0,0.05635541729843109
3032,3,1,0,0.03958043873415919
3033,9,1,1,0.9539288815802087
3034,7,1,1,0.9413928485524685
3035,10,1,1,0.9979302202539518
3036,8,1,1,0.9988306896042802
3037,6,1,1,0.9970749083540115
3038,9,1,1,0.9986169910909921
3039,4,1,1,0.9959349421191483
3040,3,1,1,0.9862850461874273
3041,3,1,1,0.9994875557131822
3042,5,1,1,0.9988141191905493
3043,2,1,1,0.9888975891991136
3044,9,1,0,0.010369073175605648
3045,5,1,1,0.9301385359041384
3046,2,1,1,0.9989854011492049
3047,2,1,1,0.8849074783113646
3048,1,1,1,0.6543285011997195
3049,1,1,1,0.9836511295497633
3050,8,1,1,0.9998430690936488
3051,5,1,1,0.8080289264426526
3052,2,1,1,0.9997081682832698
3053,6,1,1,0.9948642433349156
3054,6,1,1,0.9997751136797635
3055,7,1,1,0.9993561787410976
3056,4,1,1,0.9904962034684022
3057,4,1,1,0.9418610023204106
3058,5,1,1,0.6806254143454409
3059,3,1,1,0.9989283992556757
3060,4,1,1,0.705418240728564
3061,6,1,1,0.9983409258909486
3062,7,1,1,0.9996673201293169
3063,1,1,1,0.9981463383286354
3064,4,1,1,0.9870763595955272
3065,5,1,0,0.027258365214620627
3066,9,1,1,0.9993763296080236
3067,6,1,1,0.9987172661633121
3068,7,1,1,0.8699764114527077
3069,8,1,1,0.9989769119315703
3070,8,1,1,0.9982807170347949
3071,2,1,0,0.06145228557483523
3072,10,1,1,0.9313020094559061
3073,4,1,1,0.8583121635104196
3074,2,1,0,0.02441254518426946
3075,8,1,1,0.9994656836249178
3076,4,1,1,0.9999025947563953
3077,4,1,1,0.9682434850539188
3078,2,1,0,0.05560456085657901
3079,6,1,1,0.9988250465796911
3080,5,1,0,0.4156979578286414
3081,5,1,0,0.13929771277075328
3082,3,1,1,0.9997941779272348
3083,8,1,1,0.9987147502911234
3084,3,1,1,0.998781409059719
3085,4,1,0,0.0351043017032666
3086,2,1,1,0.9687707112742361
3087,7,1,1,0.9997159292358467
3088,8,1,1,0.9998190038699897
3089,5,1,1,0.9957999966028113
3090,9,1,1,0.9996659147296991
3091,10,1,1,0.9655599186659627
3092,5,1,1,0.9621895006118908
3093,3,1,1,0.998946144472471
3094,7,1,1,0.9976507011268669
3095,1,1,0,0.003057232343530803
3096,6,1,0,0.01631626113122827
3097,10,1,1,0.9997191325990409
3098,7,1,1,0.9971087997898773
3099,2,1,1,0.9979169455138054
3100,1,1,1,0.9999518054226131
3101,1,1,1,0.7406962190639439
3102,10,1,1,0.9992865035816227
3103,1,1,1,0.9988402559424333
3104,9,1,1,0.9959348712945564
3105,5,1,1,0.9991862456338654
3106,8,1,0,0.03111192089642433
3107,3,1,0,0.016088071177013098
3108,5,1,1,0.8608963601761782
3109,6,1,0,0.0033832899977609284
3110,9,1,1,0.9980015236630657
3111,1,1,0,0.1920040647945775
3112,7,1,1,0.9997345695639579
3113,7,1,1,0.9973412246663114
3114,1,1,0,0.009433123775951374
3115,6,1,1,0.9996680939710288
3116,9,1,1,0.9978020515535462
3117,4,1,1,0.8905761118958854
3118,1,1,0,0.0456581500448547
3119,2,1,0,0.007201787420740865
3120,2,1,0,0.24225572074977053
3121,1,1,1,0.9997814565274312
3122,1,1,1,0.7334868865440718
3123,2,1,1,0.9982320181054325
3124,5,1,1,0.9921396371539173
3125,3,1,1,0.9977605800363608
3126,9,1,0,0.007127910560606571
3127,2,1,1,0.9256145666319975
3128,8,1,0,0.018083615046337456
3129,5,1,0,0.26960138853716076
3130,10,1,1,0.9985654174833495
3131,3,1,0,0.06570021728627325
3132,4,1,1,0.9992851839503516
3133,9,1,1,0.7871376244988726
3134,1,1,0,0.1953471666688607
3135,6,1,1,0.9972027671322343
3136,2,1,1,0.9404930565874975
3137,2,1,1,0.9967080130886677
3138,1,1,0,0.02827876376565359
3139,7,1,1,0.9045380191954997
3140,3,1,1,0.9968294060269681
3141,4,1,1,0.9531385614604622
3142,10,1,1,0.9988561177352819
3143,1,1,1,0.9998582279053156
3144,6,1,1,0.9996886630683075
3145,2,1,1,0.8824771864470276
3146,7,1,1,0.999894219637212
3147,8,1,1,0.9976573005605985
3148,6,1,1,0.9988643576713596
3149,1,1,1,0.9966312326202615
3150,1,1,1,0.889198715128288
3151,9,1,0,0.19701621633408067
3152,1,1,1,0.9998312471210915
3153,7,1,1,0.9995835363755443
3154,7,1,1,0.9226125323549321
3155,3,1,1,0.9998209557763855
3156,7,1,1,0.8698619778740526
3157,10,1,1,0.9982150158208285
3158,3,1,1,0.7169907908563586
3159,5,1,1,0.9998102253390057
3160,6,1,1,0.9996863431673884
3161,7,1,0,0.28182300026380536
3162,3,1,1,0.9965458650687741
3163,9,1,1,0.9963394776361456
3164,2,1,1,0.978840014595932
3165,4,1,0,0.28336349754446327
3166,1,1,1,0.9998276106854687
3167,7,1,1,0.9999004461160937
3168,3,1,0,0.007935985427889206
3169,6,1,1,0.9954236110948751
3170,8,1,1,0.995311497187845
3171,6,1,1,0.9998077833540358
3172,9,1,0,0.45811892575167923
3173,2,1,1,0.9995820001940658
3174,2,1,1,0.9986040126743612
3175,4,1,1,0.9990316653205644
3176,10,1,1,0.9962380207228221
3177,9,1,1,0.5591191253680869
3178,1,1,1,0.9979808852031886
3179,2,1,1,0.8135895297237461
3180,1,1,0,0.024885879890102946
3181,1,1,1,0.9237209300600365
3182,10,1,1,0.995949238754662
3183,10,1,1,0.9998573875078323
3184,10,1,1,0.9991643683193473
3185,4,1,0,0.31780907383656604
3186,1,1,1,0.9966088911972181
3187,2,1,1,0.902781698924946
3188,3,1,0,0.1766950656436879
3189,8,1,1,0.9967990086472727
3190,1,1,1,0.6840769516557292
3191,4,1,1,0.9979590132538021
3192,10,1,1,0.9245824260708642
3193,10,1,1,0.9972283183584398
3194,3,1,1,0.9771201917344114
3195,6,1,1,0.9887602501930346
3196,3,1,0,0.07384831798260488
3197,8,1,1,0.9252113477528908
3198,7,1,1,0.9994024901470697
3199,6,1,0,0.012306299465092605
3200,4,1,1,0.9997287647546765
3201,4,1,1,0.9995843671455205
3202,10,1,1,0.9992616687855493
3203,8,1,1,0.9989628877184404
3204,4,1,0,0.3365322146312548
3205,1,1,1,0.9876009902289631
3206,1,1,1,0.9997736995114417
3207,3,1,1,0.9272225211876659
3208,1,1,1,0.7023325403662745
3209,4,1,1,0.999430093064495
3210,8,1,1,0.99970296439295
3211,7,1,1,0.9988712491340944
3212,7,1,1,0.9712241269908519
3213,7,1,1,0.9967396765256964
3214,7,1,1,0.9998849972524835
3215,8,1,0,0.29910755617883444
3216,6,1,1,0.9027118599817386
3217,6,1,1,0.999184439859826
3218,7,1,0,0.1154773791736616
3219,1,1,1,0.9886351530368536
3220,9,1,1,0.9997482791846624
3221,1,1,1,0.9998785806366771
3222,1,1,0,0.08837954013134217
3223,10,1,1,0.9997506816477864
3224,10,1,0,0.2241605339963618
3225,9,1,1,0.9953560987150017
3226,9,1,0,0.08443461811919013
3227,10,1,0,0.3844306102670333
3228,8,1,1,0.9995446769025881
3229,8,1,1,0.9998430068186326
3230,9,1,1,0.9975281050563365
3231,9,1,1,0.9998726696165097
3232,10,1,1,0.9113477983287586
3233,3,1,1,0.7820670782813889
3234,8,1,1,0.9995448140712622
3235,6,1,1,0.9994148018924611
3236,5,1,1,0.9890857852920849
3237,4,1,0,0.0005080525605582877
3238,1,1,0,0.20245659823442205
3239,5,1,1,0.9974765927760548
3240,2,1,1,0.9991569694214302
3241,9,1,1,0.9994577234540403
3242,9,1,0,0.031201350214716518
3243,8,1,1,0.9994676496006355
3244,4,1,1,0.9997402485384703
3245,10,1,1,0.9970891843392603
3246,2,1,0,0.011541746558725004
3247,4,1,1,0.8433099539963013
3248,8,1,1,0.9989784345094741
3249,8,1,1,0.9630213132976403
3250,1,1,1,0.9969733654259546
3251,2,1,0,0.3332905734582089
3252,6,1,0,0.4197594972123271
3253,6,1,0,0.49064769955587256
3254,8,1,1,0.9815727247125781
3255,1,1,0,0.4688041851921151
3256,3,1,0,0.20623656829321704
3257,9,1,1,0.9699311227681437
3258,7,1,1,0.998596504411283
3259,7,1,1,0.9996445811225056
3260,1,1,1,0.9997733137583356
3261,8,1,1,0.9996445146704771
3262,6,1,1,0.9918722827377485
3263,5,1,1,0.9990843198606549
3264,8,1,1,0.9986526383580783
3265,1,1,1,0.9995178850038005
3266,1,1,1,0.999936673408977
3267,8,1,0,0.005467596311842632
3268,8,1,1,0.9990942468100514
3269,2,1,1,0.9983458419370306
3270,7,1,1,0.5578045642461137
3271,3,1,1,0.999507454572958
3272,4,1,0,0.13792383048901885
3273,10,1,1,0.9885703720202812
3274,8,1,1,0.9994302852949488
3275,4,1,1,0.6948318804643765
3276,9,1,1,0.9794778039443026
3277,2,1,0,0.4545405268629218
3278,7,1,1,0.9926189551985094
3279,7,1,1,0.9442420452717266
3280,4,1,1,0.995326134509463
3281,7,1,1,0.9899514455830302
3282,1,1,1,0.9995137013894635
3283,7,1,1,0.9983230622227989
3284,5,1,1,0.9991786347709875
3285,8,1,1,0.9982971473147143
3286,6,1,1,0.9996776031471812
3287,2,1,1,0.9929820725459386
3288,1,1,1,0.9997887604808431
3289,2,1,1,0.9896550133205877
3290,9,1,1,0.9988023143552377
3291,5,1,1,0.9994344383972382
3292,10,1,1,0.989401948446255
3293,4,1,1,0.994434193951883
3294,2,1,1,0.9994225985561385
3295,4,1,1,0.9992158956769412
3296,7,1,1,0.9998330892754494
3297,7,1,1,0.9764875486589487
3298,4,1,1,0.9990983670367377
3299,7,1,1,0.9991381857931478
3300,9,1,1,0.9939742622710829
3301,7,1,1,0.9997436105906835
3302,1,1,0,0.0033983298139485278
3303,3,1,0,0.0130721146020675
3304,5,1,0,0.42452644788150623
3305,5,1,1,0.9871766344745014
3306,7,1,1,0.99828637260555
3307,9,1,1,0.9987608653775621
3308,9,1,1,0.9993956166917041
3309,10,1,1,0.9999535538126404
3310,6,1,0,0.38249390043963816
3311,7,1,1,0.9874877431584999
3312,5,1,0,0.028045810531813813
3313,1,1,0,0.2167513172554972
3314,8,1,1,0.9992055381208331
3315,5,1,1,0.9780169568993816
3316,6,1,1,0.983368297325757
3317,8,1,1,0.9990339137090368
3318,3,1,1,0.9611635227534739
3319,4,1,1,0.9983995803168074
3320,10,1,1,0.9829662072427228
3321,3,1,0,0.4953585285732218
3322,1,1,1,0.9733462105768902
3323,6,1,1,0.9993190988528275
3324,2,1,1,0.579604735382248
3325,6,1,1,0.9978619876210848
3326,8,1,1,0.9988883780624971
3327,7,1,1,0.9797011872281067
3328,6,1,1,0.639512965665141
3329,2,1,1,0.6976603921886214
3330,10,1,1,0.9974132160672109
3331,5,1,1,0.9995227276293026
3332,6,1,1,0.9803300601057766
3333,7,1,1,0.9884745962075574
3334,6,1,1,0.9991282450318486
3335,2,1,0,0.2763066302359347
3336,3,1,1,0.774568097390185
3337,3,1,1,0.9914606135826757
3338,10,1,1,0.899054397146448
3339,8,1,0,0.2265709818018734
3340,9,1,1,0.7932180037968064
3341,7,1,1,0.9974926215840885
3342,10,1,1,0.7744613474949527
3343,8,1,1,0.9997257628133216
3344,2,1,1,0.998915701129093
3345,10,1,1,0.8775390849012862
3346,3,1,1,0.9991580648947689
3347,3,1,1,0.998590007506688
3348,10,1,1,0.9978307159867292
3349,5,1,0,0.10947113411497891
3350,4,1,1,0.999666774662856
3351,10,1,1,0.9996773386434252
3352,9,1,0,0.06418345229194353
3353,9,1,1,0.9741768912758328
3354,2,1,1,0.9969949903617507
3355,10,1,0,0.3370955375378319
3356,7,1,1,0.9885148107017385
3357,2,1,0,0.12938850731441875
3358,5,1,1,0.8834248936810416
3359,9,1,1,0.9941352307792533
3360,7,1,0,0.24771075972723283
3361,9,1,1,0.9997781569272381
3362,2,1,1,0.9996093500079948
3363,1,1,1,0.9300010553066619
3364,10,1,1,0.930849690592602
3365,3,1,1,0.9990498200396656
3366,10,1,0,0.05689947076203382
3367,2,1,1,0.9999367216978361
3368,10,1,1,0.9048804379865101
3369,9,1,1,0.9996800653466841
3370,5,1,1,0.9930521032476414
3371,2,1,0,0.1768381148434497
3372,1,1,1,0.9990156249660678
3373,5,1,0,0.019205203798415196
3374,5,1,1,0.9917057374191292
3375,3,1,1,0.9978154074652394
3376,2,1,1,0.9974056796946076
3377,10,1,1,0.9995917964646763
3378,2,1,1,0.9977978646355707
3379,6,1,1,0.998216247173531
3380,1,1,1,0.9998979159355021
3381,1,1,1,0.9987651709464667
3382,4,1,1,0.9203529198657404
3383,1,1,1,0.9993153721504007
3384,6,1,1,0.9989924661308925
3385,8,1,1,0.8531198384096976
3386,10,1,1,0.9996976497447887
3387,3,1,1,0.9995997581390909
3388,9,1,1,0.999110922231287
3389,3,1,1,0.5907450313550444
3390,10,1,1,0.9992212403835361
3391,3,1,1,0.9570626327827718
3392,8,1,1,0.9907968655290216
3393,10,1,1,0.5037461183184098
3394,8,1,1,0.999460526109777
3395,8,1,1,0.9992644746306032
3396,8,1,1,0.9972269655436572
3397,10,1,0,0.05799502225299338
3398,7,1,0,0.39400421223588594
3399,1,1,1,0.9992378470903573
3400,4,1,1,0.503040645726494
3401,6,1,1,0.8261718950804098
3402,5,1,0,0.03956017388762279
3403,5,1,0,0.04528557804874823
3404,5,1,1,0.9995356867896441
3405,10,1,1,0.9998556649410402
3406,1,1,1,0.6672138489686996
3407,2,1,1,0.9995312690189514
3408,7,1,1,0.9978362343327309
3409,3,1,1,0.9997065561246032
3410,9,1,1,0.924965731815784
3411,8,1,1,0.998331065727728
3412,5,1,1,0.9991722400068599
3413,5,1,1,0.9959599444577908
3414,9,1,1,0.997175652456585
3415,4,1,1,0.9993053702654948
3416,2,1,1,0.9992675058476492
3417,2,1,0,0.0006278590950887794
3418,1,1,0,0.011288441275058441
3419,7,1,1,0.9992306575529352
3420,8,1,0,0.3032731101335712
3421,5,1,1,0.9999015825773594
3422,10,1,1,0.8476727176432615
3423,9,1,0,0.024656572367873657
3424,4,1,1,0.9845843973216705
3425,8,1,1,0.9995144555072002
3426,5,1,1,0.9931082785668777
3427,3,1,1,0.9989028543195665
3428,3,1,1,0.9991292634751321
3429,6,1,1,0.9856347103765889
3430,9,1,0,0.2630881448859626
3431,7,1,1,0.9997840133130489
3432,8,1,1,0.6092782393295193
3433,4,1,1,0.9997478462001781
3434,6,1,1,0.6578865099228138
3435,2,1,1,0.9979023852980933
3436,10,1,1,0.5162066937163986
3437,7,1,0,0.020381121721654825
3438,7,1,1,0.9998330773383287
3439,1,1,1,0.9996698727787403
3440,10,1,1,0.9991234232617305
3441,1,1,1,0.9981818994459073
3442,9,1,0,0.37064529237461546
3443,6,1,1,0.998281276914645
3444,6,1,0,0.1381958394647974
3445,5,1,1,0.9988625097207274
3446,8,1,1,0.9960852262500753
3447,2,1,1,0.6573397310197873
3448,3,1,1,0.9957728297571444
3449,10,1,0,0.12760092118540728
3450,5,1,0,0.3156337036985799
3451,3,1,0,0.45713723779079174
3452,7,1,1,0.9937815998462922
3453,4,1,0,0.04111934051128345
3454,8,1,1,0.8662490010266986
3455,1,1,1,0.9018369465712031
3456,6,1,1,0.9768082057224057
3457,3,1,1,0.9975574071896938
3458,4,1,1,0.8950322564316133
3459,3,1,1,0.9975643595223447
3460,6,1,1,0.8918772990656294
3461,1,1,1,0.6524916308401488
3462,1,1,0,0.001892061362078794
3463,10,1,0,0.020151782360588975
3464,8,1,1,0.9968959528963064
3465,3,1,0,0.11310230928734709
3466,2,1,1,0.6715498827019424
3467,3,1,1,0.9263096134925533
3468,10,1,1,0.9984685285707613
3469,4,1,1,0.9997924462743148
3470,5,1,0,0.2220572934449443
3471,9,1,1,0.9960326887637159
3472,2,1,1,0.9984225590650521
3473,3,1,1,0.9984838144507985
3474,9,1,0,0.06734032956980723
3475,1,1,1,0.9754047743940871
3476,10,1,1,0.9609407832863746
3477,10,1,0,0.21216660642693888
3478,5,1,1,0.9984525873077519
3479,10,1,1,0.99993884412786
3480,3,1,1,0.8981275452068458
3481,5,1,1,0.9928622691986704
3482,1,1,1,0.999432234545453
3483,10,1,1,0.8593431770750677
3484,8,1,0,0.0037559007827271578
3485,9,1,0,0.007156476518280148
3486,9,1,1,0.9989501134042658
3487,2,1,0,0.46835560045771363
3488,10,1,1,0.9994915853458923
3489,3,1,1,0.9989830963457578
3490,6,1,1,0.9992958399206575
3491,6,1,0,0.4897651721933539
3492,10,1,1,0.9992623899156294
3493,10,1,1,0.6671135421892914
3494,9,1,0,0.0008300782408157846
3495,1,1,0,0.3405911922264339
3496,9,1,1,0.9997490140288535
3497,10,1,1,0.9526723166187113
3498,9,1,1,0.9309358907400296
3499,5,1,1,0.9990340561983728
3500,9,1,1,0.9956273984361022
3501,3,1,0,0.24000360862278333
3502,10,1,1,0.991414713541465
3503,6,1,1,0.9993975851041784
3504,1,1,1,0.9428612535701122
3505,7,1,1,0.9961383835988276
3506,3,1,0,0.09949192661846251
3507,7,1,1,0.9984355925574997
3508,8,1,0,0.0014426720974614969
3509,6,1,1,0.5181743628673641
3510,5,1,1,0.9947606181956165
3511,3,1,1,0.9990159535769052
3512,6,1,0,0.44906849323808795
3513,2,1,0,0.08731139723139897
3514,5,1,1,0.9987011822715486
3515,9,1,0,0.19879673864609454
3516,7,1,0,0.3410192056471068
3517,7,1,1,0.9990151157047225
3518,3,1,1,0.9975668856733082
3519,6,1,0,0.41448396619928884
3520,4,1,1,0.999940072274053
3521,8,1,1,0.999469873969095
3522,8,1,1,0.9978819464177181
3523,9,1,1,0.9491730261961202
3524,7,1,0,0.005494040198726289
3525,4,1,1,0.8685893303860522
3526,4,1,1,0.9988300929698521
3527,7,1,0,0.039350955608682535
3528,8,1,1,0.6797238566009185
3529,8,1,1,0.9993066435810001
3530,7,1,0,0.008421433516287569
3531,10,1,1,0.9997973226782849
3532,3,1,1,0.9992830396795771
3533,5,1,1,0.9994302408490645
3534,8,1,1,0.6749887731368878
3535,9,1,1,0.9997143848329599
3536,7,1,0,0.3244151241824841
3537,9,1,1,0.9946878273410864
3538,1,1,1,0.998698077680491
3539,8,1,0,0.03191786206275333
3540,7,1,1,0.9999312226110664
3541,7,1,1,0.9989726933961143
3542,3,1,1,0.9975531744667246
3543,7,1,1,0.9998687704252005
3544,1,1,1,0.6415889037576182
3545,10,1,1,0.9980844315543571
3546,8,1,1,0.8442508258520975
3547,6,1,1,0.8850955625648335
3548,2,1,0,0.0010550195826522983
3549,4,1,1,0.7781474419177341
3550,7,1,1,0.8777572954701676
3551,3,1,0,0.44235021226438304
3552,8,1,1,0.9998258422009161
3553,10,1,1,0.999187730617266
3554,5,1,1,0.9998310728654423
3555,10,1,1,0.9881724961153773
3556,6,1,1,0.9988047167805258
3557,1,1,0,0.21801827066332408
3558,6,1,1,0.9872389820509544
3559,1,1,0,0.20141820339515293
3560,8,1,0,0.0859342110175273
3561,10,1,1,0.9993472614751762
3562,2,1,1,0.9994850014213719
3563,7,1,1,0.999869631951178
3564,8,1,0,0.004021494985036624
3565,10,1,1,0.9998373341532004
3566,8,1,1,0.998256756382572
3567,8,1,1,0.9974621066936711
3568,1,1,1,0.9883995128664467
3569,4,1,0,0.3055779788256795
3570,5,1,1,0.9910402907035519
3571,10,1,0,0.11848174711550079
3572,4,1,1,0.9806329187476219
3573,2,1,0,0.40763714391462946
3574,8,1,1,0.9992279209407425
3575,10,1,1,0.9924398331955416
3576,7,1,1,0.9998216431064725
3577,6,1,1,0.9997771885212641
3578,1,1,1,0.9995725906840114
3579,8,1,1,0.9950680930701641
3580,1,1,1,0.9996820109953688
3581,7,1,1,0.7877916938288017
3582,6,1,0,0.05971392487929175
3583,9,1,1,0.9961744672627733
3584,8,1,1,0.7863888466810965
3585,8,1,0,0.0032130877303574077
3586,7,1,1,0.9797470777598754
3587,10,1,1,0.9997102889776959
3588,7,1,1,0.9974859183651055
3589,5,1,1,0.999511477444321
3590,5,1,1,0.9975281105931696
3591,9,1,0,0.003180227762436977
3592,2,1,1,0.9902113064019136
3593,7,1,1,0.982159345028559
3594,5,1,1,0.9988707120519702
3595,9,1,1,0.9996895384793735
3596,9,1,1,0.8201432418357046
3597,7,1,1,0.999398762061299
3598,5,1,1,0.998928792602522
3599,4,1,1,0.9117081675545162
3600,2,1,1,0.9995614257652451
3601,8,1,1,0.9997393639593906
3602,5,1,1,0.5674705134893132
3603,6,1,1,0.9963479847235166
3604,5,1,1,0.7361736301530426
3605,3,1,1,0.999798581804328
3606,6,1,1,0.9997740896415412
3607,3,1,1,0.9985221595785378
3608,8,1,1,0.998970844332913
3609,9,1,1,0.6763992053496554
3610,7,1,1,0.8591441790960928
3611,3,1,1,0.999440125749956
3612,9,1,1,0.5883550988407373
3613,6,1,0,0.0015633607983073752
3614,5,1,1,0.9993884960905492
3615,1,1,0,0.2950512701280072
3616,2,1,1,0.998321724453195
3617,9,1,1,0.9970191066911706
3618,2,1,1,0.9988363379980831
3619,5,1,1,0.9930130205261007
3620,10,1,1,0.9918362966420202
3621,4,1,0,0.07428221593602642
3622,9,1,1,0.9995505705494683
3623,9,1,1,0.9749644099489612
3624,8,1,1,0.999501288874102
3625,4,1,1,0.998811829663544
3626,6,1,1,0.9993170901566224
3627,3,1,1,0.9779266836102176
3628,6,1,0,0.008752010405438673
3629,6,1,1,0.9991925810735975
3630,4,1,0,0.09136894044358654
3631,10,1,1,0.9955886825076179
3632,5,1,1,0.9990750128754641
3633,7,1,0,0.033434013863367515
3634,5,1,1,0.9997121050549037
3635,2,1,1,0.6081789741285335
3636,5,1,0,0.004549309218995209
3637,10,1,1,0.9167028248978448
3638,7,1,1,0.99969231198361
3639,3,1,0,0.005793072896074631
3640,9,1,1,0.9993053809489872
3641,6,1,0,0.0855229024192996
3642,3,1,1,0.9953437815940291
3643,5,1,1,0.9371717341939291
3644,10,1,1,0.8047818754628775
3645,3,1,1,0.9098960679353958
3646,5,1,0,0.0762530741211828
3647,6,1,1,0.999096956748565
3648,7,1,1,0.996543080946058
3649,8,1,1,0.9993807855447453
3650,2,1,1,0.9991695452119366
3651,3,1,1,0.9985276918517858
3652,5,1,1,0.8961842899065822
3653,6,1,1,0.5003101383417148
3654,6,1,1,0.9985900317784291
3655,5,1,1,0.9998708347409238
3656,3,1,1,0.9990544908134276
3657,4,1,1,0.9908040010034258
3658,10,1,1,0.9998006242415662
3659,1,1,1,0.998273551754101
3660,9,1,1,0.9536645643749941
3661,8,1,1,0.9980480469925893
3662,1,1,1,0.8413174359960119
3663,8,1,1,0.9996183307022842
3664,7,1,1,0.9998461289122331
3665,5,1,1,0.9998859499721341
3666,10,1,1,0.9997951427452179
3667,2,1,1,0.9815666739160518
3668,3,1,1,0.999968960213613
3669,9,1,1,0.999836433341249
3670,4,1,1,0.9999158547021993
3671,6,1,1,0.9440947207683161
3672,9,1,0,0.0006354114924516637
3673,2,1,0,0.14695151348147528
3674,3,1,1,0.9981925510758642
3675,5,1,1,0.9993462142621519
3676,10,1,0,0.18864971895892735
3677,7,1,0,0.30249369954809413
3678,9,1,1,0.9964453887979665
3679,3,1,0,0.0027132227960079813
3680,6,1,0,0.047761450446865666
3681,10,1,1,0.9989950342371936
3682,6,1,1,0.8964010708717528
3683,9,1,1,0.9533885681677723
3684,8,1,1,0.9978734841920283
3685,1,1,0,0.004726634305835988
3686,5,1,1,0.977540972921632
3687,1,1,1,0.9997289097681104
3688,9,1,0,0.030602130318310154
3689,9,1,1,0.8651204877234063
3690,6,1,0,0.04298023145899449
3691,4,1,1,0.9991183618635682
3692,3,1,1,0.7234839744049916
3693,8,1,0,0.014753518049720428
3694,8,1,0,0.1387356594832256
3695,10,1,1,0.9987643321901449
3696,8,1,1,0.9993413116957587
3697,5,1,1,0.978940753732708
3698,7,1,1,0.9992454416850378
3699,9,1,1,0.9993910787578579
3700,10,1,0,0.2073941257590107
3701,10,1,0,0.06621525748893509
3702,6,1,1,0.9995173914973616
3703,10,1,1,0.9988287129753066
3704,3,1,1,0.9953906916617192
3705,1,1,1,0.98706532181846
3706,4,1,1,0.9979894487424676
3707,10,1,0,0.19863088629130177
3708,5,1,1,0.9998507001278483
3709,7,1,1,0.9997024363099468
3710,5,1,1,0.9998328870198294
3711,4,1,1,0.9994320803964747
3712,5,1,1,0.8690146930899779
3713,1,1,1,0.9990038091823197
3714,9,1,1,0.9847668665828602
3715,5,1,1,0.9755177685460417
3716,2,1,0,0.01722228552388954
3717,2,1,1,0.8692124864437545
3718,5,1,0,0.09278764683519346
3719,5,1,1,0.8753271235613074
3720,7,1,1,0.503734713132173
3721,10,1,1,0.9998605016919957
3722,1,1,1,0.9943280156462255
3723,5,1,1,0.9919246608206547
3724,4,1,0,0.018976305856497705
3725,4,1,1,0.5411508759325283
3726,1,1,1,0.9510603335675549
3727,2,1,0,0.10962661560350843
3728,5,1,1,0.9981948420908895
3729,9,1,1,0.9235101747679516
3730,2,1,1,0.9651959095108005
3731,5,1,1,0.5503988303793816
3732,1,1,1,0.9695839109391939
3733,2,1,1,0.9932991672374273
3734,1,1,0,0.041331897864363726
3735,2,1,1,0.9993154422426971
3736,9,1,0,0.2358888863031243
3737,7,1,1,0.9994107518146047
3738,3,1,0,0.0037718348423466633
3739,4,1,1,0.976686845722913
3740,6,1,1,0.9997742219590655
3741,9,1,1,0.9995133288608444
3742,8,1,1,0.9997766217107908
3743,5,1,0,0.038301127984304156
3744,4,1,0,0.015996085899386916
3745,7,1,1,0.9934662849656304
3746,4,1,1,0.951955411602324
3747,6,1,1,0.9992673768411307
3748,2,1,1,0.9985854008268732
3749,1,1,1,0.9984657997813721
3750,4,1,0,0.07249123335776678
3751,6,1,0,0.14200885166612634
3752,3,1,1,0.5739058468037608
3753,5,1,0,0.005661446997774539
3754,6,1,1,0.6207404543143837
3755,4,1,1,0.9984377070352524
3756,7,1,1,0.9930157908418127
3757,1,1,1,0.999874251729466
3758,2,1,0,0.08116815104156874
3759,5,1,1,0.9998457478483134
3760,1,1,1,0.8788909750849676
3761,1,1,1,0.9991309408288829
3762,4,1,0,0.11197571499318736
3763,2,1,1,0.999857158428866
3764,8,1,0,0.02981775759659347
3765,1,1,1,0.9998502061886287
3766,3,1,0,0.16626994055571293
3767,2,1,1,0.999688227422034
3768,6,1,1,0.9993943112101703
3769,1,1,1,0.9968187071396901
3770,3,1,1,0.9992588423726134
3771,6,1,1,0.9995752980656066
3772,1,1,1,0.9780825604382068
3773,7,1,1,0.9998289176458699
3774,9,1,1,0.9989320741050876
3775,3,1,1,0.9993959356796887
3776,9,1,1,0.9976768973702788
3777,9,1,1,0.683582312077857
3778,4,1,1,0.9983983684480392
3779,9,1,1,0.9954004515367567
3780,8,1,1,0.9971916878615044
3781,7,1,1,0.9524945927176869
3782,8,1,1,0.9950513829425294
3783,6,1,0,0.058094118639702
3784,6,1,1,0.9895400179169633
3785,4,1,1,0.9683296172017015
3786,4,1,1,0.9972283137937537
3787,10,1,0,0.1933776646133858
3788,6,1,1,0.9841489701406879
3789,6,1,0,0.1694944565635665
3790,9,1,1,0.9917337250530627
3791,3,1,1,0.9999760719759314
3792,8,1,1,0.9998346551820936
3793,5,1,1,0.9997496237296569
3794,9,1,1,0.972926206556078
3795,6,1,1,0.9709212772209023
3796,5,1,1,0.9888566803607767
3797,8,1,1,0.8574211440587276
3798,4,1,1,0.9994676377077589
3799,8,1,1,0.999920220246147
3800,3,1,1,0.9611656660188057
3801,6,1,1,0.9995904672126559
3802,4,1,0,0.0021223146459896764
3803,10,1,1,0.9943944014302748
3804,6,1,1,0.5717920054330179
3805,8,1,0,0.003228583118188617
3806,6,1,1,0.5721237577983607
3807,7,1,1,0.9861869490496542
3808,9,1,1,0.9991998808412325
3809,2,1,1,0.9998904624676348
3810,9,1,1,0.997922455279421
3811,4,1,1,0.9998307719305624
3812,1,1,1,0.9996588532237975
3813,5,1,1,0.9992553512696496
3814,9,1,0,0.08733689948671584
3815,3,1,1,0.7112805327631053
3816,10,1,1,0.9973495591202015
3817,1,1,1,0.756007241736114
3818,1,1,1,0.6848678382146998
3819,10,1,1,0.9943759490726537
3820,4,1,1,0.9994604781598044
3821,5,1,0,0.4001952044397031
3822,8,1,1,0.9997829687327339
3823,8,1,1,0.5289602981108251
3824,5,1,1,0.9997150957651494
3825,2,1,1,0.9999413580892972
3826,7,1,1,0.9997811971469799
3827,1,1,0,0.21769228237809707
3828,8,1,0,0.4320253974723296
3829,5,1,1,0.9906366050926738
3830,3,1,0,0.4399113933727258
3831,3,1,1,0.9993127479359147
3832,5,1,1,0.9908597598980465
3833,10,1,0,0.0031742239237636046
3834,9,1,1,0.8152279137818608
3835,5,1,1,0.9960582527104294
3836,2,1,1,0.9993705247951838
3837,4,1,0,0.07109504938437239
3838,3,1,0,0.3915022441620547
3839,7,1,0,0.04171282888692749
3840,9,1,1,0.998568471603873
3841,10,1,1,0.9677775749490785
3842,9,1,1,0.9815357890381098
3843,10,1,1,0.9996148101722515
3844,8,1,1,0.6723746943625296
3845,9,1,0,0.15688014133835518
3846,4,1,1,0.9781653338411276
3847,6,1,0,0.10813821646179608
3848,7,1,1,0.9871140014986807
3849,2,1,0,0.19998321835788058
3850,4,1,1,0.9999186394510599
3851,3,1,1,0.9964835995918241
3852,3,1,1,0.9989604231926656
3853,2,1,1,0.9952710147716467
3854,3,1,1,0.9987711953747072
3855,6,1,1,0.9908918620657525
3856,9,1,1,0.9827274699601021
3857,6,1,0,0.006538836504108041
3858,1,1,1,0.8293132669488354
3859,10,1,1,0.9464533647541167
3860,8,1,1,0.9912942053612983
3861,5,1,0,0.009241339213637345
3862,1,1,1,0.9834824750875846
3863,2,1,1,0.9994206420048781
3864,2,1,1,0.9986585746598207
3865,2,1,1,0.9987728079169591
3866,1,1,1,0.9996548629214251
3867,2,1,0,0.26624300662434824
3868,1,1,1,0.7092251290824843
3869,6,1,1,0.9854824514425736
3870,10,1,1,0.9968610942592803
3871,3,1,1,0.9998851814842266
3872,5,1,1,0.9998907067937208
3873,2,1,0,0.08199072102312557
3874,5,1,1,0.9229908067059025
3875,3,1,1,0.64536587842848
3876,7,1,1,0.9999112340649483
3877,3,1,1,0.9996611594980078
3878,1,1,1,0.9989678476025003
3879,8,1,1,0.9983931108344732
3880,1,1,0,0.004558410421929011
3881,7,1,1,0.9975861361532575
3882,1,1,1,0.9996485519890735
3883,6,1,1,0.999607781670032
3884,3,1,1,0.9977276849666754
3885,5,1,0,0.009733085548024403
3886,5,1,1,0.9998297189544891
3887,3,1,0,0.005343600695211734
3888,5,1,1,0.9997181300713993
3889,5,1,1,0.9998415888338992
3890,7,1,1,0.999320593760922
3891,7,1,1,0.9732106613518121
3892,4,1,1,0.9982808159184573
3893,4,1,0,0.4496085063859015
3894,3,1,1,0.9543634601147586
3895,5,1,0,0.008838965856037922
3896,9,1,1,0.9992481677294086
3897,7,1,1,0.9999047712142526
3898,6,1,1,0.999132801896997
3899,2,1,1,0.5933322683834664
3900,5,1,1,0.9992853713064601
3901,6,1,1,0.9974339980618265
3902,9,1,0,0.02880939672424705
3903,7,1,1,0.999660842016951
3904,4,1,1,0.9994801764181755
3905,6,1,1,0.5759218041261447
3906,9,1,1,0.9934018251272294
3907,2,1,1,0.9998985910625648
3908,2,1,1,0.9985285517746492
3909,4,1,0,0.2354569897415764
3910,10,1,1,0.9986427372207629
3911,9,1,0,0.01255486996466419
3912,10,1,1,0.9992476972774413
3913,7,1,1,0.9992004878085461
3914,10,1,1,0.9995966699797982
3915,1,1,1,0.9975254068799356
3916,5,1,0,0.0489529291199496
3917,2,1,0,0.02207698819597557
3918,1,1,1,0.5053983982876757
3919,2,1,1,0.9879353403507065
3920,9,1,1,0.5462127767347735
3921,5,1,1,0.9996629022195611
3922,8,1,1,0.9981625294724044
3923,1,1,1,0.9999058239182803
3924,4,1,1,0.9999045379337277
3925,9,1,1,0.9974681798111753
3926,1,1,0,0.2911695634399542
3927,2,1,1,0.9967718727335424
3928,8,1,0,0.024028657830246727
3929,5,1,1,0.9984237659246613
3930,10,1,1,0.9981835591937224
3931,5,1,0,0.07692195686664857
3932,9,1,1,0.9945310662558126
3933,7,1,1,0.9998800245857216
3934,8,1,0,0.004915199919256599
3935,9,1,0,0.4324764796300139
3936,2,1,1,0.9998565304948572
3937,5,1,1,0.99877623265951
3938,5,1,1,0.8566093881352292
3939,9,1,1,0.9989593576214439
3940,1,1,1,0.9990079254157374
3941,9,1,1,0.9998374757816422
3942,5,1,1,0.9998769399677401
3943,1,1,1,0.9998697857176293
3944,4,1,1,0.6479474039274735
3945,5,1,1,0.9998285579934003
3946,9,1,1,0.9992291613174671
3947,6,1,1,0.9990271322140928
3948,1,1,1,0.9996441225879547
3949,9,1,1,0.9996446071858345
3950,5,1,1,0.9104506900450451
3951,8,1,1,0.9947313821481988
3952,7,1,1,0.8840952423351252
3953,9,1,0,0.00535839343957739
3954,8,1,1,0.9917524041086314
3955,5,1,1,0.9894193278405049
3956,1,1,0,0.220459336382821
3957,7,1,1,0.9983385132860396
3958,2,1,1,0.9997103672250522
3959,5,1,1,0.999405666506199
3960,5,1,1,0.9989856335923966
3961,8,1,1,0.9984226298364138
3962,7,1,1,0.9997271435966295
3963,2,1,1,0.9995488472756948
3964,2,1,1,0.9998077282242155
3965,3,1,1,0.9923058772605473
3966,9,1,1,0.9992009246659296
3967,7,1,1,0.999772395536735
3968,8,1,1,0.998587344870547
3969,1,1,1,0.9949218469243073
3970,1,1,1,0.9991834482533254
3971,3,1,1,0.9996588547583471
3972,5,1,1,0.9323857721674162
3973,1,1,1,0.9992626802018592
3974,6,1,1,0.9010343482075671
3975,7,1,1,0.9625560545915233
3976,3,1,1,0.9932438238081909
3977,7,1,0,0.4358111601260656
3978,9,1,1,0.709708627215595
3979,5,1,1,0.8729967440461341
3980,3,1,1,0.9942090354233404
3981,7,1,1,0.9990982513751796
3982,7,1,1,0.9998384785098955
3983,2,1,0,0.11601378570743787
3984,9,1,1,0.9863422383802722
3985,8,1,1,0.9993493938924147
3986,5,1,1,0.7110600226561758
3987,1,1,0,0.0440783961873304
3988,5,1,1,0.7858669681134017
3989,2,1,1,0.5759362241062154
3990,9,1,1,0.9811124642558484
3991,7,1,0,0.015670511393644983
3992,3,1,0,0.033800302472046864
3993,8,1,1,0.9982355151320821
3994,7,1,1,0.9987667268245248
3995,8,1,1,0.984878516000819
3996,7,1,1,0.997792685282149
3997,10,1,1,0.9988852688319371
3998,6,1,1,0.9992945679070231
3999,4,1,1,0.9755580266328129
4000,2,1,1,0.9989995203080764
4001,9,1,1,0.9974161719180362
4002,7,1,1,0.999024354490943
4003,1,1,0,0.4781270731818116
4004,1,1,0,0.2029543260823541
4005,3,1,1,0.9965139239393679
4006,5,1,1,0.9992669950828235
4007,1,1,0,0.008103030805500667
4008,8,1,1,0.9998399894514993
4009,9,1,1,0.997183406994077
4010,2,1,1,0.9983024795236095
4011,5,1,1,0.9997893417916606
4012,1,1,1,0.9994921755602495
4013,2,1,1,0.9670549097088459
4014,1,1,0,0.2562628394889821
4015,5,1,0,0.06041423410051927
4016,4,1,1,0.9998371816316145
4017,7,1,1,0.9998258368283669
4018,5,1,1,0.9996528351835641
4019,8,1,0,0.047441230413446736
4020,5,1,1,0.9632422018894727
4021,4,1,1,0.9995395403826345
4022,2,1,0,0.42893063177255175
4023,2,1,1,0.9999401181435383
4024,1,1,1,0.9988311162674782
4025,4,1,1,0.9983416902846773
4026,10,1,0,0.29502375712204876
4027,2,1,1,0.814670805045767
4028,2,1,0,0.48184322515951306
4029,1,1,1,0.9997834996025806
4030,5,1,1,0.9986081560130747
4031,5,1,1,0.9986993630909105
4032,10,1,1,0.9605004327191566
4033,7,1,1,0.9169625919630475
4034,7,1,1,0.697925546614143
4035,3,1,1,0.998716533289858
4036,1,1,1,0.998540196132969
4037,8,1,1,0.9996148964487577
4038,9,1,1,0.7990879167506486
4039,6,1,1,0.912240651103376
4040,10,1,1,0.9998335274965581
4041,7,1,1,0.9993765711961046
4042,7,1,1,0.9991077576510567
4043,4,1,0,0.056779436282072646
4044,7,1,1,0.9956744419028901
4045,5,1,1,0.9997416260983858
4046,4,1,1,0.9260880945868826
4047,9,1,1,0.9771564529832728
4048,6,1,1,0.9992930099052155
4049,5,1,1,0.9995853625915416
4050,2,1,1,0.8118654417391417
4051,2,1,1,0.8983036854877375
4052,7,1,0,0.09554666501494297
4053,1,1,1,0.988183066024998
4054,1,1,1,0.9984715238815522
4055,9,1,1,0.990952902822551
4056,10,1,1,0.9972803406527528
4057,5,1,0,0.4920465106787209
4058,4,1,1,0.9996251030103904
4059,10,1,1,0.7203036727073785
4060,10,1,1,0.9960408176976014
4061,2,1,1,0.9248881202605079
4062,7,1,1,0.7644853598102386
4063,7,1,1,0.7225875649871666
4064,9,1,1,0.8889204457650742
4065,3,1,0,0.3031677871640296
4066,1,1,1,0.9998177711247376
4067,8,1,1,0.9998063286903556
4068,2,1,1,0.9857839933587274
4069,10,1,1,0.9998829400774694
4070,5,1,0,0.002892018986722402
4071,3,1,1,0.9997843542747289
4072,1,1,0,0.06186796955005769
4073,5,1,1,0.6894807558353717
4074,7,1,1,0.7792288773369673
4075,1,1,1,0.9999019960838635
4076,4,1,1,0.964029340291946
4077,10,1,1,0.8388512980505118
4078,7,1,1,0.9993276326707905
4079,10,1,1,0.9988037296498506
4080,10,1,1,0.8602907535152364
4081,8,1,0,0.034928494838956714
4082,8,1,1,0.9970502667675016
4083,2,1,1,0.9987840246370179
4084,7,1,1,0.99914054055327
4085,1,1,1,0.9973018030179659
4086,6,1,1,0.9993475412303903
4087,5,1,1,0.999366610585023
4088,4,1,1,0.9999483799703621
4089,2,1,1,0.997192046527954
4090,1,1,0,0.05728819796293927
4091,7,1,1,0.9887524231664201
4092,4,1,1,0.8299520720312543
4093,1,1,1,0.9986666777586115
4094,10,1,1,0.9993923462951633
4095,8,1,1,0.9895274678335207
4096,4,1,1,0.9998724436295071
4097,7,1,1,0.9515030162282029
4098,2,1,1,0.9991116557543762
4099,9,1,1,0.9994950949519487
4100,6,1,1,0.8740269662755518
4101,9,1,1,0.866068234894076
4102,7,1,1,0.9995213405364336
4103,2,1,1,0.9982147319471582
4104,6,1,0,0.356760096131858
4105,10,1,1,0.9996026225164976
4106,3,1,1,0.9967452301050501
4107,2,1,1,0.9679437472338193
4108,7,1,1,0.9834686653595264
4109,1,1,1,0.9992300243953678
4110,7,1,1,0.9994260559900315
4111,7,1,1,0.9992689194495028
4112,3,1,1,0.9987467454016312
4113,2,1,1,0.9956645241755469
4114,6,1,1,0.9998429521964283
4115,8,1,1,0.9989073817079112
4116,8,1,1,0.9864230926885191
4117,4,1,1,0.7455552390366114
4118,8,1,1,0.9826542092833417
4119,9,1,1,0.9994060154513922
4120,8,1,1,0.9994034704908052
4121,3,1,1,0.986730371027296
4122,8,1,1,0.999366898232525
4123,3,1,1,0.7278978099700457
4124,10,1,1,0.9994411928180179
4125,8,1,0,0.40455842776570367
4126,7,1,0,0.03338838217216214
4127,5,1,1,0.9978435550109355
4128,10,1,1,0.9990772518449372
4129,5,1,1,0.9993450728837154
4130,1,1,1,0.9998924078069259
4131,3,1,1,0.9998906530924814
4132,2,1,1,0.9979285577157976
4133,10,1,0,0.3903194685055115
4134,4,1,0,0.011643004383116674
4135,3,1,0,0.38767202904434495
4136,2,1,1,0.9993408855153143
4137,5,1,1,0.9993016212787411
4138,7,1,1,0.9995217805602032
4139,5,1,1,0.9991798896895543
4140,3,1,1,0.9994081475596659
4141,2,1,1,0.9992451810261709
4142,1,1,0,0.08259012431477261
4143,10,1,1,0.9862369160611026
4144,9,1,1,0.9425806540037049
4145,10,1,1,0.9991151661839202
4146,8,1,1,0.6876486258748777
4147,9,1,1,0.959818129973369
4148,8,1,0,0.12093354942353925
4149,2,1,1,0.9761828945003744
4150,5,1,0,0.013604371340391143
4151,7,1,0,0.49922587640629323
4152,4,1,0,0.22125870387537447
4153,8,1,0,0.44404335614431545
4154,7,1,1,0.9999041020955945
4155,4,1,0,0.002456026790593616
4156,3,1,0,0.013725001733175018
4157,3,1,1,0.9980735353960652
4158,2,1,1,0.6538252714613415
4159,4,1,1,0.9997592653803173
4160,2,1,0,0.000751701179225954
4161,10,1,0,0.002033093885824259
4162,5,1,1,0.9994304342877864
4163,3,1,0,0.007054220451890345
4164,9,1,0,0.024014365511267868
4165,6,1,1,0.9546258580823026
4166,7,1,1,0.9993921994147174
4167,4,1,1,0.9992514265188496
4168,3,1,1,0.9940722901455966
4169,6,1,1,0.9986035848889617
4170,7,1,1,0.9989047468181843
4171,3,1,0,0.010142399441668415
4172,4,1,1,0.999645760245444
4173,8,1,1,0.9996083990388127
4174,8,1,1,0.9983655058502792
4175,6,1,1,0.753800446198579
4176,3,1,1,0.9999101513020427
4177,2,1,1,0.888514045686845
4178,3,1,1,0.9991525502388192
4179,8,1,1,0.9988045635117784
4180,7,1,1,0.9965104848051554
4181,5,1,1,0.9987785765903637
4182,3,1,0,0.16423304347739984
4183,6,1,1,0.6539067415421755
4184,3,1,1,0.8122835275574852
4185,7,1,0,0.257781228479996
4186,8,1,1,0.9973209816250033
4187,7,1,0,0.36619167076951603
4188,7,1,1,0.9985014134034711
4189,1,1,1,0.9994315287551185
4190,8,1,1,0.8475924386300824
4191,7,1,1,0.9997200904952929
4192,2,1,1,0.9995069145045073
4193,4,1,1,0.9993798994515135
4194,6,1,1,0.9743876171245092
4195,10,1,1,0.7437166211282401
4196,1,1,1,0.9974581296883409
4197,10,1,1,0.7367470749257017
4198,3,1,1,0.988652421998163
4199,10,1,1,0.6019702251008194
4200,2,1,1,0.9992555801316412
4201,9,1,1,0.9997251364778017
4202,7,1,0,0.1056846466982337
4203,6,1,1,0.9160837632148708
4204,9,1,0,0.004912130849746864
4205,8,1,1,0.9997576599952684
4206,9,1,1,0.9818427546895148
4207,9,1,1,0.999022085231141
4208,10,1,1,0.9195049423030119
4209,5,1,0,0.039543661038642
4210,4,1,1,0.6614689427837243
4211,9,1,1,0.9864688240351343
4212,3,1,1,0.9968197230072706
4213,7,1,1,0.9978360744911292
4214,7,1,1,0.8307320946678467
4215,6,1,1,0.9463140863891653
4216,8,1,1,0.9963108508061915
4217,2,1,1,0.9897500410854398
4218,7,1,0,0.18729454924285555
4219,8,1,1,0.9998071120953673
4220,2,1,1,0.9095425489446789
4221,1,1,0,0.1030649539126571
4222,7,1,1,0.9998923077080573
4223,4,1,1,0.9996299908881292
4224,2,1,1,0.9998557140260582
4225,8,1,1,0.9998597901281205
4226,9,1,0,0.25229627861021653
4227,2,1,0,0.031345276047598306
4228,1,1,1,0.9990245307066912
4229,1,1,1,0.9844422560291788
4230,7,1,1,0.9973698127761983
4231,4,1,1,0.999293027673731
4232,10,1,0,0.22220860620339142
4233,10,1,1,0.9989376058445001
4234,7,1,0,0.007169137633824692
4235,10,1,1,0.7505575788361846
4236,5,1,0,0.08792677422303896
4237,2,1,1,0.9996870220853771
4238,6,1,1,0.9994598508044618
4239,9,1,1,0.9910343703587585
4240,8,1,1,0.9966285426187644
4241,9,1,1,0.9997489728068942
4242,6,1,1,0.9908628272064259
4243,3,1,1,0.5030276721649319
4244,9,1,1,0.8153851498212725
4245,8,1,1,0.5813266302610298
4246,6,1,1,0.8901326962819031
4247,9,1,1,0.9999206691510791
4248,4,1,1,0.9996032089466522
4249,6,1,1,0.9889470526556897
4250,9,1,1,0.9976526170744964
4251,10,1,0,0.2228079544654768
4252,4,1,1,0.7956052118659649
4253,2,1,1,0.9998065637991996
4254,8,1,1,0.9989580195363992
4255,2,1,0,0.00647260427668072
4256,1,1,0,0.1516746972351116
4257,7,1,1,0.7778076915058253
4258,7,1,1,0.5835003753805368
4259,3,1,1,0.9997846726792206
4260,3,1,0,0.004650024538848573
4261,7,1,1,0.767591894604155
4262,4,1,1,0.9999248738830934
4263,6,1,1,0.982898593736387
4264,9,1,0,0.07242236968388269
4265,8,1,1,0.9994619758488096
4266,10,1,1,0.9088326471426805
4267,5,1,1,0.9991181028576772
4268,10,1,0,0.36199539771260447
4269,4,1,0,0.06567427747137883
4270,6,1,1,0.647937220433894
4271,5,1,1,0.9997125824584067
4272,7,1,1,0.9969282975392796
4273,7,1,1,0.9965936612419544
4274,5,1,1,0.9995271778009697
4275,7,1,1,0.9997784609469964
4276,10,1,1,0.999658332140831
4277,9,1,1,0.9989941238264957
4278,8,1,0,0.008302277328345717
4279,6,1,1,0.9588801862711835
4280,8,1,1,0.9998232538138448
4281,4,1,1,0.9972324617917281
4282,10,1,1,0.9940425854817907
4283,7,1,1,0.8993045788866026
4284,5,1,1,0.9989401877643569
4285,2,1,1,0.7742897703379834
4286,4,1,1,0.9813621481503305
4287,9,1,0,0.0006934628317008388
4288,8,1,1,0.9994999893309604
4289,8,1,1,0.997834267610064
4290,2,1,1,0.9948801805387334
4291,7,1,1,0.8755689810703458
4292,2,1,1,0.9937900814471679
4293,3,1,1,0.9960500750229335
4294,4,1,0,0.48811163749576325
4295,3,1,1,0.9998160886067484
4296,5,1,0,0.00332253102452738
4297,3,1,0,0.4016630377116005
4298,7,1,0,0.014813765036826826
4299,1,1,0,0.013083500355411838
4300,2,1,1,0.9992427556214043
4301,10,1,1,0.9988193900930167
4302,8,1,1,0.9996685536977965
4303,2,1,1,0.9995046201189537
4304,1,1,1,0.9989422562444787
4305,10,1,0,0.01109933920545455
4306,10,1,1,0.9295098436363458
4307,2,1,1,0.9993361133664329
4308,9,1,1,0.9987095958313543
4309,3,1,1,0.9758987423654819
4310,2,1,1,0.9993158724439164
4311,1,1,0,0.25664597878108353
4312,7,1,1,0.5579260269312029
4313,7,1,1,0.8214032243431457
4314,6,1,1,0.9995084317217257
4315,6,1,0,0.0022565249310113476
4316,9,1,1,0.9839525287354387
4317,4,1,1,0.9980328421631327
4318,3,1,1,0.9988874441718936
4319,8,1,1,0.999569656240749
4320,2,1,1,0.9915507429820613
4321,9,1,1,0.9997640247287223
4322,9,1,1,0.9985922779771781
4323,9,1,0,0.0682382338535099
4324,2,1,1,0.9999235152518716
4325,5,1,1,0.6213174091579658
4326,6,1,1,0.999756740640237
4327,3,1,0,0.00012614233331677713
4328,3,1,0,0.03444382619529056
4329,6,1,1,0.9975297403538794
4330,9,1,1,0.997444358450768
4331,6,1,1,0.9963307943598408
4332,9,1,0,0.41037692920193597
4333,9,1,0,0.04749525192575497
4334,7,1,1,0.9943039464066251
4335,2,1,1,0.9763071637680575
4336,6,1,0,0.09492348935737557
4337,4,1,0,0.00496185666750708
4338,2,1,1,0.9993397512943402
4339,7,1,1,0.5815199708762326
4340,7,1,1,0.9808673648448459
4341,2,1,0,0.30861381011615896
4342,9,1,0,0.0064733101730953535
4343,4,1,0,0.014012074420059022
4344,6,1,1,0.9987324121337204
4345,1,1,1,0.9980921243608676
4346,7,1,1,0.9977382400311715
4347,4,1,1,0.9964003890486817
4348,7,1,1,0.8943335408086532
4349,10,1,1,0.9996489799785777
4350,9,1,1,0.9041235244061898
4351,6,1,1,0.9316043619304399
4352,5,1,0,0.014141046567731089
4353,2,1,1,0.9987751533741749
4354,4,1,1,0.9991650594623477
4355,5,1,1,0.9960243352118923
4356,1,1,1,0.999670226905637
4357,8,1,1,0.998152048922071
4358,8,1,1,0.9998300623308305
4359,10,1,1,0.9984365965850575
4360,7,1,1,0.9988155450441578
4361,3,1,1,0.9998045305851964
4362,5,1,1,0.9997518409778298
4363,1,1,1,0.9987868863464768
4364,3,1,1,0.999384323867989
4365,2,1,1,0.980437454459969
4366,10,1,1,0.8962283913866198
4367,2,1,1,0.999482027754273
4368,10,1,1,0.9997949365892738
4369,1,1,1,0.9907352339520481
4370,8,1,1,0.999836728132301
4371,10,1,1,0.999855014045089
4372,3,1,0,0.12074841372487251
4373,6,1,1,0.9925203216993459
4374,10,1,0,0.036309039954584496
4375,3,1,1,0.8590104307660662
4376,6,1,1,0.9418296055894313
4377,5,1,1,0.5319244231550431
4378,3,1,1,0.9995278588189753
4379,1,1,1,0.999911729548832
4380,7,1,1,0.990240036153574
4381,2,1,1,0.9860237853920242
4382,7,1,1,0.9998385447166966
4383,3,1,1,0.9328562999369951
4384,1,1,1,0.9989528390347326
4385,8,1,1,0.5036412299564772
4386,6,1,1,0.9986626133258663
4387,2,1,1,0.99982295543382
4388,8,1,0,0.11024575621666355
4389,4,1,1,0.9990099531859202
4390,3,1,1,0.9985470693822143
4391,8,1,0,0.10858980102749269
4392,3,1,1,0.6568161573767755
4393,6,1,1,0.9993707236779252
4394,10,1,1,0.534147654700151
4395,3,1,0,0.11031779070370522
4396,4,1,0,0.04398506333059409
4397,9,1,1,0.9997496355736837
4398,3,1,1,0.9009385839870517
4399,1,1,1,0.9998102407571448
4400,9,1,1,0.9991023957258784
4401,3,1,0,0.00911923017597041
4402,9,1,1,0.9389872781292028
4403,7,1,1,0.999830308335176
4404,7,1,1,0.999321563128282
4405,9,1,1,0.9997707907747766
4406,7,1,0,0.004138016712573192
4407,5,1,1,0.9999192981214025
4408,1,1,0,0.13487894040832366
4409,6,1,1,0.9962635305912062
4410,7,1,1,0.9965576220111247
4411,1,1,1,0.9886674518194731
4412,9,1,0,0.21910556974204182
4413,10,1,1,0.9855667888403534
4414,4,1,1,0.9997734986123537
4415,4,1,1,0.9995551214739868
4416,9,1,0,0.021620896424266945
4417,4,1,1,0.9949468393482302
4418,7,1,1,0.9955163544102287
4419,3,1,1,0.9265152686249662
4420,5,1,1,0.9736335631383721
4421,4,1,1,0.9994047668674251
4422,7,1,0,0.015095981591200607
4423,5,1,1,0.998099524819549
4424,9,1,0,0.003191382932001006
4425,7,1,1,0.9935690216052597
4426,9,1,1,0.9989388747233601
4427,5,1,0,0.0168215948971022
4428,8,1,0,0.08286982366266715
4429,10,1,1,0.9946140859197501
4430,2,1,1,0.9996220784634564
4431,1,1,1,0.9996385010335107
4432,8,1,0,0.14274224801322064
4433,9,1,1,0.7534579071465952
4434,4,1,1,0.7353371406488178
4435,10,1,1,0.9638645011050504
4436,6,1,1,0.9998670690563769
4437,5,1,1,0.9735001641353795
4438,7,1,1,0.9998958143668588
4439,2,1,1,0.9993579210140289
4440,4,1,0,0.007259900458444896
4441,4,1,1,0.96128112868602
4442,7,1,0,0.007631054069634598
4443,7,1,1,0.9993767645265501
4444,1,1,1,0.999567287414012
4445,5,1,1,0.6487717757761851
4446,3,1,1,0.9995051800291306
4447,7,1,1,0.6349186541505355
4448,2,1,1,0.9992372729285653
4449,4,1,1,0.9997890315556323
4450,6,1,1,0.9992885312192401
4451,8,1,1,0.9998814386311781
4452,10,1,1,0.9998599965425533
4453,3,1,1,0.9995908095299917
4454,8,1,0,0.057037163354283354
4455,2,1,1,0.9996135416291488
4456,8,1,1,0.9304444459552521
4457,5,1,1,0.9689901650122106
4458,1,1,1,0.9995392386662286
4459,7,1,1,0.9985607916444572
4460,6,1,1,0.6718116336288774
4461,10,1,1,0.9989705951350375
4462,2,1,1,0.999476083127653
4463,10,1,1,0.9986866818832838
4464,8,1,1,0.9996816918881786
4465,1,1,1,0.9993264247305857
4466,8,1,1,0.9995337872141443
4467,4,1,0,0.3506829517002984
4468,6,1,1,0.974424484625499
4469,4,1,1,0.9997559120943619
4470,8,1,1,0.5082569631939848
4471,2,1,1,0.9997957416513391
4472,9,1,1,0.9902544546896663
4473,5,1,1,0.9998813468572434
4474,2,1,0,0.02436182835985207
4475,10,1,1,0.7233884142430123
4476,7,1,1,0.9953068854517193
4477,8,1,1,0.9989748404803043
4478,4,1,1,0.9997113276637083
4479,8,1,0,0.09953353649749369
4480,8,1,1,0.9701539149992645
4481,3,1,1,0.9974006178532062
4482,5,1,1,0.9993978830466188
4483,9,1,1,0.6952257986653769
4484,8,1,1,0.9903937809720533
4485,10,1,1,0.9997953230247711
4486,9,1,0,0.05344184419870217
4487,8,1,1,0.9989947817552138
4488,5,1,1,0.9243731134607154
4489,2,1,1,0.9993496743366816
4490,9,1,1,0.9909031389179912
4491,10,1,1,0.9980428748019166
4492,2,1,1,0.6137188129826543
4493,3,1,1,0.9985327304524143
4494,6,1,1,0.9997898705744794
4495,9,1,1,0.9099317897354999
4496,3,1,1,0.999400060689442
4497,5,1,1,0.9998327014881302
4498,8,1,1,0.6792558688904626
4499,5,1,1,0.9998708443255635
4500,4,1,1,0.9989412188636637
4501,4,1,1,0.9993572260814949
4502,10,1,0,0.03834415147104924
4503,10,1,1,0.8880321740960528
4504,8,1,1,0.9982026744512915
4505,6,1,1,0.9954845061862316
4506,7,1,1,0.7645437206690491
4507,4,1,1,0.9881901061422724
4508,6,1,1,0.9805595206342388
4509,6,1,1,0.9963504409459749
4510,7,1,0,0.01077275970618755
4511,8,1,1,0.998115491877184
4512,4,1,0,0.021249986093931767
4513,3,1,0,0.4260826485016206
4514,8,1,1,0.993950879951466
4515,4,1,1,0.9997633153770376
4516,4,1,1,0.9952315991426439
4517,10,1,1,0.998993780160288
4518,2,1,0,0.003760617177035595
4519,7,1,1,0.5499120107172475
4520,2,1,0,0.031048645008078107
4521,4,1,1,0.9998303372871502
4522,1,1,1,0.9997501506867174
4523,10,1,1,0.9888303066713202
4524,2,1,1,0.7321946229105153
4525,10,1,0,0.4969873133373388
4526,2,1,1,0.999084768917768
4527,3,1,1,0.9966851440869497
4528,9,1,1,0.9968403077958015
4529,6,1,0,0.0008329155859727761
4530,4,1,1,0.9965364009689885
4531,6,1,0,0.016729957973489622
4532,6,1,0,0.43868281936502423
4533,2,1,0,0.19844683529984108
4534,8,1,1,0.922640118490206
4535,6,1,0,0.009205605105109396
4536,7,1,1,0.9831865283116061
4537,1,1,0,0.0011510543847455426
4538,7,1,1,0.8984478392516733
4539,5,1,1,0.9959065168102151
4540,8,1,0,0.4144227226019953
4541,10,1,1,0.9897562728948892
4542,10,1,1,0.9887208109148995
4543,1,1,1,0.9995810995094616
4544,4,1,1,0.9975445157026882
4545,6,1,0,0.3822275834900254
4546,5,1,0,0.006148369730604809
4547,6,1,1,0.9689587405374642
4548,1,1,1,0.841346066539237
4549,9,1,0,0.025555437120220223
4550,5,1,1,0.9923738084407887
4551,2,1,1,0.9993532295635429
4552,1,1,1,0.9995474303559457
4553,9,1,1,0.9987571728291631
4554,3,1,1,0.9907396462597972
4555,2,1,1,0.9938358325839984
4556,1,1,1,0.999896054309699
4557,3,1,1,0.9990593058076918
4558,3,1,1,0.997825285093622
4559,9,1,1,0.9921265906896835
4560,10,1,1,0.997743564627759
4561,8,1,1,0.9995199991548287
4562,3,1,1,0.8388976479595684
4563,5,1,1,0.999781845084683
4564,10,1,1,0.9994890054626528
4565,1,1,1,0.9921370478050431
4566,4,1,1,0.9995034684645762
4567,9,1,1,0.9974478368382926
4568,6,1,1,0.9994874541387263
4569,8,1,1,0.9995284109542231
4570,3,1,0,0.05173565448040187
4571,7,1,1,0.9988656134928388
4572,9,1,0,0.10817240477260867
4573,4,1,1,0.9999601123757136
4574,5,1,0,0.14486929905504875
4575,7,1,1,0.9983569618821979
4576,1,1,1,0.9998209826473224
4577,9,1,1,0.9954839539388005
4578,2,1,1,0.9999420971890473
4579,6,1,1,0.9992899704090534
4580,4,1,0,0.16955747269974256
4581,3,1,0,0.4794801595041973
4582,6,1,1,0.9325998430785131
4583,7,1,1,0.9994051237644657
4584,5,1,0,0.0007858208981570439
4585,1,1,1,0.951833852286323
4586,5,1,1,0.6232808314659265
4587,6,1,1,0.9999347088392723
4588,2,1,1,0.9931200491237634
4589,6,1,0,0.19451142037910812
4590,7,1,1,0.9995869530785089
4591,2,1,1,0.9996751567519355
4592,9,1,1,0.8684095267109281
4593,8,1,1,0.9987568449156439
4594,7,1,0,0.016121693427851955
4595,4,1,1,0.9940910418656699
4596,3,1,0,0.00973669714005796
4597,5,1,1,0.9993356944585923
4598,7,1,1,0.99962415947647
4599,6,1,0,0.0686803671235582
4600,1,1,0,0.23410291810617956
4601,4,1,0,0.015815806341260064
4602,3,1,1,0.9995106861429269
4603,6,1,1,0.8593434194422551
4604,5,1,1,0.9947055381266191
4605,6,1,0,0.12120308561265103
4606,3,1,0,0.0010526875186285794
4607,2,1,1,0.9846041995997985
4608,7,1,1,0.9997670718507012
4609,9,1,1,0.9776562727922049
4610,8,1,0,0.13043764939825003
4611,10,1,1,0.9965672490176669
4612,3,1,1,0.9993808504309509
4613,6,1,1,0.9991176781016646
4614,6,1,0,0.4573492635423586
4615,2,1,1,0.9989321685227976
4616,4,1,1,0.9599232581562941
4617,1,1,1,0.9989896363427135
4618,7,1,0,0.08792121433591184
4619,7,1,1,0.9802919113026154
4620,8,1,1,0.9322086685272545
4621,10,1,1,0.8537129475666347
4622,2,1,1,0.5981928749716918
4623,7,1,0,0.4812384543143095
4624,9,1,1,0.9975190980065118
4625,2,1,1,0.9737393286914513
4626,5,0,0,0.0010415332849080911
4627,6,0,0,0.002752622032679942
4628,1,0,0,0.0006559134872608737
4629,2,0,1,0.9025712074622974
4630,8,0,0,0.0005895298830896312
4631,8,0,0,0.0005950422464654369
4632,4,0,0,0.2248618274698448
4633,2,0,0,0.0007748921884935058
4634,4,0,0,0.0009841026302968114
4635,1,0,0,0.008119968012547007
4636,8,0,0,0.0004892538909927224
4637,7,0,0,0.00630102743628823
4638,9,0,0,0.000322418104993447
4639,8,0,0,0.02008620995132852
4640,8,0,0,0.0010717961280569716
4641,9,0,0,0.0026958567023461586
4642,2,0,1,0.6688787018071216
4643,3,0,0,0.001548910633453361
4644,4,0,0,0.34700543120917493
4645,8,0,0,0.0024802550452317656
4646,5,0,0,0.00011602425888365057
4647,2,0,0,0.012487230683822126
4648,9,0,0,0.0001885397667095245
4649,8,0,0,0.004653052158990707
4650,8,0,0,0.00015986514933005562
4651,6,0,0,0.0006891190198456361
4652,3,0,0,0.008942235468907003
4653,8,0,0,0.0008105384059894993
4654,4,0,0,0.007466451148094577
4655,8,0,0,0.006628161707394635
4656,5,0,0,0.0005466165645108312
4657,6,0,0,0.018127944198567184
4658,3,0,0,0.0004823378230206107
4659,5,0,0,0.00235911629200365
4660,2,0,0,0.001269471708874575
4661,5,0,0,0.0001931226942028049
4662,3,0,0,0.0004093058500366783
4663,6,0,0,0.006837590003349589
4664,5,0,0,0.006464869935824408
4665,8,0,0,0.005716406167325363
4666,2,0,0,0.00015017592079689295
4667,1,0,0,0.030399850000886235
4668,4,0,1,0.7961727853645064
4669,6,0,0,0.01664910760682269
4670,9,0,0,0.0003601374129919935
4671,3,0,0,0.18192266659934467
4672,5,0,0,0.0014821534125533536
4673,6,0,0,0.02803037201713474
4674,7,0,0,0.0018363660528322792
4675,6,0,0,0.00060163968750771
4676,1,0,0,0.004596421161390732
4677,1,0,0,0.0013296410718634652
4678,1,0,0,0.0006136780867045714
4679,1,0,0,0.005038277010163248
4680,3,0,0,0.0010390706568665798
4681,1,0,0,0.00025501754390648736
4682,1,0,0,0.004121162025667655
4683,7,0,0,0.006678012735858496
4684,2,0,0,0.0008260456160463475
4685,4,0,0,0.004548177603965908
4686,4,0,0,0.0001514928459171488
4687,8,0,0,0.024637744883940854
4688,5,0,0,0.004309346980429047
4689,1,0,0,0.0021570696269022373
4690,5,0,0,0.383965209697249
4691,5,0,0,0.0027032846855085443
4692,5,0,0,0.010621348655825006
4693,2,0,0,0.0003034509785220526
4694,7,0,0,0.0011542280829771124
4695,5,0,0,0.00045183353084413455
4696,3,0,0,0.006440558369992573
4697,6,0,0,0.0130320661804556
4698,1,0,0,0.002413132787685258
4699,7,0,0,0.007119297314817544
4700,10,0,0,0.016827573705644923
4701,3,0,0,0.002791107411923334
4702,7,0,0,0.032839424583467544
4703,10,0,0,0.009798479560518323
4704,2,0,0,0.0004368908603231332
4705,5,0,0,0.0008028227466239763
4706,5,0,0,0.00020297825837420393
4707,5,0,0,0.0003082790516600059
4708,5,0,0,0.03925561467557198
4709,9,0,0,0.44515668560426824
4710,4,0,0,0.0026180934952819354
4711,8,0,0,0.008228851809176907
4712,8,0,0,0.03787373844633701
4713,7,0,0,0.0008261569920976104
4714,10,0,0,0.02000831741990508
4715,10,0,0,0.0028920756853232986
4716,4,0,1,0.9997759145093114
4717,9,0,0,0.0015581765243120951
4718,10,0,0,0.004302106878696077
4719,4,0,0,0.002083981734542607
4720,8,0,0,0.0006490358257770526
4721,8,0,0,0.0008418685079641015
4722,10,0,0,0.005487391933195083
4723,1,0,0,0.00047812897325129436
4724,10,0,0,0.044744049121928725
4725,5,0,0,0.007101547674934664
4726,4,0,0,0.0002946205092264688
4727,10,0,0,0.0011659391640091378
4728,10,0,0,0.0030246743372060107
4729,10,0,0,0.001509881473841649
4730,2,0,0,0.3115708470872656
4731,10,0,0,0.0007663881995475458
4732,5,0,0,0.004773924126580869
4733,6,0,0,0.0038961753177658583
4734,2,0,0,0.0006878693058339265
4735,3,0,0,0.005677931512016745
4736,4,0,0,0.0027799280519891023
4737,6,0,0,0.2521187503912608
4738,2,0,0,0.0008052773890019855
4739,1,0,0,0.0012459779956282844
4740,1,0,0,0.0005370835537253458
4741,5,0,0,0.14259657936117026
4742,6,0,0,0.0038712407753122248
4743,10,0,0,0.0007103131148149504
4744,9,0,0,0.01869478360439381
4745,6,0,0,0.010804699045450058
4746,5,0,1,0.9738507948229167
4747,4,0,0,0.38403564378788546
4748,7,0,0,0.009299130382880192
4749,7,0,0,0.0010198978638320073
4750,7,0,0,0.0003763979059921045
4751,7,0,0,0.00026646594293323395
4752,9,0,1,0.9993475896117623
4753,10,0,0,0.0005633646320448378
4754,3,0,1,0.9979228629467821
4755,6,0,0,0.000356346254870864
4756,10,0,0,0.20073787404074656
4757,5,0,1,0.9990698273401177
4758,10,0,0,0.01285122769903835
4759,7,0,0,0.0006533034092200728
4760,2,0,0,0.07302360964032432
4761,9,0,0,0.001344793940892635
4762,6,0,0,0.0002773979608508241
4763,4,0,1,0.6807594765968961
4764,2,0,0,0.0020096319574484873
4765,6,0,0,0.0005472163056427
4766,10,0,0,0.005320024666434163
4767,6,0,0,0.0787895206244606
4768,8,0,0,0.003211734440366461
4769,3,0,1,0.8383263706538208
4770,6,0,0,0.0006922540043111315
4771,9,0,0,0.0007205631787621856
4772,6,0,0,0.00040559118653352074
4773,2,0,0,0.005832205450035288
4774,5,0,0,0.004387964590461133
4775,1,0,0,0.18286458016097845
4776,4,0,0,0.000605379908990503
4777,2,0,0,0.0006557394728456119
4778,4,0,1,0.9904061401379329
4779,4,0,0,0.0015877121638247357
4780,4,0,0,0.0017228627491884863
4781,1,0,0,0.03642952479130622
4782,5,0,0,0.005543556751675687
4783,10,0,0,0.004348158511965815
4784,4,0,0,0.01928451233832306
4785,1,0,0,0.014258712658783094
4786,2,0,0,0.00030209241424570025
4787,7,0,0,0.000257186686561665
4788,1,0,0,0.002885084120639671
4789,3,0,0,0.0051120610633893625
4790,2,0,0,0.0005890681193405631
4791,7,0,0,0.006066734180271596
4792,2,0,0,0.0008235350086725729
4793,7,0,0,0.009964820851125978
4794,3,0,1,0.993416630801174
4795,2,0,0,0.08683547565224639
4796,5,0,1,0.9947243257970341
4797,2,0,0,0.03232723244259164
4798,1,0,0,0.0007387788597198406
4799,3,0,0,0.0015687592703800964
4800,9,0,0,0.0006789638048678366
4801,7,0,0,0.03694816380143334
4802,10,0,0,0.0002907005756202106
4803,4,0,0,8.130864090637885e-05
4804,1,0,0,0.0027263632401804848
4805,6,0,0,0.005141805556509766
4806,8,0,0,0.002784169437328254
4807,3,0,0,0.00027981773749341987
4808,2,0,0,0.016464474570543088
4809,10,0,0,0.0029171541213333973
4810,9,0,0,0.0015054494262771066
4811,4,0,0,0.004983391603309446
4812,4,0,0,0.0005555061242643983
4813,1,0,0,0.0017229148898839878
4814,7,0,0,0.0009209393602477998
4815,3,0,0,0.0018733285417123031
4816,8,0,0,0.001331575372231484
4817,1,0,0,0.0033220448709242205
4818,7,0,0,0.0013733594305224573
4819,1,0,0,0.007712026419609353
4820,2,0,1,0.9789604922984273
4821,6,0,0,0.0006881317100486965
4822,8,0,0,0.0024494605543282887
4823,5,0,1,0.9851329747261114
4824,1,0,0,0.0023230438719945633
4825,9,0,0,0.005016249279046144
4826,8,0,0,0.14442243567845872
4827,5,0,0,0.0010854236331335448
4828,9,0,0,0.00028256157932952806
4829,4,0,0,0.11617728904692533
4830,5,0,0,0.02566367431476308
4831,9,0,0,0.007473399339712463
4832,2,0,0,0.0004395960006019277
4833,7,0,0,0.02485480562050708
4834,7,0,0,0.001307563142257787
4835,9,0,0,0.0015929952722339808
4836,7,0,0,0.0002838347356502667
4837,9,0,1,0.5522295129098916
4838,2,0,0,0.001352584457085189
4839,4,0,0,0.0008771359807868012
4840,7,0,0,0.006626203673366642
4841,9,0,1,0.5075656248580199
4842,1,0,0,0.37772392372093905
4843,3,0,0,0.0020389842040585814
4844,7,0,0,0.0005632998250114829
4845,1,0,0,0.000451080543188998
4846,9,0,0,0.0001276830883940828
4847,7,0,0,0.00015303358919199872
4848,4,0,0,0.0009733180133444379
4849,3,0,0,0.121834130424266
4850,3,0,0,0.00015533230580544802
4851,5,0,0,0.0009699400059234838
4852,5,0,0,0.00404681823931569
4853,2,0,0,0.0001713340222911332
4854,1,0,0,0.04225163354094438
4855,7,0,0,0.002986249861427954
4856,5,0,0,0.001364999560037479
4857,5,0,0,0.0002269171509243084
4858,9,0,0,0.00041416279582469985
4859,4,0,0,0.010823666804232213
4860,3,0,0,0.0002595157605393571
4861,4,0,0,0.005491675248519181
4862,6,0,0,0.0014884123978650388
4863,5,0,0,0.0008029051296075913
4864,5,0,0,0.00018168156317627734
4865,6,0,0,0.0016254315666581812
4866,1,0,0,0.0005674144504040707
4867,2,0,0,0.0019311290257748369
4868,9,0,0,0.0009145265321756678
4869,8,0,0,0.021679788793744537
4870,1,0,0,0.0002351317593654866
4871,9,0,0,0.004755511827071113
4872,3,0,1,0.5643028278851892
4873,7,0,0,0.013186608044366194
4874,5,0,0,0.003032825900403723
4875,10,0,0,0.0019343468957983016
4876,3,0,0,0.0015665085648769747
4877,6,0,0,0.0011553145802601795
4878,4,0,0,0.013222792338562125
4879,9,0,0,0.0005468317958098079
4880,6,0,1,0.8329596985479406
4881,5,0,0,0.0019300189896487275
4882,10,0,0,0.0005928661089217917
4883,2,0,0,0.21831554634920422
4884,2,0,0,1.6422961667331115e-05
4885,5,0,0,0.00609241775213824
4886,10,0,0,0.04274567792018506
4887,3,0,0,0.0017090201719613183
4888,8,0,0,0.06887786251840632
4889,6,0,0,0.000567751796210042
4890,2,0,0,0.009070296559014191
4891,5,0,0,0.00021346522970102912
4892,6,0,0,0.026070656850459957
4893,10,0,0,0.005656216131336784
4894,8,0,0,0.013560586484996466
4895,2,0,1,0.9717958111640012
4896,6,0,0,0.11169214788029791
4897,4,0,0,0.00043422082767455403
4898,5,0,0,0.0016090612741550693
4899,10,0,0,0.17729222785685161
4900,2,0,0,0.00023984835533690326
4901,5,0,0,0.035461686379898355
4902,10,0,0,0.019465710186763734
4903,2,0,0,0.2854216064688909
4904,7,0,0,0.009879466908312916
4905,10,0,1,0.8514637857651596
4906,10,0,0,0.0032559423297360275
4907,3,0,0,0.0043239076032516805
4908,7,0,0,0.006084175205184869
4909,2,0,0,0.000896517844576262
4910,1,0,0,8.592781728629568e-05
4911,7,0,0,0.24735631963499521
4912,1,0,0,0.0010016587737175062
4913,10,0,0,0.0004498050794245466
4914,8,0,0,0.001191799008007637
4915,2,0,0,0.00030904099295188793
4916,5,0,0,0.011568161312928715
4917,6,0,0,0.0013497073540441847
4918,5,0,0,0.4407443455466676
4919,7,0,1,0.8653424593678465
4920,10,0,0,0.04246748172151858
4921,8,0,0,0.00019596821996471986
4922,8,0,0,0.18444630533465517
4923,5,0,0,0.0032996190887149028
4924,5,0,0,0.0011360114882407073
4925,1,0,0,0.0015561800623504337
4926,5,0,0,0.01574203428002694
4927,6,0,0,0.00047405675231556666
4928,2,0,0,0.20473529342592467
4929,1,0,0,0.08382094974850712
4930,1,0,1,0.7425258764598492
4931,6,0,1,0.7124162096761983
4932,5,0,0,0.004349821434025478
4933,4,0,0,0.0046072076610574955
4934,7,0,0,0.0019157451529564487
4935,1,0,0,0.11874029353921099
4936,9,0,0,0.0015457393728979148
4937,5,0,0,0.0010324477857143383
4938,4,0,1,0.9987726694863694
4939,9,0,0,0.0029518567645218496
4940,9,0,0,0.00017982105836928904
4941,10,0,0,0.21173198278056723
4942,3,0,0,0.00048271304452695565
4943,2,0,0,0.0004957154453287191
4944,7,0,0,0.0010760762942271778
4945,5,0,1,0.9346042812011471
4946,6,0,0,0.0007385615758037777
4947,8,0,0,0.001512232403980777
4948,1,0,0,0.0002492854967327965
4949,6,0,0,0.001343995472456983
4950,1,0,0,0.0016848494350851558
4951,7,0,0,0.00438745114200974
4952,5,0,0,0.00931352909139916
4953,5,0,1,0.9996786034270914
4954,2,0,0,0.000490336472629371
4955,7,0,0,0.0004150473605508579
4956,6,0,0,0.2612106895812357
4957,3,0,1,0.9746780316452012
4958,10,0,0,0.0006726230868953564
4959,3,0,0,0.15278688725938355
4960,3,0,0,0.00036860448972959447
4961,2,0,0,0.0028412879960680584
4962,9,0,0,0.006862236608834275
4963,5,0,0,0.002045061080239924
4964,1,0,0,0.0014656423839945667
4965,10,0,0,0.24885704271607198
4966,2,0,0,0.0029176401412646124
4967,1,0,1,0.9994056461615933
4968,7,0,0,0.00034008315791409947
4969,3,0,0,0.00073692651433236
4970,7,0,0,0.0006036471111189614
4971,9,0,0,0.015732051922108536
4972,10,0,0,0.0008162146319565396
4973,6,0,0,0.002320572746120275
4974,3,0,0,0.00737872223161979
4975,5,0,0,0.0005166969211231245
4976,8,0,0,0.0006048926186111646
4977,3,0,0,0.0010039076083291731
4978,10,0,0,0.004808035765944072
4979,3,0,0,0.001049920909823352
4980,6,0,0,0.005706139500791381
4981,5,0,0,0.18160133886964042
4982,6,0,1,0.9831785427660349
4983,3,0,0,0.006393936769137971
4984,4,0,0,0.00927532309395294
4985,4,0,0,0.002102458841407814
4986,7,0,0,0.00034328219747877426
4987,5,0,0,0.004857071007645276
4988,3,0,0,0.0009986827399935695
4989,7,0,1,0.9635099030572642
4990,10,0,1,0.82625447527125
4991,2,0,1,0.9942683734472622
4992,5,0,0,0.0031127559283633836
4993,10,0,0,0.0005683102905560424
4994,10,0,0,0.0006801529403657202
4995,9,0,0,0.09097681050199477
4996,9,0,0,0.02554235103766892
4997,5,0,0,0.0013365967292622825
4998,6,0,0,0.0007667125326748733
4999,1,0,0,0.0020219431653681307
5000,5,0,1,0.5849843515845657
5001,2,0,0,0.0013614713319013518
5002,7,0,0,0.009487589196825883
5003,10,0,0,0.00032410021031319364
5004,6,0,0,6.413966907137354e-05
5005,1,0,0,0.004437569360088848
5006,6,0,0,0.004461674253225855
5007,8,0,0,0.291040786322178
5008,8,0,0,0.23588262780568575
5009,5,0,0,0.0011111799516148645
5010,10,0,0,0.0007681636850684891
5011,9,0,0,0.0006844120992748298
5012,4,0,0,0.0006148608106501203
5013,10,0,0,0.0012414104817982231
5014,2,0,0,0.0015010807384114773
5015,1,0,0,0.0006117286969116269
5016,1,0,0,0.0001514054953809351
5017,8,0,0,0.000280279322168762
5018,1,0,0,0.00216964536123185
5019,6,0,0,0.28438526972488876
5020,8,0,0,0.007852881212262373
5021,8,0,1,0.8758031977745162
5022,8,0,1,0.9925389835629794
5023,7,0,0,0.00048076551458796796
5024,4,0,0,0.003769071164488613
5025,1,0,0,0.00011296596366695967
5026,1,0,0,0.0002466699400252208
5027,4,0,0,0.0027726799852484866
5028,2,0,0,0.0036819067528943636
5029,2,0,1,0.9718633408321935
5030,9,0,0,0.0008850177473483146
5031,1,0,0,0.004627133723671644
5032,3,0,1,0.76225101094086
5033,8,0,0,0.001310505988120497
5034,1,0,0,0.015097520583971416
5035,6,0,0,0.004607514596659964
5036,10,0,0,0.4994852353129488
5037,7,0,0,0.00198500435732308
5038,6,0,0,0.0007821445997531443
5039,9,0,0,0.19172496379548115
5040,4,0,0,0.007261180764350484
5041,8,0,0,0.005300074722417358
5042,3,0,0,0.00156705832021062
5043,6,0,0,0.0075221033910508545
5044,6,0,0,0.004562244249069477
5045,10,0,0,0.00023127780022133
5046,9,0,0,0.00020131151843839922
5047,9,0,0,0.01227538785008036
5048,8,0,0,0.0002146919773863711
5049,2,0,1,0.9932090168369123
5050,8,0,0,0.00039779991623093005
5051,2,0,0,0.0025098930073280826
5052,9,0,1,0.9471232234328424
5053,8,0,0,0.007067375750233752
5054,4,0,0,0.00025240864271490135
5055,7,0,0,0.0005593736912154143
5056,2,0,0,0.0030211055221762793
5057,3,0,0,0.00022257009787673672
5058,1,0,0,0.014157583075716025
5059,8,0,0,0.005294075870822222
5060,6,0,0,0.0054348489430308304
5061,6,0,0,0.02760754386547474
5062,3,0,0,0.085159742379325
5063,7,0,0,0.0007763101269494681
5064,3,0,0,0.0002990597699074488
5065,1,0,0,0.0005270848371372522
5066,4,0,0,0.0022963782091798665
5067,7,0,0,0.0003472536380879918
5068,3,0,0,0.004273327728507933
5069,9,0,1,0.8202174247322738
5070,3,0,0,0.0068304945700214705
5071,8,0,0,0.2737668855814366
5072,5,0,0,4.3507168272769385e-05
5073,2,0,0,0.2985030415595459
5074,10,0,0,0.0005738807078738616
5075,9,0,0,0.005575555769009422
5076,5,0,0,0.0026624489723202785
5077,8,0,0,0.000361271276399568
5078,6,0,1,0.97717139027457
5079,4,0,0,0.0001577281143419129
5080,1,0,0,0.0005932255556200132
5081,9,0,0,0.00011250029565959641
5082,9,0,0,0.00224097431642847
5083,1,0,0,0.002318211538707747
5084,5,0,0,0.0004975956206923501
5085,5,0,0,0.0015392962051176174
5086,2,0,0,0.0010776234027755854
5087,3,0,0,0.008916005239470042
5088,1,0,0,0.01616043477911501
5089,1,0,0,0.005632710695331069
5090,1,0,0,0.0013703435527243307
5091,4,0,0,0.0035195531155022787
5092,8,0,0,0.03300329644690536
5093,4,0,0,7.662087618337723e-05
5094,1,0,0,0.04339787927586137
5095,6,0,0,0.0002123130671245899
5096,4,0,0,0.0015042276525115603
5097,4,0,0,0.28461538687588384
5098,1,0,0,0.0003293544256054503
5099,4,0,0,0.0013661064583143632
5100,6,0,0,0.00016339794826519683
5101,7,0,0,0.1420862425993971
5102,3,0,0,0.00048029126734559937
5103,8,0,0,0.0019113558786842413
5104,2,0,0,0.07575548732099832
5105,4,0,1,0.9988641215261774
5106,6,0,0,0.010258844164830042
5107,6,0,0,0.003195028019088094
5108,6,0,0,0.00417494429609443
5109,1,0,0,0.0015804347750655045
5110,4,0,0,0.0346361959864812
5111,6,0,0,0.0008885935898907145
5112,9,0,0,0.00019862460820009204
5113,5,0,0,0.012434895339738565
5114,2,0,0,0.0041656751000394895
5115,6,0,0,0.013396422627099912
5116,2,0,0,0.0002168306270652816
5117,8,0,0,0.003024837213980581
5118,7,0,0,0.0014912239187713943
5119,10,0,0,0.0002119245701658811
5120,6,0,0,0.0006861942698891328
5121,1,0,0,0.0002587023067163337
5122,2,0,0,0.00260452267698804
5123,2,0,0,0.0002982981577224503
5124,6,0,0,0.0011267086757514753
5125,8,0,0,0.0010122823754048866
5126,10,0,0,0.024257528432313588
5127,9,0,0,0.00025038180515032644
5128,7,0,0,0.05902976893364904
5129,5,0,0,0.057114051759575075
5130,7,0,0,0.053778848113545004
5131,7,0,0,0.0016982078606288626
5132,9,0,0,0.03023222186643881
5133,5,0,0,0.002399651268540227
5134,8,0,0,0.002827957679037615
5135,2,0,1,0.9989904708328098
5136,10,0,0,0.0010127308010419275
5137,6,0,0,0.0054566751328397394
5138,2,0,0,0.025328108033045194
5139,4,0,0,0.001087827679993053
5140,10,0,0,0.0007542731003640301
5141,6,0,1,0.9958758878674008
5142,10,0,0,0.10005345702223797
5143,6,0,0,0.0013625049104375774
5144,6,0,0,0.0005120660807933926
5145,8,0,0,0.0005999074185472819
5146,3,0,0,0.0006688758522388451
5147,3,0,0,0.006646276183373639
5148,8,0,0,0.10024581456155442
5149,7,0,0,0.0010633441673816165
5150,8,0,0,0.004250259123845905
5151,5,0,0,0.0003458070971045973
5152,7,0,0,0.0015075463408930358
5153,10,0,0,0.006327608822478381
5154,6,0,0,0.0007362260762735826
5155,3,0,0,0.0003634065660154826
5156,7,0,0,0.0004619529890319262
5157,9,0,0,0.028305009826528373
5158,5,0,0,0.012172379499279573
5159,1,0,0,0.0008347332142208983
5160,3,0,0,0.0003100408651014129
5161,10,0,0,0.261661155827442
5162,10,0,0,0.012881447380323397
5163,1,0,0,0.000494235620158154
5164,9,0,0,0.0008668553014842592
5165,8,0,0,0.004144897658977415
5166,3,0,0,0.013816669656210116
5167,6,0,0,0.0016526570674840135
5168,9,0,0,0.0008778109008401548
5169,9,0,0,0.015843451245163613
5170,6,0,0,0.000586447519474351
5171,8,0,0,0.0009704186462012873
5172,10,0,0,0.027719690532438657
5173,6,0,0,0.001014355042485429
5174,7,0,0,0.00045816085640644505
5175,7,0,0,0.012849281601593831
5176,8,0,0,0.003013483244049207
5177,8,0,0,0.000189156055724669
5178,10,0,0,9.479659812308289e-05
5179,2,0,1,0.6226212951004482
5180,5,0,0,0.0017047016897504864
5181,7,0,0,0.014725916239196899
5182,5,0,0,0.0008635369617054249
5183,1,0,0,0.003730116967700565
5184,2,0,0,0.005552258949070588
5185,6,0,0,0.00010467679265588997
5186,5,0,0,0.3430498806352281
5187,9,0,0,0.003569286529892449
5188,5,0,0,0.0008054326263161602
5189,3,0,0,0.006573344863357631
5190,5,0,0,0.0009057384201518806
5191,6,0,0,0.0012356579465619985
5192,3,0,0,0.00015267248759888403
5193,7,0,0,7.308642932729125e-05
5194,1,0,0,0.0006774568243583919
5195,8,0,0,0.004641289195689204
5196,3,0,0,0.00030037470637845113
5197,8,0,0,0.0009465442251486071
5198,4,0,0,0.0071335329744406685
5199,9,0,0,3.706095293324124e-05
5200,9,0,0,0.0006287309376671412
5201,6,0,0,0.000730548431815611
5202,9,0,0,0.0003763682878995801
5203,3,0,0,0.00640352737631596
5204,4,0,1,0.9994957633459653
5205,4,0,0,0.009656030970825331
5206,6,0,0,0.025909062677184846
5207,7,0,0,0.011832486550613447
5208,1,0,1,0.9819280626216851
5209,2,0,0,0.08683524058356754
5210,5,0,0,0.0007270500103972804
5211,8,0,0,0.007529122564873781
5212,6,0,0,0.0002854716659953783
5213,10,0,0,0.013308839036354856
5214,4,0,0,0.0003223384103663187
5215,9,0,0,0.000890248213980962
5216,1,0,0,0.00013929081140297972
5217,4,0,0,0.0021714200247018043
5218,7,0,0,0.0075421902688516335
5219,3,0,0,0.00023022178132522486
5220,5,0,0,0.005407611191100087
5221,10,0,1,0.8587527289653865
5222,6,0,0,0.19473332864183424
5223,6,0,0,0.00024669840735120984
5224,8,0,0,0.05350840474951961
5225,2,0,0,0.0022268564127158356
5226,10,0,0,0.002842994612393199
5227,3,0,0,0.0006485427386751486
5228,10,0,0,0.0017560556032864619
5229,8,0,0,0.05480888409471612
5230,3,0,0,5.481641705586015e-05
5231,1,0,0,0.0016067917309493672
5232,6,0,0,9.037874098438738e-05
5233,10,0,0,0.0010803466348645102
5234,6,0,0,0.00543590812001118
5235,3,0,0,0.000573823008920105
5236,4,0,0,0.0006033433873607095
5237,5,0,0,0.011522713877629426
5238,10,0,0,0.28868721037719464
5239,6,0,1,0.7006012300730745
5240,10,0,0,0.00046529212811712966
5241,6,0,0,0.33195698359602477
5242,8,0,0,0.0009580915490987749
5243,7,0,0,0.006393249921661293
5244,4,0,0,0.008408631101508609
5245,10,0,0,0.0004854371935311501
5246,5,0,0,0.004742110031242991
5247,6,0,0,0.0009520324377505219
5248,8,0,0,0.00025443391366679606
5249,2,0,0,0.0005319593623665841
5250,6,0,0,0.0027309752025929876
5251,3,0,0,0.01918964019963976
5252,6,0,0,0.0006141760336795506
5253,3,0,0,0.00180326674120469
5254,2,0,0,0.19860490241968676
5255,4,0,0,9.961616510526791e-05
5256,7,0,0,0.001973038065372459
5257,10,0,1,0.9988068289038861
5258,8,0,0,0.005469234114832069
5259,10,0,0,0.0005053191736433906
5260,6,0,0,0.0005456771494954512
5261,5,0,0,0.021179427015110875
5262,8,0,0,0.0022452947216252852
5263,10,0,0,0.0072293767642065175
5264,9,0,0,0.0010256860387955233
5265,6,0,0,0.0005408582453534308
5266,3,0,0,0.0036222407898435995
5267,8,0,0,0.0010987863257656489
5268,4,0,0,0.0072099081028850764
5269,2,0,0,0.00029474951928083954
5270,5,0,0,0.0014991390371841711
5271,4,0,0,0.0003505727755803153
5272,2,0,0,0.0034122972678309197
5273,10,0,0,0.017245422536057757
5274,2,0,1,0.9995128076144562
5275,8,0,1,0.8180707030884226
5276,8,0,1,0.7721382570770607
5277,8,0,0,0.0041010537590461475
5278,2,0,0,0.0015811041765588195
5279,10,0,0,0.0012617137021486338
5280,4,0,0,0.039656375324996995
5281,6,0,0,0.3803154655775548
5282,4,0,0,0.023935368064807755
5283,1,0,0,0.04227220458499636
5284,6,0,0,0.001400805066286473
5285,7,0,0,0.023090820251520823
5286,5,0,0,0.00011315822584955046
5287,9,0,0,0.0017122678723180958
5288,8,0,0,0.0015189342585496042
5289,6,0,0,0.0020554974944851
5290,9,0,1,0.6155179551953387
5291,8,0,1,0.792907775767774
5292,5,0,0,0.014126397998613238
5293,9,0,0,0.0024953401296883065
5294,6,0,0,0.006581202937150471
5295,4,0,0,0.00034149475651391306
5296,9,0,1,0.892707668744074
5297,9,0,0,0.0024361795915403637
5298,1,0,0,0.003368998290611042
5299,5,0,0,0.010110759595770902
5300,5,0,0,0.002703835541488836
5301,1,0,0,0.0006976577720329578
5302,6,0,0,0.0015208738509736083
5303,3,0,0,0.0025877858014682936
5304,9,0,0,0.011556042777227162
5305,4,0,0,0.0038434790613458138
5306,6,0,0,0.0017676797048484319
5307,2,0,0,0.0002023934292246742
5308,8,0,0,0.00787515314098082
5309,10,0,0,0.0007999990474740203
5310,2,0,0,0.0004123029863102922
5311,5,0,0,0.0009420996227383719
5312,3,0,0,0.13143401911666658
5313,3,0,0,0.000410202279317269
5314,9,0,1,0.921111249751762
5315,1,0,0,0.002383287550409859
5316,5,0,1,0.999378541840239
5317,5,0,0,0.13231846987482582
5318,7,0,0,0.07768073859252471
5319,2,0,0,0.0006377582909013755
5320,3,0,0,0.022503661129804974
5321,7,0,0,0.0036243466738928943
5322,1,0,0,0.0004966122672751701
5323,5,0,0,0.0010267152068471133
5324,10,0,0,0.0006726299425130743
5325,6,0,0,0.013344509566765582
5326,7,0,0,0.26803437919860235
5327,2,0,0,0.0013271091197529334
5328,4,0,0,0.05910340743830356
5329,8,0,0,0.03237356311106988
5330,5,0,0,0.0007264354187675019
5331,5,0,0,0.00035210807893194346
5332,4,0,0,0.006182104387214066
5333,4,0,0,0.029211103290135248
5334,7,0,0,0.14839190601596114
5335,3,0,0,0.008385291857705368
5336,2,0,0,0.0011854669530548003
5337,4,0,1,0.5199151341388705
5338,6,0,0,0.00010100446412761473
5339,8,0,0,0.009161816429884999
5340,5,0,0,0.0046005183272261755
5341,1,0,0,0.009383006988168834
5342,10,0,0,0.0003280203168245398
5343,5,0,0,0.004891223316179699
5344,5,0,0,0.38923197995305536
5345,8,0,0,0.0009048365464566928
5346,1,0,0,0.0004582884260070558
5347,9,0,1,0.9926669885334707
5348,2,0,0,0.00036857381735618184
5349,10,0,0,0.0024564859781328243
5350,4,0,0,0.0011234076775433395
5351,1,0,0,0.0005839708201116683
5352,1,0,0,0.0019546130894744257
5353,9,0,0,0.00259818464571173
5354,2,0,0,0.018796465137482336
5355,10,0,0,0.011365449052897308
5356,4,0,0,0.004802986538808637
5357,3,0,0,0.07010787202931322
5358,1,0,0,7.152944228017227e-05
5359,7,0,0,0.0037665379869325035
5360,5,0,0,0.0005402888582943566
5361,9,0,0,0.0005136750055529798
5362,4,0,0,0.011748715842386567
5363,7,0,0,0.005153334225873461
5364,1,0,0,0.00022621146759138996
5365,7,0,0,0.015603123014436891
5366,3,0,0,0.001197908373814239
5367,9,0,0,0.1822528644661403
5368,1,0,0,0.06796848736951534
5369,9,0,0,0.011765379631144539
5370,10,0,0,0.0024859958639305768
5371,6,0,0,0.023636949114627135
5372,8,0,1,0.680933156795015
5373,6,0,0,0.001722922487152816
5374,10,0,0,0.019261699986106277
5375,5,0,0,0.004839316536721139
5376,10,0,0,0.0011257311278238188
5377,3,0,0,0.0020418303313952937
5378,2,0,0,0.0005460864421032159
5379,7,0,0,0.02198439084056698
5380,6,0,0,0.0010815169522344773
5381,4,0,0,0.0011515307670944273
5382,1,0,0,0.00022010451248374567
5383,10,0,0,0.0008212893457578567
5384,6,0,1,0.9403498988737413
5385,5,0,0,0.004700685256074814
5386,8,0,0,0.0014785148061600365
5387,6,0,0,0.16334463240716254
5388,5,0,0,0.00204578596992343
5389,7,0,0,0.0005142195472417006
5390,6,0,1,0.9669648928758713
5391,10,0,0,0.006220505464554514
5392,4,0,0,0.011559976542262262
5393,5,0,0,0.0003034661885200797
5394,10,0,0,0.10225810549923106
5395,9,0,0,0.0005064710060178206
5396,6,0,0,0.0036722842555604275
5397,3,0,0,0.002236968243990136
5398,5,0,0,0.0006517170605984545
5399,8,0,0,0.008590159255970169
5400,8,0,0,0.0006449874689337177
5401,2,0,0,0.003874426430207659
5402,3,0,0,0.0002174990977011442
5403,7,0,0,0.00011117807433733557
5404,5,0,0,0.00014587325598281516
5405,9,0,0,0.0012415891797775643
5406,7,0,0,0.00019738986700457525
5407,3,0,0,0.21364127382517087
5408,1,0,1,0.5928865327692938
5409,6,0,1,0.7297512068538159
5410,10,0,0,0.0009705719622045065
5411,1,0,0,0.007210306851333973
5412,5,0,0,0.0011597168351240787
5413,4,0,0,0.0013827512236780836
5414,9,0,0,0.014382073460861405
5415,7,0,1,0.5926688216529978
5416,5,0,0,0.011373540406852164
5417,9,0,0,0.0005342454102829121
5418,5,0,0,0.0010653832074872444
5419,2,0,0,0.00012775434656315718
5420,5,0,0,0.0005820369659648182
5421,1,0,0,0.0024906402715749293
5422,4,0,0,0.001014776655358103
5423,9,0,0,0.01899199811883852
5424,7,0,0,0.007414695352238941
5425,6,0,0,0.0007925410846774816
5426,1,0,0,0.0010746928311557466
5427,10,0,0,0.0006413147923568269
5428,7,0,0,0.0030114811837000334
5429,9,0,0,0.044585430318909956
5430,6,0,0,0.00034263808375860154
5431,1,0,0,0.004322891082438622
5432,7,0,0,0.00040038289234079307
5433,7,0,0,0.005072361455218257
5434,7,0,0,0.003129280660043432
5435,5,0,0,0.0005828612818454882
5436,2,0,0,0.0008098435916600916
5437,5,0,0,0.010660526858776375
5438,1,0,0,0.2902718096243726
5439,6,0,1,0.6549992780523806
5440,2,0,0,0.00022897069528483236
5441,4,0,0,0.0016193554240856861
5442,5,0,0,0.000144360893788145
5443,2,0,0,0.0013823682745993785
5444,2,0,0,5.317159246030015e-05
5445,7,0,0,0.0064589928484370335
5446,10,0,0,0.00025608535667309413
5447,10,0,0,0.028872415069676013
5448,1,0,1,0.7369108038005306
5449,10,0,0,0.00016406073816997499
5450,5,0,0,0.05038921638571479
5451,10,0,0,0.0013977004226071882
5452,9,0,0,0.0020185355653674435
5453,10,0,0,0.002460618209567381
5454,4,0,0,0.0001342572651344256
5455,9,0,0,0.024333618468191397
5456,10,0,0,0.002085234267216291
5457,5,0,0,0.0009553709383318708
5458,10,0,0,0.21490012624064436
5459,3,0,0,0.003928952974087751
5460,5,0,0,0.0029068621976355907
5461,5,0,0,0.0001595851121191762
5462,1,0,0,0.006229572397683561
5463,9,0,0,0.008569445329680528
5464,7,0,0,0.0008278746835694448
5465,3,0,0,0.004219536176703807
5466,10,0,0,0.0006530818718518024
5467,1,0,0,0.031501954039123356
5468,2,0,0,0.2429231079655612
5469,5,0,0,0.00671593006683377
5470,2,0,0,0.014337491063078368
5471,2,0,0,0.31721872955790037
5472,1,0,0,0.02141000137476242
5473,8,0,0,0.010824162657988433
5474,7,0,0,0.00024212949155983813
5475,1,0,0,0.024917534600635477
5476,3,0,0,0.0038176048357944506
5477,7,0,0,0.037093429808829376
5478,8,0,0,0.04793445543203456
5479,9,0,0,0.010044492066107448
5480,8,0,0,0.010837354358016539
5481,7,0,0,0.020635766839639448
5482,2,0,0,0.0011629143831602038
5483,4,0,0,0.024507818818714507
5484,4,0,0,0.012990753472636956
5485,7,0,0,0.0001193839752509824
5486,6,0,0,0.40725100720187896
5487,9,0,0,0.0020275834962904214
5488,8,0,0,0.0005387427086997748
5489,7,0,1,0.9898001002305038
5490,2,0,0,7.223317576282131e-05
5491,10,0,0,0.06971245369773191
5492,7,0,0,0.0010749129920003444
5493,2,0,0,0.0008990997014868086
5494,4,0,0,0.002967558090722129
5495,1,0,0,0.000768645576219274
5496,7,0,0,0.0028525896985939683
5497,5,0,0,0.18930413206910734
5498,8,0,0,0.0028325664098600494
5499,7,0,0,0.0003322369288985148
5500,8,0,0,0.001285569006523164
5501,1,0,0,0.0018922985138006129
5502,6,0,0,0.0021191469776515293
5503,10,0,0,0.0019117186068596304
5504,3,0,0,0.010873717432508898
5505,2,0,0,0.0018776372292961766
5506,10,0,0,0.0031796436739780524
5507,7,0,0,0.00950487816477345
5508,10,0,0,0.0002903715421319615
5509,7,0,0,0.08376414153871524
5510,8,0,0,7.9198296307579e-05
5511,6,0,0,0.001181308269916171
5512,9,0,0,0.0006757032998902649
5513,5,0,0,0.001988569047196597
5514,7,0,0,0.00036775759658227677
5515,6,0,0,0.014060771864847282
5516,5,0,0,0.0038183540906274586
5517,4,0,0,0.004623074207801766
5518,1,0,0,0.0030110942891900996
5519,6,0,0,0.003332443613751645
5520,8,0,0,0.00036034192796118703
5521,3,0,0,0.003760259008535781
5522,3,0,0,0.001588501319547209
5523,1,0,0,0.025231652738966815
5524,8,0,0,0.016091996926479748
5525,1,0,0,0.07793019395488636
5526,6,0,0,0.005611826223356337
5527,8,0,0,0.0015517454255390352
5528,7,0,0,0.0003014268558209034
5529,10,0,0,0.0012233454121382016
5530,8,0,0,0.01867430268736613
5531,10,0,0,0.04034023490925803
5532,3,0,0,0.0004823972817743846
5533,8,0,0,0.0009927966079117888
5534,2,0,0,0.0007315516018006879
5535,9,0,0,0.004451642328432549
5536,7,0,0,0.0010928691246302057
5537,2,0,0,0.00044154885485199127
5538,8,0,0,0.0009631279387358022
5539,7,0,0,0.011870982724122936
5540,6,0,0,0.005112317856524332
5541,2,0,0,0.0004973621539658662
5542,4,0,0,0.0009395129203903663
5543,4,0,0,0.0005984535477814836
5544,10,0,0,0.002755133356000521
5545,8,0,0,0.000447658859325161
5546,8,0,0,0.42779755229789374
5547,5,0,0,0.2706300809623762
5548,10,0,0,0.003448640159236137
5549,2,0,0,0.0023050875987517304
5550,5,0,0,0.002670004866749175
5551,3,0,0,0.0012237484526230664
5552,10,0,0,0.0015842889192990706
5553,6,0,0,0.00019806305864591132
5554,7,0,0,0.0012295919253882044
5555,9,0,0,0.000643963906356843
5556,10,0,0,0.009280378363105244
5557,7,0,0,0.0017326067495683287
5558,6,0,0,0.004853705134841629
5559,8,0,0,0.2089399194858495
5560,3,0,0,0.00016006092637468574
5561,4,0,0,0.00035327040238457606
5562,9,0,0,0.0001578819039438972
5563,9,0,0,0.006878030115522415
5564,1,0,0,0.0005430108340364867
5565,1,0,0,0.0001955422649036496
5566,9,0,0,0.004464908035991531
5567,8,0,0,0.002477785123964118
5568,7,0,0,0.0001846156915877652
5569,4,0,0,0.38543062327322797
5570,5,0,0,0.014572024535591813
5571,1,0,0,0.004941391348599741
5572,4,0,0,0.0056227607806435135
5573,2,0,0,0.00018929215607830133
5574,8,0,0,0.0012919458711398782
5575,6,0,0,0.0003511648041428321
5576,3,0,0,0.0072871933540337944
5577,6,0,0,0.00023526305390366768
5578,4,0,0,0.4599570481203957
5579,7,0,0,0.006213944153697809
5580,10,0,0,0.008576719041235508
5581,7,0,0,0.14723211916834722
5582,7,0,0,0.020253485114156082
5583,3,0,0,0.0007101710509966495
5584,7,0,0,0.00017196293180219205
5585,5,0,0,0.0012274250783650582
5586,3,0,0,0.0027626478187165317
5587,9,0,0,0.009864266374081556
5588,4,0,0,0.0011676085886384966
5589,4,0,0,0.0007050254216058686
5590,10,0,1,0.9678267253764498
5591,6,0,0,0.004561777283518742
5592,7,0,0,0.00530296613997255
5593,6,0,0,0.29814005965908413
5594,3,0,0,0.0006733934477327323
5595,2,0,0,0.0033258690043824497
5596,5,0,0,0.0023568475390167
5597,3,0,0,0.0008881909995534426
5598,4,0,0,0.00031447885649330307
5599,4,0,0,0.009875180008836493
5600,6,0,0,0.002270084317071324
5601,7,0,0,0.023558780624104464
5602,10,0,0,0.0041806930875222525
5603,4,0,0,0.0486496279292266
5604,6,0,0,0.05101004491878483
5605,7,0,0,0.00020832276112362703
5606,3,0,0,0.00048520900264080116
5607,5,0,1,0.8048615698110395
5608,4,0,0,0.06780844319583258
5609,3,0,0,0.00022805432778870768
5610,9,0,0,0.0007165758980669125
5611,3,0,0,0.0351016948718848
5612,3,0,0,0.0044774554952245055
5613,4,0,0,0.07458640515510401
5614,3,0,0,0.06069439696518644
5615,6,0,0,0.054533836555331804
5616,2,0,0,0.0004555363015828229
5617,8,0,0,0.0055452559915498386
5618,3,0,0,0.05042730249099779
5619,2,0,0,0.01596291001159593
5620,5,0,0,0.0051374139366746575
5621,5,0,0,0.0012934845885996013
5622,2,0,0,0.00093011859356079
5623,1,0,0,0.00067585768676687
5624,10,0,0,0.004192084971673878
5625,2,0,0,0.005285349039398488
5626,6,0,0,0.002277891371570564
5627,8,0,0,0.00021569681066065617
5628,6,0,0,0.0008480305955370811
5629,9,0,1,0.7444305539424456
5630,8,0,0,5.3518397356710264e-05
5631,5,0,0,0.01642747428273101
5632,6,0,0,0.0003359929153771693
5633,7,0,0,0.06462742895111638
5634,7,0,0,0.0003263781759644959
5635,4,0,1,0.5706711721323852
5636,9,0,0,9.118213570200361e-05
5637,6,0,0,0.00027802827136405204
5638,8,0,0,0.004058798994605316
5639,4,0,0,0.00019376275819000713
5640,1,0,0,0.002156127026813896
5641,5,0,0,0.001458183111368725
5642,4,0,0,0.054564112782583905
5643,3,0,0,0.0011826591200635723
5644,8,0,0,0.00023737287429820755
5645,2,0,0,0.11112209884270319
5646,3,0,0,0.002548434622706181
5647,2,0,0,0.008288236558993621
5648,10,0,0,0.005619729055037069
5649,2,0,0,0.03859754836714563
5650,5,0,0,0.13106651653592982
5651,9,0,0,0.0015792180541232541
5652,4,0,0,0.0025319260391818425
5653,1,0,0,0.014339211247291943
5654,7,0,0,0.001154551971644936
5655,6,0,0,0.0025397033411004386
5656,6,0,0,0.001037390091014385
5657,1,0,0,0.024167098656612013
5658,6,0,0,0.004113479548401171
5659,5,0,0,0.001127179294802175
5660,3,0,0,0.001293594953540513
5661,8,0,0,0.00022291719504148502
5662,9,0,0,0.00369997655923918
5663,10,0,0,0.03741645474088495
5664,10,0,0,0.000827793433497382
5665,8,0,0,0.0019483683713680618
5666,2,0,1,0.9877386148806762
5667,9,0,0,0.0002562983841576714
5668,10,0,0,0.0026932230207895726
5669,9,0,0,0.0001469669669302691
5670,8,0,0,0.0010882803449952794
5671,4,0,0,0.0004148619706099538
5672,7,0,0,0.012234343390896444
5673,1,0,0,0.004648721054267432
5674,2,0,0,0.0002892109299929768
5675,10,0,0,0.0002921165908530063
5676,6,0,0,0.0023795063969500995
5677,8,0,0,0.010034447833789529
5678,7,0,0,0.0013056440891704587
5679,10,0,0,0.00035606933075882455
5680,5,0,0,0.00040039899981499376
5681,10,0,0,0.003977455390599606
5682,7,0,0,0.0004526585113578053
5683,10,0,0,0.006385775808571454
5684,7,0,0,0.006123429261455815
5685,1,0,0,0.015645561455008245
5686,2,0,0,0.00011211235861722225
5687,2,0,0,0.008174523654812542
5688,6,0,1,0.8902910882559489
5689,5,0,0,0.0007619690498663764
5690,5,0,0,0.02700363688229098
5691,4,0,0,0.0008185470943253051
5692,1,0,0,0.003363509801442555
5693,1,0,0,0.001647222171581933
5694,10,0,0,0.004357023317801756
5695,2,0,0,0.26373029017528216
5696,7,0,0,0.0013682231572397187
5697,6,0,0,0.013688563538127677
5698,2,0,0,0.00044044725873886644
5699,6,0,0,0.0003224043821863529
5700,3,0,0,0.006129193085775716
5701,8,0,0,0.0003645206488374626
5702,4,0,0,0.0013044075284675194
5703,2,0,1,0.8838872854492863
5704,1,0,0,0.07447118024614117
5705,5,0,0,0.002077735532356598
5706,8,0,0,0.00216030927340994
5707,1,0,0,0.004013228776297666
5708,4,0,0,0.06056222910474851
5709,10,0,0,0.018310378321251698
5710,1,0,1,0.9904395477533308
5711,8,0,0,0.181177869507488
5712,2,0,0,0.00032602760322852345
5713,5,0,0,0.036343938188724806
5714,9,0,0,0.22288802078619535
5715,8,0,1,0.7436753515636967
5716,4,0,0,0.0011022242520406073
5717,1,0,0,0.0007062292354315478
5718,5,0,0,0.0016108477261029648
5719,8,0,0,0.00030172305257737897
5720,4,0,0,0.00033736708212124685
5721,4,0,0,0.0058694970222246505
5722,7,0,1,0.7501936464871701
5723,8,0,0,0.001610187477452456
5724,3,0,0,0.00041154487195934686
5725,10,0,0,0.016478604384880264
5726,4,0,0,0.001385685958140319
5727,2,0,0,0.007231202891113096
5728,1,0,0,0.010909544178094142
5729,10,0,0,0.001243266863599858
5730,6,0,0,0.0026521774712185467
5731,1,0,1,0.9996051657618409
5732,4,0,0,0.0004476191657575232
5733,6,0,0,0.04011277293533576
5734,7,0,0,0.004775134080721336
5735,8,0,0,9.730525098357295e-05
5736,6,0,0,0.00030401691428741406
5737,5,0,0,0.02177395965459879
5738,4,0,0,0.132388390506042
5739,8,0,0,0.003205735542090742
5740,7,0,0,0.3627865221041919
5741,8,0,0,0.00036065083699507927
5742,2,0,0,0.0012386761907428804
5743,6,0,0,0.00023369697339538186
5744,5,0,0,0.22756432508549643
5745,3,0,0,0.0004384542565609918
5746,1,0,0,0.005440619522322936
5747,5,0,0,0.033324807509446844
5748,9,0,0,0.02150212185474745
5749,6,0,0,0.009291060982024882
5750,6,0,0,0.0066165066903162125
5751,7,0,0,0.23627147462315962
5752,6,0,0,0.27927622113447037
5753,9,0,0,0.02870523205286199
5754,6,0,0,0.0009063191613055883
5755,9,0,0,0.0003365142390691187
5756,7,0,0,0.0008155110937632048
5757,5,0,0,0.00636137081199955
5758,5,0,0,0.0011545583847190973
5759,3,0,0,0.026070486352955703
5760,9,0,0,0.001437078990059655
5761,5,0,0,0.4812661238286247
5762,8,0,0,0.0005053194216636351
5763,4,0,0,0.14393142762110364
5764,9,0,0,0.005763699291292196
5765,2,0,0,0.002513593905503458
5766,7,0,0,0.003994936654530351
5767,4,0,0,0.005068169350798101
5768,5,0,0,0.012961778912993056
5769,10,0,0,0.1330910328122003
5770,3,0,0,0.0005563721903386746
5771,7,0,0,0.019686793674646538
5772,4,0,1,0.9742970948462659
5773,10,0,0,0.020172108927961528
5774,10,0,0,0.012690708421555301
5775,8,0,0,0.00032796340345295346
5776,8,0,0,0.00102527130771426
5777,6,0,0,0.00017040361702446894
5778,6,0,0,0.0019129177649869283
5779,6,0,0,0.00012640502490236588
5780,1,0,0,0.0009032101985111164
5781,6,0,0,0.35020173409646904
5782,10,0,0,0.0001417949694530905
5783,1,0,1,0.9970649623627703
5784,8,0,0,0.005465607476697436
5785,10,0,0,0.006387395438646699
5786,4,0,0,0.057824103245344406
5787,10,0,0,0.002660748981783414
5788,10,0,0,0.00046429616212593014
5789,10,0,0,0.4134647588178412
5790,3,0,0,0.000504673125140805
5791,2,0,0,0.0002516127417175196
5792,3,0,0,0.00016480767180942222
5793,7,0,0,0.0021184538183012178
5794,5,0,0,0.030581409260766655
5795,5,0,0,0.004510715924917677
5796,7,0,0,0.0031536494263710926
5797,5,0,0,0.00458689885463058
5798,9,0,0,0.0004343072078924638
5799,10,0,0,0.011402107899574255
5800,6,0,0,0.05196295038913151
5801,6,0,0,0.00037075666762162706
5802,6,0,0,0.0007167687822795334
5803,6,0,0,0.0022487321231575296
5804,5,0,0,0.003954866457348508
5805,9,0,0,0.0022209013471801713
5806,5,0,0,0.0005575617133934601
5807,3,0,0,0.019261218242644776
5808,2,0,0,0.007222838215627417
5809,5,0,0,0.006871880727156061
5810,3,0,0,0.001064132892900096
5811,7,0,0,0.0015414458976153588
5812,9,0,0,0.003326346156294406
5813,8,0,0,0.0023156003162832384
5814,5,0,1,0.8692035299158203
5815,4,0,0,0.0017755210953686036
5816,2,0,1,0.998688954534408
5817,5,0,0,0.0011082581727306984
5818,2,0,0,0.00029555851444440734
5819,5,0,0,0.0006212250803296313
5820,8,0,0,0.0047493050059396824
5821,5,0,0,0.0007157820157515629
5822,3,0,0,0.001373257465096552
5823,2,0,1,0.5857196035988703
5824,4,0,0,0.00012395333346247074
5825,5,0,0,0.003276411971030264
5826,5,0,0,0.04180315633614152
5827,9,0,0,0.054441441440956514
5828,1,0,0,0.00657343710412918
5829,9,0,0,0.0019423462313210302
5830,6,0,0,0.00011564783879900236
5831,3,0,0,0.0005197735009946552
5832,4,0,0,0.0008905701368608789
5833,7,0,0,0.00022544620918933124
5834,1,0,0,0.005071683838472129
5835,4,0,0,0.0001479797456397117
5836,4,0,0,0.004683005450471805
5837,8,0,0,0.00030423230522331053
5838,4,0,0,0.00295227670186117
5839,10,0,0,0.0018590597355294587
5840,8,0,1,0.9263115796566044
5841,5,0,0,0.0007807596945223198
5842,6,0,0,0.005785693219873889
5843,10,0,0,0.00043012354260410734
5844,4,0,0,0.0010479184951879938
5845,7,0,0,0.0003168967361313001
5846,1,0,0,0.0006812547264718524
5847,8,0,0,0.008264716122387897
5848,10,0,0,0.04143074083539799
5849,9,0,1,0.5161749876597159
5850,4,0,0,0.00063035070407557
5851,10,0,0,0.0014383259326852104
5852,3,0,0,0.02211447961211597
5853,4,0,0,0.09088582087774005
5854,1,0,0,0.0010390640457051295
5855,7,0,0,0.0010287490675028625
5856,8,0,0,0.29721139508119887
5857,5,0,0,0.00419067965253056
5858,6,0,0,0.003083016699059713
5859,7,0,0,0.2403472984337239
5860,10,0,0,9.623282516084475e-05
5861,9,0,0,0.0004380281283916517
5862,10,0,0,0.0013524063903258506
5863,3,0,0,0.000647650655138802
5864,4,0,0,0.0030083194363727792
5865,8,0,0,0.0008522287349404539
5866,6,0,0,0.00017224247934334287
5867,6,0,0,0.00023900695670443258
5868,6,0,0,0.0011927648107456325
5869,3,0,0,0.3277597748222824
5870,5,0,0,0.001044424671848874
5871,7,0,0,0.3033423583356285
5872,10,0,0,0.0023076518486367264
5873,4,0,0,0.0006709682203456302
5874,3,0,0,0.0009497262671569586
5875,1,0,0,0.00017750763960706082
5876,6,0,0,0.00022494879487878295
5877,9,0,0,0.000573186764768828
5878,4,0,0,0.0007522496611456173
5879,1,0,0,0.26969072861019683
5880,10,0,0,0.004353703487918899
5881,7,0,0,0.025180060862724788
5882,7,0,0,0.00037052886247454926
5883,7,0,0,0.01011918984438955
5884,8,0,0,0.0122060150205177
5885,8,0,0,0.00019727404195071647
5886,4,0,0,0.00035596131172131143
5887,5,0,0,0.0538624828204535
5888,5,0,0,0.01103789539445159
5889,1,0,0,0.0029306598576930333
5890,8,0,0,0.009898298897771302
5891,6,0,0,0.0011871808188579874
5892,4,0,0,0.019272738731221924
5893,4,0,0,0.000558380422183473
5894,3,0,0,0.0003972981175541887
5895,3,0,0,0.00012889194653325676
5896,7,0,0,0.005518204757312123
5897,2,0,0,0.00843598362765485
5898,9,0,0,0.00042005148254270475
5899,5,0,0,0.0002533488957327223
5900,9,0,0,0.0031073006820438406
5901,4,0,0,0.001128507366655773
5902,9,0,0,0.054267915833601674
5903,6,0,0,0.013963366052840107
5904,2,0,0,0.004900636443978886
5905,4,0,0,0.0028145527836254897
5906,3,0,0,0.033320825385587435
5907,10,0,0,0.0031306667881256384
5908,4,0,0,0.0018966485320397843
5909,6,0,0,0.03358986670046883
5910,6,0,1,0.9929232570340305
5911,3,0,0,0.00013649040554519103
5912,9,0,0,0.0018953972460454215
5913,2,0,0,0.0006364084672757152
5914,6,0,0,0.2728874975587334
5915,2,0,0,0.012047923227591462
5916,3,0,0,0.006370363622641003
5917,5,0,1,0.751583679333536
5918,1,0,0,0.002241126808561358
5919,2,0,0,0.001567591211771459
5920,7,0,0,0.0015438776087831462
5921,10,0,0,0.0029688369473300147
5922,4,0,0,0.22249411914019354
5923,2,0,1,0.7606260419579894
5924,6,0,0,0.003967097443919777
5925,8,0,0,0.23832527451372615
5926,9,0,0,0.0574178623375903
5927,7,0,0,0.000803280440072992
5928,10,0,1,0.5686317401528922
5929,3,0,0,0.0004671293149573827
5930,7,0,0,0.00014786178651753085
5931,5,0,0,0.02419136491560911
5932,1,0,0,0.0014087141124821277
5933,7,0,0,0.0020841006935647505
5934,10,0,0,5.371969006521995e-05
5935,10,0,1,0.9996600682119476
5936,8,0,0,0.001163608313317189
5937,3,0,0,0.004232446437994693
5938,1,0,0,0.07257267577221624
5939,9,0,0,0.010422099844164503
5940,7,0,0,0.002037599695301291
5941,1,0,0,0.004802344235457113
5942,4,0,0,0.0005123064792225316
5943,1,0,0,0.22159180136455142
5944,9,0,0,9.841239057249829e-05
5945,2,0,0,0.004169294659127415
5946,10,0,0,0.007004409687812248
5947,3,0,0,0.0006189423885836615
5948,8,0,0,0.0004748448336728791
5949,1,0,1,0.9219448073176204
5950,2,0,0,0.0004448538914732094
5951,3,0,0,0.0003012199804886585
5952,3,0,0,0.0033961717918668194
5953,8,0,0,0.00037564669953586726
5954,6,0,0,0.0005021067033490303
5955,6,0,0,0.004370415288658991
5956,3,0,0,0.002140114099299611
5957,1,0,0,0.001983910315133618
5958,4,0,0,0.02564179719410073
5959,9,0,1,0.9956898687705759
5960,9,0,0,0.0032828498175528267
5961,6,0,0,0.001126202457968694
5962,8,0,0,0.010335944267993715
5963,1,0,0,0.0008508131289648897
5964,3,0,0,0.0018069598629198835
5965,10,0,0,0.002049042241545694
5966,2,0,0,0.004404830081837402
5967,9,0,0,0.003098069742539715
5968,8,0,0,0.000998055580988244
5969,6,0,1,0.9883418836232494
5970,9,0,0,0.00040070411599740536
5971,7,0,0,0.00976887364950449
5972,6,0,0,0.04437245557826917
5973,4,0,0,0.2057602510495357
5974,4,0,0,0.004964255786812041
5975,2,0,0,0.0027244949147162897
5976,9,0,0,0.4071896540073393
5977,7,0,0,0.0004969415091434024
5978,4,0,0,0.0007812990846901773
5979,10,0,0,0.0017226173870793014
5980,9,0,0,0.0162320926728389
5981,8,0,0,0.001938642276337525
5982,8,0,0,0.005498263401635501
5983,10,0,0,0.18137175067769573
5984,9,0,0,0.0005375574536584681
5985,5,0,0,0.00041776811681046804
5986,4,0,0,0.00016790890104787304
5987,1,0,0,0.0005563793231974974
5988,10,0,0,0.04871659253305223
5989,8,0,1,0.9975073371634245
5990,1,0,0,0.30225654195469287
5991,4,0,0,0.024360449123267708
5992,2,0,1,0.9966837165141733
5993,3,0,0,0.004068797146639409
5994,10,0,0,0.002379852430814259
5995,5,0,0,5.0718335616294865e-05
5996,2,0,0,0.0033524991854482294
5997,5,0,0,0.0003097111736367027
5998,10,0,0,0.03919202440284588
5999,9,0,0,0.008093151088842603
6000,5,0,0,0.001033661521958001
6001,6,0,0,0.4427929000649813
6002,7,0,0,0.06706184178650723
6003,6,0,0,0.0026409414139380695
6004,5,0,1,0.5744855485743832
6005,7,0,1,0.9995684989982823
6006,3,0,0,0.0340055246946106
6007,4,0,0,9.901500450636846e-05
6008,2,0,0,0.0007461908062591907
6009,3,0,0,0.01992491926619632
6010,1,0,0,0.0012222614384545985
6011,7,0,0,0.05274931272231417
6012,3,0,0,0.0002830150986776541
6013,10,0,1,0.9110822817135472
6014,3,0,0,0.0007705624604813812
6015,1,0,0,0.0026754636181017598
6016,8,0,0,0.003582174955271204
6017,9,0,0,0.44421470646850064
6018,9,0,0,0.002501246936450818
6019,10,0,0,0.010409692823089518
6020,9,0,0,0.001720019484794687
6021,8,0,0,0.002728427537738209
6022,1,0,0,0.22053244728648908
6023,5,0,0,0.0015334460522406087
6024,7,0,0,0.0011622460379786775
6025,2,0,0,0.01314187198064241
6026,3,0,0,0.46626208747380005
6027,8,0,0,0.001205752119563147
6028,6,0,0,0.004940222505323911
6029,7,0,0,0.14441624444779785
6030,2,0,0,0.002853073074921219
6031,10,0,0,0.013051534075908911
6032,2,0,0,0.00010815133890944519
6033,1,0,0,0.0027221548317399175
6034,7,0,0,0.0004935241800212172
6035,5,0,0,0.0005328080155611669
6036,10,0,0,0.0016792866722516106
6037,4,0,0,0.0007463837898387952
6038,8,0,0,0.004756103948821219
6039,10,0,0,0.2428806148829597
6040,6,0,0,0.011298780013570164
6041,4,0,0,0.0005049410522747434
6042,9,0,0,0.002638182195278299
6043,8,0,1,0.9809897589092622
6044,10,0,0,0.005645853628848056
6045,9,0,0,0.17696039031954375
6046,6,0,0,0.0029119059889493475
6047,6,0,0,0.013783320950146576
6048,7,0,1,0.9987789657417272
6049,6,0,0,0.01371053686593576
6050,6,0,0,0.0008498781866711802
6051,1,0,0,0.13680485324319194
6052,6,0,0,0.0021659779595002973
6053,8,0,0,0.1388578624705726
6054,10,0,0,0.00038483693808756504
6055,2,0,1,0.9728421940653051
6056,3,0,0,0.030936482516700357
6057,7,0,0,0.0002259951506800142
6058,9,0,0,0.0001360869975370599
6059,3,0,0,0.00025561298086431865
6060,3,0,0,0.0006112490907801768
6061,10,0,0,0.005331889116996086
6062,1,0,0,0.0015091188730366814
6063,9,0,0,0.008043503485489165
6064,8,0,0,0.000129467306588431
6065,4,0,0,0.00023429227797013482
6066,9,0,0,0.001009775678917821
6067,2,0,0,0.020181880290387526
6068,4,0,0,0.02799070189242659
6069,1,0,1,0.9977021779531243
6070,6,0,0,0.04101283355074344
6071,3,0,0,0.00034360676294075315
6072,4,0,0,0.0008037614176380971
6073,1,0,0,0.011701038573470079
6074,2,0,1,0.7785397239484743
6075,2,0,0,0.0019576014396950002
6076,9,0,0,0.02800641498936408
6077,5,0,0,0.00493066737994803
6078,4,0,0,0.00028066865346253314
6079,7,0,0,0.005696576892231605
6080,9,0,0,0.0008110064243579009
6081,6,0,0,0.0009364530413709955
6082,1,0,0,0.0013963967561715564
6083,3,0,0,0.003994124653398328
6084,3,0,0,0.0036441206116803932
6085,3,0,1,0.9893917532989538
6086,8,0,1,0.9471921552384446
6087,6,0,0,0.0037311591926250803
6088,5,0,0,0.002310709668095245
6089,5,0,0,0.0025758433504105152
6090,10,0,0,0.005876792658361531
6091,9,0,0,0.0010594519564980699
6092,1,0,0,0.00045006181480129097
6093,5,0,1,0.9993130830851167
6094,4,0,1,0.7306346329258819
6095,3,0,0,0.011283752040212779
6096,1,0,0,0.0014926229669137733
6097,5,0,0,0.17648539131384544
6098,7,0,0,0.00013450392607323755
6099,10,0,0,0.024750554003906952
6100,6,0,0,0.2661500719668527
6101,10,0,0,0.33498582289214884
6102,2,0,0,0.0004545717950054544
6103,6,0,0,0.002972595096477945
6104,6,0,0,0.04991978267005845
6105,8,0,0,0.08300415363782114
6106,4,0,0,0.0020887625797489156
6107,7,0,1,0.6053554185686487
6108,3,0,0,0.002942997782747517
6109,2,0,0,0.024853308354797925
6110,3,0,0,0.0023673967569218927
6111,6,0,0,0.0032351057959296003
6112,1,0,0,0.01853417659156819
6113,1,0,0,0.0003361141525629573
6114,8,0,0,0.02672806067728652
6115,7,0,0,0.00010253668267194169
6116,1,0,0,0.0005714779695479455
6117,6,0,1,0.9989130330910657
6118,4,0,0,0.0003826730664939837
6119,8,0,1,0.9682296074358063
6120,6,0,0,0.008226541170574036
6121,6,0,0,0.0004955117925326742
6122,10,0,0,0.03527290396287315
6123,10,0,0,0.0003083122326607218
6124,2,0,0,0.0010465708047738
6125,1,0,0,0.002962367742808595
6126,8,0,0,0.00034828755439426907
6127,3,0,0,0.006280618519890502
6128,7,0,1,0.9969809922439842
6129,8,0,0,0.0005057238275905491
6130,10,0,0,0.00038009767864632764
6131,4,0,0,0.00017357838857314677
6132,8,0,0,0.002106559099982769
6133,6,0,0,0.0033853723954293366
6134,2,0,0,0.0009146317462727105
6135,7,0,0,0.00037372950316112637
6136,6,0,0,0.14607912101731257
6137,1,0,0,0.003676781759075318
6138,6,0,0,0.0012261774408179654
6139,1,0,0,0.012513488918979918
6140,4,0,0,0.17772405885501896
6141,10,0,0,0.0014889845539203125
6142,9,0,1,0.9995420837686663
6143,9,0,0,0.0038441747850866677
6144,8,0,0,0.0029853947245377386
6145,9,0,0,0.0019010352347725592
6146,8,0,0,0.05827378261421996
6147,5,0,0,0.010673156948110203
6148,7,0,0,0.00024538284467282836
6149,4,0,1,0.9968610511424074
6150,5,0,0,0.021305070853732476
6151,9,0,0,0.0006768163778864485
6152,8,0,0,0.0005488026071681469
6153,9,0,0,0.2135604366225929
6154,1,0,0,0.00048615429585356445
6155,1,0,0,0.006188471544820785
6156,2,0,0,0.0018965622171973869
6157,5,0,0,0.0013417168693763263
6158,5,0,0,0.0005757266448066513
6159,10,0,0,0.004986719652059423
6160,2,0,0,0.0010069679374366265
6161,10,0,0,0.0029667747748027217
6162,4,0,0,0.1033263441095003
6163,10,0,0,0.0007055325598025888
6164,5,0,0,0.0011755627681029057
6165,8,0,0,0.00017071703236997798
6166,10,0,0,0.0008915805356529559
6167,7,0,0,0.00020531285067273947
6168,6,0,1,0.8233395434888654
6169,2,0,0,0.0012961637687809483
6170,8,0,0,0.007245426712172996
6171,7,0,0,0.006507395651226593
6172,3,0,0,0.0006327474771572114
6173,4,0,0,0.0005506420025394139
6174,9,0,0,0.005189749352961591
6175,7,0,0,0.0015614235513787488
6176,2,0,0,0.016073908845951487
6177,5,0,0,0.0017152247892733426
6178,3,0,0,0.0016155426093129326
6179,8,0,0,0.4871721613615215
6180,3,0,0,0.00433111685276705
6181,6,0,0,0.051403482332216546
6182,8,0,0,0.015329623084711868
6183,9,0,0,0.4809856567537231
6184,1,0,0,0.0021315244753479373
6185,4,0,0,0.11580632156322823
6186,4,0,0,0.10222592178574391
6187,3,0,1,0.9129831497778845
6188,3,0,0,0.00030207573916210783
6189,8,0,0,0.00019223817075054634
6190,2,0,0,0.008944270275082662
6191,9,0,0,0.0003101698889170176
6192,2,0,0,0.0010646703356006393
6193,1,0,0,0.0005769417337542309
6194,2,0,0,0.0002481496857706795
6195,8,0,0,0.002115375050181783
6196,7,0,0,0.0006051971272382026
6197,2,0,1,0.8558442775654177
6198,3,0,0,0.0003075492085062036
6199,6,0,0,0.0010998179358208918
6200,3,0,0,0.0013736272067929067
6201,4,0,0,0.0008314069034917517
6202,2,0,0,0.003852189410665315
6203,2,0,0,0.004591483035602457
6204,5,0,0,0.02481315593756517
6205,3,0,0,0.0041878072907829515
6206,5,0,0,0.012631082780322374
6207,5,0,0,0.0014796528116153014
6208,6,0,0,0.008629560332260833
6209,10,0,0,0.0012491895666009608
6210,6,0,0,0.0001292166848407977
6211,6,0,0,0.003883533186325606
6212,10,0,0,0.01023182700061012
6213,10,0,1,0.8376081833046092
6214,1,0,0,0.4914583446908761
6215,7,0,0,0.0826239361444309
6216,9,0,0,0.24638100476475958
6217,7,0,0,0.057605062713968605
6218,9,0,1,0.9983706822710835
6219,3,0,0,0.0112449583340186
6220,8,0,0,0.009756004823025839
6221,3,0,0,7.43310990051063e-05
6222,7,0,0,0.0005013941522532691
6223,8,0,0,0.0007163809959901473
6224,9,0,0,0.0011324686592153158
6225,7,0,0,0.002543458504576278
6226,3,0,0,0.059428528063802576
6227,3,0,0,0.33830174492559484
6228,10,0,0,0.31446638477940764
6229,7,0,0,0.0018356944917247984
6230,1,0,0,0.0008685563962326577
6231,6,0,1,0.9685649760939614
6232,2,0,0,0.0012614470497616537
6233,9,0,1,0.7607192577192423
6234,9,0,0,0.005839155260385588
6235,7,0,0,0.001651531954037268
6236,3,0,0,0.01155603652442779
6237,5,0,0,0.0014589865382551833
6238,6,0,0,0.013852030430668643
6239,6,0,0,0.008101168312551471
6240,10,0,0,0.0005678378911465146
6241,3,0,0,0.00044270457606008075
6242,1,0,0,0.00035697122660803137
6243,9,0,0,0.007022511423406053
6244,1,0,0,0.008340375766136261
6245,4,0,1,0.545625267618518
6246,10,0,0,0.00017920463639498532
6247,10,0,0,0.05103547166681929
6248,2,0,0,0.0050843144073633075
6249,1,0,0,0.001085935601271897
6250,6,0,0,0.0005652732945602598
6251,1,0,0,0.00240061119713828
6252,3,0,0,0.00030483247522984506
6253,9,0,0,0.015457157995843008
6254,8,0,0,0.0017701113390223718
6255,5,0,0,0.006881416879590101
6256,9,0,0,0.004809002115613478
6257,10,0,0,0.008691216862391028
6258,10,0,0,0.0027166433618096304
6259,2,0,0,0.0031857928105047334
6260,7,0,0,0.009995817803713202
6261,5,0,0,0.19120711028899245
6262,3,0,0,0.0007272178154584138
6263,5,0,0,0.0011803044832422941
6264,5,0,0,0.00048271746438094756
6265,4,0,1,0.9621964444619132
6266,3,0,0,0.009287655528457589
6267,10,0,0,0.0017031002765230897
6268,10,0,0,0.0011642166219549624
6269,4,0,0,0.0008124674279264713
6270,10,0,0,0.0002752542159188583
6271,7,0,0,8.634690139387655e-05
6272,8,0,0,0.0003505295340908923
6273,5,0,0,0.3725469227776214
6274,3,0,0,0.001189481577506396
6275,2,0,0,0.0018368466195565094
6276,2,0,0,0.00046189055426670877
6277,10,0,1,0.9768802303398751
6278,9,0,0,0.00034281730389860694
6279,5,0,0,0.0021027806733466665
6280,6,0,0,0.0036418235953479313
6281,7,0,0,0.0007129310013298201
6282,8,0,0,0.00015847366832465483
6283,3,0,0,0.05238672773560381
6284,9,0,0,0.0007672189208155596
6285,9,0,0,0.060012037933564015
6286,2,0,0,0.00047787513050501223
6287,8,0,1,0.9550266159261129
6288,9,0,0,0.0019974878733800636
6289,7,0,0,0.0026366411853127113
6290,4,0,0,0.0026402363235501236
6291,4,0,0,0.0009685751588464579
6292,1,0,0,9.727598823452837e-05
6293,2,0,0,0.01629351139580572
6294,2,0,0,0.0889471996937882
6295,2,0,1,0.8418360902868454
6296,8,0,0,0.0007341363404604371
6297,7,0,0,0.1587511090577365
6298,6,0,0,0.002597149904331839
6299,3,0,0,0.027679241704916025
6300,3,0,0,0.00650539591344548
6301,8,0,0,0.004504134631288491
6302,7,0,0,0.0003862102234290282
6303,7,0,1,0.9933213017913323
6304,7,0,0,0.0011797326961080178
6305,6,0,0,0.00039543917406763875
6306,9,0,0,0.0004305961672477093
6307,5,0,0,0.000703785001541469
6308,8,0,0,0.009019320830851805
6309,7,0,1,0.9981532684966135
6310,1,0,1,0.9989334272054067
6311,4,0,0,0.001519038890324808
6312,10,0,0,0.0006601875047827661
6313,8,0,0,0.11239404238647471
6314,7,0,0,0.00028494378370201703
6315,8,0,0,0.0021377260251995234
6316,2,0,0,0.006268384466902624
6317,10,0,1,0.9923020348841722
6318,2,0,0,0.0005536197706920443
6319,7,0,0,0.003643179734150104
6320,4,0,0,0.00010402818927328018
6321,10,0,0,0.04023652945385682
6322,1,0,0,0.0003961803636132713
6323,1,0,0,0.0003436624826711015
6324,3,0,0,0.0001485295871265788
6325,3,0,0,0.0007304465177705262
6326,5,0,0,0.04228082356095133
6327,6,0,0,0.0006011356740034356
6328,3,0,0,0.017348307309035322
6329,4,0,1,0.981953078463164
6330,9,0,1,0.7753601121687708
6331,9,0,0,0.008379924413361755
6332,7,0,0,0.020070616676414507
6333,6,0,0,0.0004983188380960683
6334,5,0,0,0.0002595055428724203
6335,4,0,0,0.017661069919281343
6336,7,0,0,0.0007706300932075315
6337,1,0,0,0.2511910178450079
6338,4,0,0,0.3724700148457897
6339,5,0,0,0.0006119795644142581
6340,1,0,0,0.0022295983245450065
6341,8,0,0,0.0022749899601918824
6342,9,0,0,0.00030390499080877056
6343,6,0,0,0.005632545078129455
6344,6,0,0,6.005509818444298e-05
6345,10,0,0,0.020724139256285423
6346,9,0,0,0.004043474072024522
6347,4,0,0,0.001309603157377885
6348,8,0,0,0.0005793951725254427
6349,2,0,0,0.0002983826769414669
6350,6,0,0,0.04689357552023009
6351,4,0,1,0.9995882444660147
6352,6,0,0,0.0013706793750001708
6353,7,0,0,0.00019094022867221347
6354,1,0,0,0.0018709893952620022
6355,8,0,0,0.003352945123443897
6356,1,0,0,0.0008587578648736487
6357,6,0,0,0.014617868583386052
6358,3,0,0,0.0011109770714394821
6359,5,0,0,0.0008231659214592878
6360,10,0,0,0.00036984078563397294
6361,1,0,0,0.0051122899596283385
6362,3,0,0,0.00027489564331322934
6363,5,0,0,0.0007332015819753366
6364,10,0,0,0.0004760599331608563
6365,7,0,0,0.013106907587264717
6366,4,0,0,0.0003783792597091701
6367,5,0,0,0.007154931038662073
6368,5,0,0,0.003710840156645999
6369,6,0,0,0.0007570480078774273
6370,5,0,0,0.029723296984419535
6371,9,0,0,0.0005518631416038445
6372,2,0,0,0.0015667229043316373
6373,6,0,0,5.138214899145176e-05
6374,5,0,0,0.00013988625881636914
6375,1,0,0,0.003034177113096005
6376,5,0,0,0.002136281591961325
6377,2,0,0,0.0007976907598642271
6378,8,0,0,0.0058530601013589405
6379,1,0,0,0.0002577040203879601
6380,2,0,0,0.001521246972956301
6381,3,0,1,0.9995283119110622
6382,1,0,1,0.9056982227582473
6383,1,0,0,0.004153765864962278
6384,5,0,0,0.39937907530769223
6385,3,0,0,0.00519034504850446
6386,9,0,0,0.0006741333092034853
6387,4,0,0,0.0035627786304488628
6388,5,0,0,0.005691094657801033
6389,10,0,0,0.018078350162406366
6390,7,0,1,0.9612644604772529
6391,7,0,0,0.01037308483398433
6392,5,0,0,0.00015011659804092605
6393,8,0,0,0.010452905236355349
6394,1,0,0,0.024055569173587955
6395,3,0,0,0.0003860931843633999
6396,8,0,0,0.010971871442612257
6397,5,0,0,0.009194073700599704
6398,6,0,0,0.0033473427593601964
6399,4,0,0,0.005757505569347162
6400,9,0,0,0.00010422523081416147
6401,10,0,1,0.9716631698453382
6402,8,0,0,0.0015690662687600147
6403,9,0,1,0.6919301348695643
6404,1,0,0,0.0008573542719321009
6405,5,0,0,0.00048672541560324716
6406,3,0,0,0.17382110049247756
6407,3,0,0,0.00666542842083249
6408,4,0,0,0.010009126025330578
6409,6,0,0,0.0006634372947215651
6410,7,0,0,0.07136004812898364
6411,3,0,0,0.012168128871603883
6412,10,0,0,0.0021189482514499735
6413,7,0,0,0.0014829080735743881
6414,9,0,0,0.00356052494390774
6415,5,0,0,0.11066474389189751
6416,3,0,0,0.0044591144303469605
6417,5,0,0,0.009684462160671233
6418,8,0,0,0.06484286379202966
6419,4,0,0,0.026741193505659646
6420,5,0,1,0.9997119754515011
6421,6,0,0,0.001040918573071686
6422,3,0,0,0.0031948909143153584
6423,1,0,0,0.38315044489954375
6424,5,0,0,0.0005975734474604128
6425,4,0,0,0.009167391000480252
6426,9,0,0,0.002147073977512928
6427,2,0,0,0.00697619344644137
6428,1,0,0,0.3891555078437211
6429,1,0,0,0.0007770705857216932
6430,1,0,0,0.0009403845266596332
6431,4,0,0,0.000634663348260729
6432,2,0,1,0.60621810704295
6433,3,0,0,0.00019524076750677415
6434,4,0,0,0.0010411295907311882
6435,9,0,0,0.00019417697365383324
6436,6,0,0,0.14461878951831392
6437,7,0,0,0.0027305482221176057
6438,4,0,1,0.7917701832931282
6439,6,0,0,0.0006791673660503746
6440,7,0,0,0.0006058029197666301
6441,10,0,0,0.0009830582077487767
6442,3,0,1,0.9847106359002542
6443,2,0,0,0.0012538697392631252
6444,10,0,0,0.001183226930932665
6445,5,0,0,0.00716948375992265
6446,6,0,0,0.00037182530108217004
6447,5,0,0,0.0034520573836706405
6448,3,0,0,0.0018273397774481786
6449,5,0,0,0.010756797017339267
6450,5,0,0,0.006037118728939364
6451,6,0,0,0.011191202509399055
6452,3,0,0,0.0025619164024492463
6453,10,0,0,0.0003377557297388996
6454,10,0,0,0.0010421566461118617
6455,2,0,0,0.006629341287876184
6456,5,0,0,0.00426142304472744
6457,1,0,0,0.46471646660277643
6458,10,0,0,7.080543124143533e-05
6459,9,0,0,0.0005771331466192508
6460,4,0,0,0.1053205568413437
6461,10,0,0,0.03108688283830924
6462,2,0,0,0.0003845694775149302
6463,5,0,0,0.00029492212767120876
6464,6,0,0,0.006323942198657115
6465,9,0,0,0.000501069826019844
6466,6,0,0,0.10238664247896818
6467,10,0,0,0.0009065898437320602
6468,3,0,0,0.00037779833816735283
6469,1,0,1,0.8240740719671167
6470,6,0,0,0.010583476647918217
6471,6,0,0,0.0007227647556697043
6472,1,0,0,0.0020257080248681225
6473,3,0,0,0.00023193744982030043
6474,10,0,0,0.0062805246359784
6475,1,0,0,0.0033277534822270674
6476,4,0,0,0.0005511435866220821
6477,2,0,0,0.00022103440574951724
6478,5,0,0,0.37153190794765967
6479,2,0,0,0.0007782239552069189
6480,3,0,1,0.9724024128659319
6481,10,0,0,0.004244620423188431
6482,5,0,0,0.030607981343861012
6483,1,0,0,0.0009055489301703071
6484,3,0,0,0.00028546501593030394
6485,7,0,0,0.0005090490177901338
6486,8,0,0,0.002190727103147909
6487,3,0,0,0.0006553401930958934
6488,10,0,0,0.0005193546091023755
6489,7,0,0,0.0023475460086772384
6490,8,0,0,0.02271493966991308
6491,2,0,0,0.005885720401104234
6492,4,0,0,0.14052705912548863
6493,2,0,0,0.001464956162262597
6494,9,0,0,0.034996896119185446
6495,5,0,0,0.03443310599459773
6496,3,0,0,0.03337393418702603
6497,6,0,0,0.0041729015056626
6498,2,0,0,0.003718283448394601
6499,9,0,0,0.00038767601553148863
6500,7,0,0,0.22798708004195614
6501,2,0,0,0.02730525382591726
6502,4,0,0,0.0002512456626500483
6503,10,0,0,0.013384776692160006
6504,3,0,0,0.0032348796419507885
6505,5,0,0,0.0004230706890247249
6506,8,0,0,0.0024609812843272615
6507,5,0,0,0.0015592725463080119
6508,4,0,0,0.000624682815608362
6509,6,0,0,0.0006148295181119215
6510,2,0,0,0.001333075722000946
6511,3,0,0,0.01927273247274561
6512,8,0,0,0.0014852582292393917
6513,6,0,0,0.0007007918532023148
6514,9,0,0,0.005944190608371901
6515,2,0,0,0.0004041075878208401
6516,4,0,0,0.0020426328031038464
6517,9,0,0,0.05171559804007784
6518,9,0,0,0.01339402537826757
6519,7,0,0,0.04033896831768034
6520,8,0,0,0.027080500352599332
6521,9,0,0,0.00014751860540504567
6522,3,0,0,9.030369195833593e-05
6523,6,0,0,0.012361783571872134
6524,5,0,1,0.9321381840576535
6525,8,0,0,0.0005825546044625332
6526,7,0,0,0.01990603041070425
6527,9,0,0,0.02469315228171151
6528,4,0,0,0.0019729277658373633
6529,3,0,0,0.0037953714143323346
6530,4,0,0,0.001134072885705859
6531,1,0,1,0.9988324130498258
6532,4,0,0,0.00029558258612789835
6533,3,0,0,0.0003247862143452205
6534,4,0,0,0.0005937385374571871
6535,3,0,0,0.0005303565810822888
6536,9,0,0,0.00018285639467574606
6537,7,0,0,0.006677396484420555
6538,2,0,0,0.0002076103820488384
6539,10,0,0,0.000931705903498587
6540,8,0,0,0.008489539890128694
6541,3,0,0,0.004970441788722626
6542,8,0,0,0.00047359324689656316
6543,6,0,0,0.24761376685093772
6544,7,0,0,0.008460837157415014
6545,7,0,0,0.0024003679979234162
6546,6,0,0,0.00012595435363742152
6547,7,0,0,0.03727972032522048
6548,2,0,0,0.002302377310388576
6549,3,0,0,0.0020656374813726695
6550,7,0,0,0.00013328680934288555
6551,3,0,0,0.00038649230193225166
6552,5,0,0,0.00026429376638270705
6553,6,0,0,0.002216621621603644
6554,8,0,0,0.0007512855234864821
6555,5,0,0,0.012492444890691476
6556,3,0,0,0.001082752177058932
6557,4,0,0,0.017496336772640134
6558,6,0,0,0.0018202695302107735
6559,9,0,1,0.5994604839032109
6560,9,0,0,0.00042798333895675605
6561,9,0,0,0.3387733460880732
6562,4,0,0,0.027901847140607672
6563,9,0,0,0.004507084719892449
6564,7,0,0,0.008451833389620975
6565,10,0,0,0.007767745295706508
6566,5,0,0,0.0006031797736351655
6567,2,0,0,0.015248638730989467
6568,2,0,0,0.021932777370508513
6569,6,0,0,0.001705857672436207
6570,2,0,0,0.00030405934697355977
6571,8,0,0,0.010307324380455108
6572,5,0,0,0.0004548455651222402
6573,7,0,0,8.605022642978187e-05
6574,5,0,0,0.006047141700071876
6575,6,0,0,0.0002967365728681613
6576,3,0,0,0.002965185481219923
6577,5,0,0,0.015971927966398635
6578,5,0,0,0.008029332147724073
6579,5,0,0,0.0028065374704331963
6580,8,0,0,0.006553710181153355
6581,8,0,0,8.416698575508881e-05
6582,2,0,0,0.00048285290847313117
6583,9,0,0,0.0004915959711920799
6584,10,0,0,0.2503151819608824
6585,5,0,0,0.002541419914174794
6586,3,0,0,0.0014411735568735748
6587,9,0,0,0.0038838596729437527
6588,6,0,0,0.0001116251086699037
6589,6,0,0,0.023631316694920888
6590,4,0,0,0.00153959304851253
6591,9,0,0,0.003725220509724567
6592,5,0,0,0.006990609040705522
6593,8,0,0,0.0007979522193186863
6594,2,0,1,0.9984735483791439
6595,3,0,0,0.014355939105749211
6596,4,0,0,0.0012568278756307962
6597,10,0,0,0.03979089828267754
6598,3,0,0,0.0007893786191405252
6599,1,0,0,0.00030977950760739057
6600,2,0,0,2.807153480024714e-05
6601,5,0,0,0.003924186526884655
6602,6,0,0,0.0005894439973680901
6603,4,0,0,0.0005060724133265567
6604,5,0,0,0.011313715727881594
6605,4,0,0,0.008694524783732505
6606,7,0,0,0.004735723905066679
6607,10,0,0,0.0095083034628899
6608,1,0,0,0.020850625928753863
6609,7,0,0,0.0006857923863636121
6610,5,0,0,0.0028505165984101526
6611,8,0,0,0.0021931438425946154
6612,3,0,0,0.006811272909549455
6613,8,0,0,0.00016916750365409054
6614,5,0,0,0.32054317067470406
6615,2,0,0,0.00036555571958213004
6616,7,0,0,0.002012996384270801
6617,1,0,0,0.16298899092595348
6618,1,0,1,0.9985948360712973
6619,7,0,0,0.06103936974524976
6620,7,0,0,0.000573364459634912
6621,4,0,0,0.0001572434318325324
6622,10,0,0,0.02866591996758049
6623,3,0,0,0.00037613486506339036
6624,6,0,0,0.006523618890804456
6625,1,0,1,0.9998770668603632
6626,6,0,0,0.0024244434027165017
6627,1,0,0,0.02178204304145813
6628,9,0,0,0.01319254040373001
6629,3,0,0,0.018309767120672213
6630,6,0,0,0.0009902275909450275
6631,5,0,0,0.0008107710167100748
6632,2,0,0,0.006244407848477092
6633,2,0,0,0.0015033668032613625
6634,6,0,0,0.007726641927703403
6635,8,0,0,0.0002551226169297443
6636,5,0,0,0.004264923045928579
6637,6,0,0,0.0014084511663027244
6638,7,0,0,0.014408978987369415
6639,3,0,0,0.0009671723773399632
6640,6,0,0,0.04677036732387569
6641,7,0,0,0.033011974963541246
6642,6,0,0,0.012785288921889798
6643,7,0,0,0.0038920301699307386
6644,8,0,0,0.0034986757190988713
6645,9,0,1,0.8490997112468994
6646,8,0,0,0.000645768301030073
6647,3,0,0,0.0027614220437177884
6648,7,0,0,0.029338658696694626
6649,10,0,0,0.0012125494024883266
6650,2,0,0,0.002915539965787157
6651,6,0,0,9.365088372355789e-05
6652,3,0,1,0.9831656759488485
6653,6,0,0,0.0007506532510195127
6654,9,0,0,0.005723501757273754
6655,5,0,0,0.021263780749379336
6656,9,0,0,0.0056022618157378105
6657,9,0,1,0.9946246155355412
6658,10,0,0,0.0008431390184061998
6659,5,0,0,0.00043952361250939513
6660,10,0,0,0.0024559633337934827
6661,4,0,0,0.00038999493951483464
6662,8,0,0,0.003392673764884386
6663,4,0,0,0.002052844639540115
6664,4,0,0,0.0008006681032816257
6665,10,0,0,0.0006334665154050051
6666,6,0,0,0.0036376814785635176
6667,6,0,0,0.0005711790041262261
6668,5,0,0,0.0018832560281522887
6669,9,0,1,0.9994717394632608
6670,9,0,0,0.4949833073010836
6671,3,0,0,0.07747466315135976
6672,10,0,0,0.0004753033404256319
6673,6,0,0,0.001953582435693977
6674,9,0,0,0.0021771903296289685
6675,9,0,0,0.012091021221651675
6676,6,0,0,0.002462162391925623
6677,10,0,1,0.9995920861240424
6678,10,0,0,0.01162108376223273
6679,9,0,0,0.0004354660893278138
6680,7,0,0,0.0020879218584776383
6681,6,0,0,0.0018843312614371596
6682,2,0,0,0.002569979054767099
6683,4,0,0,0.009349615306298955
6684,6,0,0,0.00026056722118960186
6685,1,0,0,0.0012777548052263542
6686,2,0,0,0.003786257123580568
6687,3,0,0,0.0024518244629347166
6688,7,0,0,0.0018984568277189899
6689,3,0,0,0.00013792861622000831
6690,7,0,0,0.0007479252659410639
6691,8,0,1,0.9796154888835495
6692,6,0,0,0.011782557456648655
6693,10,0,0,0.0025744480163724034
6694,3,0,0,0.019151713074693176
6695,5,0,0,0.001979375776884428
6696,9,0,0,0.0228774981897303
6697,3,0,0,0.0112790379272525
6698,6,0,0,0.000267133685217304
6699,10,0,0,0.0004298444453668986
6700,3,0,1,0.7220238260333594
6701,5,0,0,0.0054517635315661775
6702,1,0,0,0.002332848523109809
6703,4,0,0,0.00013075778477221787
6704,3,0,0,0.0003195116465546295
6705,4,0,1,0.7502430687196167
6706,5,0,0,0.004804648174942246
6707,3,0,0,0.0008359816016195936
6708,10,0,0,0.0014102260310854596
6709,7,0,0,0.00989881626042785
6710,8,0,0,0.0004708960280311088
6711,3,0,0,0.0024323222868000128
6712,10,0,0,0.0007098091527724837
6713,6,0,0,0.0002540460962771701
6714,8,0,0,0.018239248314683005
6715,7,0,0,0.001961870847734542
6716,2,0,0,0.004885365633186888
6717,2,0,0,0.00022040229640768328
6718,2,0,0,0.007994313478566715
6719,6,0,0,0.00025175400729388205
6720,7,0,0,0.14085858583501548
6721,8,0,0,0.0001841367379288041
6722,4,0,0,0.0037367181960392256
6723,3,0,0,0.0005165216214033264
6724,1,0,0,0.0009854996747211112
6725,5,0,0,0.0010991927150751366
6726,7,0,0,0.00013703027529962116
6727,7,0,0,0.001729493977308901
6728,8,0,0,0.0003509881045488312
6729,2,0,1,0.8227565584918658
6730,10,0,0,7.41622947552151e-05
6731,5,0,0,0.0003012380915182727
6732,7,0,0,0.008579317707858128
6733,3,0,0,0.32679443108686496
6734,2,0,0,0.00731817883484856
6735,9,0,0,0.07534086504514895
6736,8,0,0,0.0013739367089008784
6737,10,0,0,0.0075626342863738755
6738,7,0,1,0.9432389438067412
6739,6,0,0,0.0003971910836889595
6740,7,0,1,0.9992586526399626
6741,6,0,0,0.09862298259433691
6742,2,0,0,0.0053979752444472786
6743,10,0,0,0.0035304158431750596
6744,7,0,0,0.0044628463257848
6745,4,0,0,0.00183728079785229
6746,10,0,0,0.0017214644861508087
6747,1,0,0,0.0007433125645187278
6748,4,0,0,0.000986587318931477
6749,5,0,0,0.0007116902098151148
6750,5,0,0,0.0004717510270354132
6751,4,0,0,0.0003088340229775278
6752,3,0,0,0.0005214310307539999
6753,1,0,0,0.07160435045593128
6754,10,0,0,0.03245197538722556
6755,4,0,0,0.0032519754230561876
6756,1,0,0,0.020422557817834565
6757,8,0,0,0.14799167851163073
6758,10,0,0,0.0009646974336422778
6759,8,0,0,0.017765785003749576
6760,4,0,0,0.0005091013841413793
6761,5,0,0,0.001780582005556942
6762,2,0,0,0.020954591395264895
6763,9,0,0,0.436628538149762
6764,7,0,0,0.0020507170026301687
6765,7,0,0,0.04767399140169256
6766,4,0,0,0.0005293684737998662
6767,6,0,1,0.6081125904220063
6768,9,0,0,0.33206447917018334
6769,4,0,0,8.462967743431918e-05
6770,6,0,0,0.000185922876362515
6771,7,0,0,0.0007862622321882801
6772,8,0,1,0.7862543723479531
6773,9,0,0,0.0022363069826997384
6774,8,0,0,0.00026050094474758923
6775,8,0,0,0.00025968614823975805
6776,9,0,1,0.9097718334124965
6777,6,0,0,0.01303899055051868
6778,8,0,0,0.020483498817018716
6779,6,0,0,0.0005195058452879833
6780,9,0,0,0.0024055988710501605
6781,7,0,0,0.0018913774919025825
6782,10,0,0,0.0008557944406531238
6783,2,0,0,0.11956744000452604
6784,2,0,0,0.0033259896307315604
6785,8,0,0,0.0005874053075385341
6786,5,0,0,0.017790333011857864
6787,5,0,0,0.0025905463175365405
6788,10,0,0,0.011471483284722448
6789,9,0,0,0.04861318247433018
6790,8,0,0,0.001639288834291298
6791,10,0,0,0.0010224497887127981
6792,6,0,0,0.010367826696052494
6793,5,0,0,0.00032938442230691313
6794,6,0,0,0.005448147474946524
6795,7,0,0,0.00221880543707642
6796,10,0,0,0.034920461679934414
6797,4,0,0,0.03202474785430928
6798,7,0,0,0.012283272180303508
6799,1,0,0,0.14631468222085886
6800,10,0,0,0.0009000589546417472
6801,10,0,0,0.0005783249053347172
6802,3,0,0,0.0007236311127324547
6803,9,0,0,0.0012378713161786045
6804,5,0,1,0.8369077070772024
6805,10,0,0,0.018998295850677603
6806,3,0,0,0.00036566655378758947
6807,8,0,0,0.011770937209275084
6808,6,0,0,0.0029745153486559397
6809,3,0,0,0.25166771309297264
6810,1,0,0,0.014534102618925569
6811,3,0,0,0.00026656599381726646
6812,10,0,0,0.0013873630627426472
6813,9,0,0,0.001579010952397043
6814,2,0,0,0.008546009337276169
6815,3,0,0,0.00041904938182676016
6816,9,0,0,0.0016967414496525054
6817,7,0,0,0.0008988003810080835
6818,5,0,0,0.0007916431859675985
6819,4,0,0,0.0029153024814233073
6820,3,0,0,0.1846387355456231
6821,5,0,0,0.35390178192648847
6822,3,0,0,0.001460971486182849
6823,3,0,0,0.038220556604234415
6824,4,0,0,0.07571436987129239
6825,8,0,0,0.007040169639176847
6826,4,0,0,0.0003289725418914982
6827,10,0,1,0.744744324511418
6828,1,0,0,0.004525848642421493
6829,3,0,0,0.021542676754398343
6830,4,0,0,0.0059642395552343755
6831,9,0,0,0.10663852052551784
6832,7,0,0,0.0027059428102202093
6833,8,0,0,0.01869102621214998
6834,5,0,0,0.0070494942451496435
6835,7,0,0,0.00650440364528238
6836,7,0,0,0.0009838147068688562
6837,2,0,0,0.00491122527835316
6838,3,0,1,0.9997741816156298
6839,9,0,0,0.001845358627790128
6840,1,0,0,0.0017553322771187829
6841,8,0,0,0.0001063655517899243
6842,7,0,0,0.000742430892481343
6843,5,0,0,0.0020603169856371166
6844,9,0,0,0.012683105085062162
6845,10,0,0,0.00030289302349284145
6846,5,0,0,0.0012270188155671712
6847,5,0,0,0.0009518957671347427
6848,9,0,1,0.9731947015582534
6849,6,0,1,0.6716882538926147
6850,6,0,0,0.06121218995316362
6851,6,0,0,0.0009014619879279335
6852,6,0,0,0.49507467647875897
6853,6,0,0,0.02382208410292727
6854,6,0,0,0.002768098290732918
6855,5,0,0,0.06037099372756409
6856,4,0,0,0.05126392420408408
6857,2,0,0,0.000796984227945247
6858,1,0,1,0.5251205724839432
6859,5,0,0,0.0005166228711159973
6860,6,0,0,0.008651166233281823
6861,1,0,0,0.007776070623359355
6862,10,0,1,0.9979370184039975
6863,6,0,0,0.013489388766652947
6864,7,0,0,0.4384599352504486
6865,3,0,0,0.00820567512641955
6866,7,0,0,0.2514550274848567
6867,4,0,0,0.0011477489005138346
6868,4,0,1,0.9474183363558581
6869,8,0,1,0.5262166557111174
6870,6,0,0,0.007475839572595346
6871,7,0,0,0.004259036856341176
6872,4,0,0,0.00022869756714824095
6873,2,0,0,0.0003054864442994088
6874,10,0,0,0.07962983253973334
6875,10,0,0,0.00021895507052525359
6876,8,0,0,0.001702309931924764
6877,7,0,0,0.004488849992932878
6878,4,0,0,0.03548660929694843
6879,6,0,1,0.9913927878996227
6880,2,0,0,0.00011654318102843366
6881,2,0,0,0.0009606992614145158
6882,10,0,0,0.0007638084244706669
6883,4,0,0,0.0013569247799876793
6884,6,0,0,0.00165901630792943
6885,7,0,1,0.959404076142028
6886,4,0,0,0.00902593803053319
6887,8,0,0,0.007574144695714432
6888,2,0,0,0.0014404102792766268
6889,8,0,0,0.0013984957275552223
6890,2,0,0,0.0002445962438507408
6891,2,0,0,0.0007744871667822336
6892,6,0,0,0.0010591544916150708
6893,3,0,0,0.0004953987981801969
6894,3,0,0,0.015858479758759793
6895,10,0,0,0.31374934547904765
6896,5,0,0,0.021801416823780007
6897,1,0,0,0.016487798825421233
6898,5,0,0,0.000871640760842504
6899,1,0,0,0.0005602118743988207
6900,2,0,0,0.00405135315304752
6901,8,0,0,0.0011977231627779367
6902,5,0,1,0.6555858115490487
6903,3,0,0,0.0029069172130196316
6904,9,0,0,0.004559480836784502
6905,7,0,0,0.00018695739386245555
6906,10,0,0,0.002627854644574651
6907,8,0,0,0.4033000901974835
6908,9,0,1,0.9931112500829808
6909,9,0,0,0.0014275244099758444
6910,7,0,0,0.07316123708428006
6911,2,0,1,0.5843229180681957
6912,6,0,0,0.00905467200225729
6913,10,0,0,0.004777434188380144
6914,1,0,0,0.0003482839060211503
6915,10,0,0,0.01759433946181703
6916,8,0,0,0.0006663596050421644
6917,1,0,0,0.043036000766252816
6918,8,0,0,0.0003934096085647484
6919,10,0,0,0.008845789253138246
6920,1,0,0,0.00029335481743888157
6921,10,0,0,0.002055722363326791
6922,3,0,0,0.0025423058746198973
6923,7,0,0,0.00045442976527266843
6924,7,0,0,0.0010891792626024114
6925,2,0,0,0.05514296421090909
6926,1,0,1,0.8631299282669639
6927,1,0,0,0.0006350746764925028
6928,3,0,0,0.003526261307202353
6929,3,0,1,0.9998088709436297
6930,7,0,0,0.00034372076188851554
6931,5,0,1,0.9934952521451056
6932,6,0,0,0.0001337179124082608
6933,9,0,0,0.004049725588455905
6934,10,0,0,0.03018713277759049
6935,6,0,0,0.0035667481120399266
6936,9,0,0,0.0005273087981385943
6937,3,0,0,0.034342378974579396
6938,1,0,0,0.0048382932610763355
6939,10,0,0,0.002111620691403121
6940,9,0,0,0.00012308666088756416
6941,7,0,0,0.0050378868063397884
6942,9,0,0,0.008306634108572183
6943,8,0,0,0.003284767771948361
6944,1,0,0,0.00030372994303197784
6945,10,0,0,0.04505198833137831
6946,10,0,0,0.0024011493654271542
6947,6,0,0,0.004668952794057456
6948,9,0,0,0.00029802810388032
6949,5,0,1,0.6470554287791351
6950,8,0,1,0.5022879361085033
6951,1,0,0,0.0002990572555447449
6952,10,0,0,0.0003436731413886415
6953,7,0,0,0.003856212457174118
6954,2,0,0,0.0014441352614657532
6955,9,0,0,0.00026372907042923794
6956,8,0,0,0.0007224165084343058
6957,8,0,0,0.014380975995723178
6958,1,0,0,0.00125032347489662
6959,2,0,0,0.0035951108519820547
6960,7,0,0,0.0024964307982786784
6961,7,0,0,9.322823506774199e-05
6962,4,0,0,0.000939399734189979
6963,1,0,0,0.0027011766404924187
6964,2,0,0,0.0008158780186365719
6965,3,0,0,0.0018373107842937606
6966,1,0,0,0.00048559000712698134
6967,6,0,0,0.0010004202445704595
6968,4,0,0,0.00017502535496628606
6969,1,0,0,0.0004103762514544443
6970,6,0,0,0.000826435828586389
6971,2,0,0,0.0232905159475034
6972,5,0,0,0.0003740963205226335
6973,3,0,0,0.0007542356859279527
6974,7,0,0,0.0011674608157553443
6975,2,0,0,0.005090780852230964
6976,8,0,0,0.0003150604030615187
6977,5,0,1,0.8232818610273162
6978,9,0,0,0.003070049082898888
6979,5,0,0,0.040747294456804
6980,3,0,0,0.0015723069002244996
6981,9,0,0,4.6951124431362585e-05
6982,4,0,0,0.0018448568340725183
6983,10,0,1,0.9726594834923903
6984,2,0,0,0.0004091812924211326
6985,9,0,0,0.0023674044669870138
6986,8,0,0,0.0028083670542709688
6987,8,0,0,0.10058303834701497
6988,3,0,0,0.003747481016805898
6989,3,0,0,0.00025183006434204274
6990,3,0,0,0.0018780617990472755
6991,4,0,0,0.0016028705638556264
6992,7,0,0,0.003686278566701609
6993,5,0,1,0.9838703284263365
6994,9,0,0,0.03349171601193447
6995,5,0,0,0.0030257145796529525
6996,5,0,0,0.002530614310495994
6997,6,0,0,0.0011566871754042105
6998,2,0,0,0.0024525252553258517
6999,10,0,0,0.0006390811502934565
7000,2,0,0,0.00014052698402763783
7001,2,0,0,0.05312902976211213
7002,9,0,0,0.25482823608373906
7003,9,0,0,0.0054137258377245775
7004,4,0,0,0.002165353258013625
7005,8,0,0,0.00805592080088068
7006,8,0,0,0.0001474446397877323
7007,4,0,0,0.017782574611683297
7008,5,0,0,0.0014022190105398339
7009,8,0,0,0.08146410467766999
7010,6,0,1,0.9524213209991084
7011,5,0,0,0.001348553092611528
7012,10,0,0,0.0007581212978511528
7013,9,0,0,0.0004026704737027603
7014,1,0,0,0.0007336241136159206
7015,3,0,0,0.0022959190866855116
7016,3,0,0,0.0019326388220435155
7017,2,0,0,0.00023311363796054557
7018,3,0,0,0.002286185993667163
7019,9,0,0,0.0008004886913867348
7020,3,0,1,0.6942804523870362
7021,8,0,0,0.00029763605651307384
7022,7,0,0,0.00039695520390234244
7023,8,0,0,0.004786017783285408
7024,9,0,0,0.008674494357324784
7025,1,0,0,0.06416069476178918
7026,6,0,1,0.614405594978179
7027,2,0,0,0.0007341549328708959
7028,6,0,0,0.0008007262268901368
7029,8,0,0,7.232357878496708e-05
7030,10,0,0,0.0002504758847652711
7031,8,0,0,0.004548794953141268
7032,6,0,0,0.001787387507406412
7033,9,0,0,0.15887440164675642
7034,9,0,0,0.0010565018466231534
7035,1,0,0,0.0021880342363885586
7036,5,0,1,0.6045380286062316
7037,9,0,0,0.0017800091715060816
7038,7,0,0,0.00015147133112148437
7039,9,0,0,0.0023096244246362096
7040,9,0,0,0.0038024900669733114
7041,7,0,0,0.0034538616966323663
7042,10,0,0,0.0017911912063723083
7043,4,0,0,5.735797261459764e-05
7044,1,0,0,0.004351868227998878
7045,9,0,0,0.0037774523604052986
7046,7,0,0,0.023381484995445685
7047,10,0,0,0.0021277099875912243
7048,10,0,0,0.0009433098812456276
7049,10,0,0,0.0008561502493214857
7050,8,0,0,0.016996112098376107
7051,6,0,0,0.14381171510330426
7052,6,0,0,0.0014304736932752187
7053,10,0,0,0.0016017286121453678
7054,6,0,0,0.0017540041006009835
7055,1,0,0,0.00036230811403929617
7056,4,0,1,0.9988895347430269
7057,5,0,0,0.005940203641680008
7058,9,0,0,0.00020094911280055873
7059,8,0,0,0.0018092038249072876
7060,9,0,0,0.478700244599152
7061,2,0,0,0.029898484399833926
7062,10,0,1,0.7018697479658593
7063,1,0,0,0.0009279977852395988
7064,9,0,0,0.0015679626718681273
7065,9,0,0,0.002208231245471157
7066,10,0,1,0.5875996233937499
7067,8,0,0,0.0010752810610676167
7068,5,0,0,0.0012720053951846713
7069,10,0,0,0.001138628653048962
7070,5,0,0,0.01298013396468824
7071,8,0,0,0.0012228374760094069
7072,9,0,0,0.00502349276090067
7073,5,0,0,0.0054765900005272795
7074,9,0,0,0.0030024566069603463
7075,8,0,0,0.10355764943370707
7076,7,0,0,0.0011061503320947213
7077,8,0,0,0.0008683645410614516
7078,4,0,0,0.03798223847203787
7079,5,0,0,0.0011910214256281148
7080,6,0,0,0.004823878427116609
7081,4,0,0,0.0012932802647040123
7082,8,0,0,0.24277319501207234
7083,8,0,0,0.00046808153319275164
7084,9,0,0,0.013233589817799239
7085,9,0,0,0.000479339696335924
7086,8,0,0,0.0002907701193543502
7087,7,0,0,0.0006291333901058886
7088,10,0,1,0.8366088370386162
7089,3,0,0,0.00046622268604358053
7090,3,0,0,0.018776540922268697
7091,10,0,0,0.2109998272066987
7092,6,0,0,0.10081024562477776
7093,7,0,0,0.0007288443443196998
7094,7,0,1,0.8939690706231924
7095,7,0,0,0.02591159094706584
7096,7,0,0,0.0015898268102528795
7097,4,0,1,0.992563042581164
7098,9,0,0,0.0010734847658348849
7099,8,0,0,0.0016173303241611861
7100,5,0,0,0.000729050678245031
7101,10,0,0,0.0002403710087272086
7102,4,0,0,0.00036347885363495686
7103,2,0,0,0.00040745398705984955
7104,1,0,0,0.0004722568251373827
7105,8,0,0,0.009609907247332685
7106,4,0,0,0.001577404863636832
7107,2,0,0,0.010312555418091292
7108,4,0,0,0.0009098056702296845
7109,1,0,0,0.007213913138234395
7110,6,0,0,0.0004487053187859333
7111,1,0,0,0.0013727369793898405
7112,9,0,0,0.001050682173832078
7113,2,0,0,6.932404338477933e-05
7114,6,0,1,0.8425802456039297
7115,9,0,0,0.00011300829788949234
7116,3,0,0,0.021616130049713123
7117,7,0,0,0.16798124931787137
7118,9,0,0,0.004933896284933038
7119,2,0,0,0.005457103620648782
7120,8,0,0,0.0005220951661530628
7121,2,0,0,0.0009306735713962678
7122,8,0,0,0.0008381967314852217
7123,6,0,0,0.0069868361217663025
7124,1,0,0,0.0003869654612610014
7125,2,0,0,0.031054438650614725
7126,4,0,1,0.9925775688320279
7127,1,0,0,0.0010178904601078444
7128,3,0,0,0.0008009780421683572
7129,10,0,0,0.009004883901530505
7130,8,0,0,0.03902306838315583
7131,8,0,0,0.01300885107683288
7132,4,0,1,0.9801236340895507
7133,4,0,0,0.0042024820091524865
7134,2,0,0,0.005360154838240122
7135,8,0,0,0.0009370451227045295
7136,3,0,0,0.000562826375213498
7137,10,0,0,0.00042850958368948014
7138,8,0,0,0.0007317605429495323
7139,8,0,0,0.0061592555708976935
7140,1,0,0,0.00010639896766454782
7141,3,0,0,0.002029737409337983
7142,1,0,1,0.9535584226020819
7143,9,0,0,0.0010344369173323493
7144,3,0,0,0.00029316462458685023
7145,7,0,1,0.9888580429330139
7146,8,0,1,0.6563351656744337
7147,3,0,0,0.0009845935628224162
7148,10,0,1,0.7775959302521127
7149,3,0,0,0.0012099374625211168
7150,3,0,0,0.0014823002748730408
7151,10,0,0,0.00439292888904794
7152,8,0,1,0.9129487662553374
7153,1,0,0,0.004485172174874192
7154,3,0,0,0.003308917744418447
7155,6,0,0,0.0018898750137345995
7156,2,0,0,0.01522469665762968
7157,2,0,0,0.0005831551078485213
7158,6,0,1,0.9989102811808415
7159,10,0,0,0.0005595435740610447
7160,7,0,0,0.0010027201041123632
7161,3,0,0,0.0004062077699139301
7162,8,0,0,0.0019052278389429297
7163,6,0,0,0.0010758936681416896
7164,2,0,0,0.006416706454875442
7165,10,0,0,0.0008584439857455349
7166,4,0,0,0.015027118251831981
7167,7,0,0,0.4759812553911342
7168,1,0,0,0.0004234744103197297
7169,1,0,0,0.008568425139625756
7170,10,0,0,0.001093996930622725
7171,3,0,0,0.001112231429135732
7172,3,0,0,0.0005900174312830194
7173,10,0,0,0.0004474019286768679
7174,4,0,1,0.9915473714529977
7175,10,0,0,0.0731974642134884
7176,1,0,1,0.8474532664655337
7177,4,0,0,0.0008507289857432931
7178,2,0,0,0.0009755417041252266
7179,4,0,0,0.00018039055933721578
7180,1,0,0,0.006164878721549123
7181,7,0,0,0.0010180784646838367
7182,3,0,1,0.9984816208833296
7183,7,0,0,0.0026613561104243816
7184,2,0,0,0.09640773244757173
7185,2,0,0,0.0003016806505827677
7186,6,0,0,0.004049789625483801
7187,4,0,0,0.003790426983698143
7188,10,0,0,0.0018217534152031238
7189,6,0,0,0.0005899941488298641
7190,10,0,0,0.04192885757365804
7191,9,0,0,0.0016258333479096635
7192,3,0,0,0.00023249465503147868
7193,3,0,0,0.0013387494837972436
7194,10,0,0,0.001356830610116974
7195,8,0,0,0.00249857034566637
7196,6,0,0,0.0004974805816977612
7197,7,0,0,0.0016931842457871993
7198,9,0,0,0.39669746669511224
7199,3,0,0,0.005786338825388404
7200,7,0,0,0.01584681609985238
7201,2,0,0,0.005553721569364999
7202,9,0,0,0.37552148012379283
7203,1,0,0,0.0005964709039168118
7204,9,0,0,0.00016386046310679157
7205,9,0,1,0.7043653546867784
7206,8,0,1,0.8266134109219588
7207,2,0,0,0.0014590148838282534
7208,2,0,0,0.0002925479136561529
7209,5,0,0,0.035872025700211835
7210,3,0,0,0.00013834831873205138
7211,3,0,0,0.008216184210239279
7212,5,0,0,0.006283931194215843
7213,9,0,0,0.002248322233536894
7214,10,0,0,0.009887500981984385
7215,2,0,0,0.007987989382812652
7216,7,0,1,0.8179874174014758
7217,6,0,0,0.019008723530655733
7218,6,0,0,0.1419203968535756
7219,7,0,0,0.0031777841671329398
7220,7,0,0,0.0005496480924551406
7221,7,0,0,0.004180256289967444
7222,4,0,0,0.0030735457229903013
7223,4,0,0,0.01273510593265187
7224,8,0,0,0.001085327901158803
7225,5,0,1,0.9925016451677431
7226,9,0,0,0.0016061465085649867
7227,5,0,0,0.003726335479428089
7228,6,0,0,0.0006590686070998993
7229,8,0,0,0.16540078377922163
7230,5,0,1,0.9644529117769172
7231,8,0,0,0.004490255147999635
7232,1,0,0,0.010095717085625476
7233,1,0,1,0.7362366603121907
7234,9,0,0,0.001971572008473325
7235,9,0,0,0.0027824111681214224
7236,3,0,0,0.009205053327977525
7237,4,0,0,0.0003689713567979562
7238,9,0,0,0.02049419153213782
7239,9,0,1,0.6933104622184283
7240,9,0,1,0.7993146954188367
7241,3,0,0,0.004992591837194629
7242,4,0,0,0.03842728331443031
7243,7,0,0,0.31197988843336716
7244,7,0,0,0.00022051460383192098
7245,3,0,0,0.00093302065753015
7246,7,0,0,0.09201653672989016
7247,3,0,0,0.006093351494501812
7248,7,0,0,0.0038506986680702858
7249,2,0,0,0.0009768388519096772
7250,7,0,0,0.09390367766308952
7251,7,0,0,0.4133239011086599
7252,10,0,0,0.0004471408535829175
7253,3,0,0,0.0007691100852144677
7254,1,0,0,0.00022144790457673635
7255,7,0,0,0.03107827604327279
7256,2,0,0,0.001829621526659889
7257,2,0,0,0.27023340820243136
7258,8,0,0,0.0010692871342922754
7259,4,0,0,0.0003275980353951456
7260,10,0,0,0.0021416440702550573
7261,4,0,0,7.196930058758468e-05
7262,5,0,0,0.00039822452799627157
7263,3,0,0,0.006612021349033185
7264,2,0,0,0.006771799693091461
7265,4,0,0,0.31094572479679794
7266,10,0,0,0.0038958015645851863
7267,7,0,1,0.8958355331809023
7268,2,0,0,0.02085772544607213
7269,7,0,0,0.0005134818535227763
7270,10,0,0,0.10494363347029882
7271,7,0,0,0.09296035697064922
7272,3,0,0,0.17114630433136907
7273,2,0,0,0.0001471934266118341
7274,2,0,0,0.001026878029735533
7275,6,0,0,0.0006814463592782318
7276,3,0,0,0.02699359238046287
7277,4,0,0,0.0012489970634568623
7278,4,0,0,0.0009485451822992056
7279,9,0,0,0.0006532474004121672
7280,5,0,0,0.00030990904676498287
7281,10,0,0,0.002691367634640796
7282,5,0,0,0.2623366073930666
7283,4,0,0,0.0004581782762170678
7284,9,0,0,0.010770288747621053
7285,7,0,0,0.016736807584015
7286,8,0,0,0.000475994442608212
7287,9,0,0,0.004696648503445704
7288,6,0,0,0.00024122650893586633
7289,10,0,0,0.00010097325930209711
7290,2,0,0,0.0011195502274348491
7291,1,0,0,0.00041197775399096786
7292,2,0,0,0.028653780873900258
7293,9,0,0,0.0008761678055067982
7294,6,0,0,0.00026274749449394804
7295,2,0,0,0.050348264520251734
7296,7,0,0,0.16455515693929307
7297,2,0,0,0.0027950975717672796
7298,4,0,0,0.026528057167258135
7299,10,0,0,0.00015775068772011123
7300,7,0,0,0.00034166915205807594
7301,4,0,0,0.0008921950926588584
7302,6,0,0,0.00553116220383383
7303,2,0,0,0.0002031735732134642
7304,2,0,0,0.00043008469413398674
7305,10,0,0,0.1276936025936825
7306,3,0,0,0.0032972303003585236
7307,2,0,0,0.00023588628467588457
7308,8,0,0,0.00019556959821095973
7309,1,0,0,0.0018012148445700534
7310,5,0,0,0.0012661535976576225
7311,1,0,0,0.0025294688541404715
7312,1,0,0,0.0015455637476275586
7313,5,0,0,0.009363312768137302
7314,7,0,0,0.003655882210697189
7315,8,0,0,0.00039488837838127085
7316,2,0,0,0.0004452036004495146
7317,7,0,0,0.004665343022091459
7318,3,0,0,0.0003135703817300666
7319,9,0,0,0.0015845858927524858
7320,6,0,0,0.018800187045234566
7321,7,0,0,0.0071566007118828556
7322,4,0,0,0.002589613083555632
7323,9,0,1,0.6526412142852398
7324,4,0,1,0.9908837756700383
7325,5,0,0,8.447782911859793e-05
7326,2,0,0,0.0009109465998206111
7327,1,0,0,0.003312972730004044
7328,3,0,0,0.0016976541678279495
7329,6,0,0,0.0027931699276835375
7330,8,0,0,0.0014997155681239903
7331,1,0,0,0.00021826326139053366
7332,4,0,0,0.001974106820309375
7333,2,0,1,0.9977552377652639
7334,7,0,0,0.0013494048659759437
7335,7,0,0,0.0005881427239059934
7336,4,0,0,0.0006738274116202367
7337,3,0,0,0.0004202768371773903
7338,8,0,0,0.006690905092003672
7339,2,0,0,0.0014255493418510836
7340,4,0,0,0.0005209039255734146
7341,1,0,0,0.002262816766440202
7342,6,0,0,0.0065501888880767365
7343,9,0,0,0.001983043826402212
7344,4,0,0,0.00031443698637766257
7345,4,0,0,0.043274658935108665
7346,7,0,1,0.999320593760922
7347,3,0,1,0.990241686482277
7348,7,0,0,0.37474214096471525
7349,2,0,0,0.01651174413119043
7350,8,0,0,0.0005591343340339619
7351,1,0,0,0.0017300779806143566
7352,7,0,0,0.00044479645430772855
7353,10,0,0,0.006810163214736895
7354,7,0,0,0.004432152242954751
7355,7,0,0,0.00028023321930796904
7356,10,0,0,0.0006655404283427531
7357,9,0,0,0.0003719883010708074
7358,1,0,0,0.00048059609831910125
7359,8,0,0,0.013933646670387136
7360,9,0,0,0.0003596422532201681
7361,7,0,0,0.0012094462249677299
7362,2,0,0,0.0009912977652017504
7363,2,0,0,0.3190438823638696
7364,9,0,0,0.015177952572218593
7365,2,0,0,0.06296185399900603
7366,6,0,0,0.1281162133192127
7367,6,0,0,0.0034705029474619517
7368,4,0,0,0.005920918650948199
7369,2,0,0,0.0006130216372689347
7370,9,0,1,0.789300479603336
7371,7,0,0,0.017686493603973903
7372,5,0,0,0.006652260706543662
7373,1,0,0,0.011802278276078538
7374,9,0,0,0.00018025748960753335
7375,2,0,1,0.8041230186791679
7376,2,0,0,0.1121009791530147
7377,7,0,0,0.0031563369330828667
7378,2,0,0,0.005606729886576484
7379,8,0,0,0.000540131518468935
7380,1,0,0,0.0009667499791031139
7381,6,0,0,0.00217774700811414
7382,5,0,0,0.024732293540453115
7383,6,0,0,0.00019533693084566143
7384,1,0,0,0.002699040150868388
7385,5,0,0,0.0004432512020748485
7386,5,0,0,0.008795261906751518
7387,3,0,0,0.11817847200724554
7388,9,0,0,0.0024214408772213003
7389,4,0,0,0.001192853932871044
7390,9,0,0,0.008291098687282485
7391,5,0,0,0.06852592150336188
7392,1,0,0,0.0009474476147464828
7393,1,0,1,0.7239371986291503
7394,4,0,0,0.001023666523128731
7395,1,0,0,0.1986492433867072
7396,1,0,0,0.002531375759904088
7397,3,0,1,0.9984660398636542
7398,1,0,0,0.0004525512713823394
7399,2,0,0,0.0033818972601309767
7400,9,0,0,0.00028354364618221454
7401,8,0,0,0.00032438077132454073
7402,8,0,0,0.001111338010498985
7403,9,0,0,0.00029500642224359583
7404,2,0,0,0.0036623393581414745
7405,1,0,0,0.005890661065320224
7406,6,0,0,0.00010306080601632763
7407,1,0,1,0.8657466732662622
7408,2,0,0,0.0028138239454826796
7409,1,0,0,0.00029408688726731413
7410,4,0,0,0.006915958036171201
7411,1,0,0,0.0005052175732824629
7412,9,0,0,0.0022743867762988986
7413,6,0,0,0.00021070489369260278
7414,10,0,1,0.6202578214707353
7415,4,0,0,0.014808482003328268
7416,9,0,0,0.00020025412099293163
7417,7,0,0,0.013365457410569256
7418,4,0,0,0.0013774290911878046
7419,6,0,0,0.0017334522513381579
7420,1,0,0,0.0024885272154976114
7421,4,0,0,0.0015614170757955702
7422,1,0,0,0.008466089764366672
7423,10,0,0,0.0008293819470393527
7424,2,0,0,0.0052113022114352444
7425,5,0,0,0.00032590826118745613
7426,5,0,0,0.0025120255982247295
7427,10,0,0,0.10236314852212688
7428,9,0,0,0.008060128983675157
7429,1,0,0,0.17756206977952899
7430,6,0,0,0.0007363558685338428
7431,1,0,0,0.000335575672913594
7432,1,0,0,0.00056107680050165
7433,3,0,0,0.0022779439215079374
7434,2,0,0,0.0013671526837153874
7435,5,0,0,0.006010759058546096
7436,2,0,0,0.0015039864880001966
7437,2,0,0,0.001348884050651384
7438,7,0,0,0.015697278773663823
7439,7,0,0,0.0008840326258591139
7440,7,0,0,0.00020705246532554667
7441,9,0,0,0.23129221105077974
7442,10,0,0,0.0005678400741434138
7443,2,0,0,0.00019921715933701004
7444,7,0,0,0.00530511422330205
7445,6,0,0,0.0004400703495817213
7446,10,0,0,0.00020971935982013035
7447,3,0,0,0.001716620744894316
7448,6,0,0,0.0004178600518099561
7449,7,0,0,0.00034767576177286433
7450,7,0,0,0.012338282867362172
7451,10,0,0,0.0018218881359334403
7452,3,0,0,0.002308499627417969
7453,4,0,0,0.0011113172322102893
7454,3,0,0,0.00011456322478609267
7455,5,0,0,0.00037483985259916945
7456,10,0,0,0.047983424932943705
7457,9,0,0,0.0024828633443432814
7458,8,0,1,0.8772705995901743
7459,5,0,0,0.005747245131459555
7460,7,0,0,0.0022352209963768153
7461,2,0,0,0.0013303024375988922
7462,6,0,0,0.002147812383914687
7463,7,0,1,0.959906701975445
7464,3,0,0,0.01073469269274511
7465,4,0,0,0.08649101234322847
7466,2,0,0,0.0005182497074383142
7467,7,0,0,0.00326134192174903
7468,7,0,0,0.0019918409456826836
7469,3,0,0,0.004448535258340517
7470,3,0,1,0.6004180009049331
7471,1,0,0,0.004039214087895352
7472,9,0,0,0.022003530330266457
7473,5,0,1,0.9262058620039162
7474,10,0,0,0.016486002432847743
7475,6,0,0,2.94162348558677e-05
7476,5,0,1,0.7241773813870296
7477,5,0,0,0.0008394790476161816
7478,5,0,0,0.0022890389679685085
7479,9,0,1,0.99855676636424
7480,10,0,1,0.7687996702812208
7481,6,0,0,0.0024656807222243784
7482,8,0,0,0.012124457179673477
7483,5,0,0,0.0005297523995651118
7484,6,0,0,0.0013005916780702705
7485,9,0,0,0.0018479518235081775
7486,2,0,0,0.003571591424577874
7487,9,0,0,0.0025233413374998693
7488,6,0,0,0.0004879299075568038
7489,4,0,0,0.11517643782209339
7490,8,0,0,0.032705857865109
7491,3,0,1,0.9888654931818774
7492,10,0,0,0.0018921722389137257
7493,6,0,0,0.0036418235953479313
7494,3,0,0,0.020038416037941868
7495,1,0,1,0.6088119889375425
7496,6,0,0,0.005900733881093955
7497,2,0,0,0.0017855009081024016
7498,8,0,0,0.0005499473548390356
7499,2,0,0,0.03883348022192054
7500,6,0,0,0.0003033379062421149
7501,5,0,0,0.0024578688117825234
7502,8,0,0,0.0004320416663573272
7503,2,0,0,0.015223058974357277
7504,3,0,0,0.03180584188362309
7505,1,0,0,0.23394025038077212
7506,8,0,0,0.0030432046361194734
7507,4,0,0,0.0031552077001620908
7508,9,0,0,0.340119597215275
7509,6,0,1,0.999171319083203
7510,6,0,0,0.014502160895721638
7511,3,0,0,0.007217781407127469
7512,2,0,0,0.0004798244167289208
7513,3,0,0,0.12213617476721979
7514,3,0,0,0.0003029157281841106
7515,1,0,0,0.00048097757333457643
7516,9,0,0,0.0008978310439511187
7517,2,0,0,0.0009902628749869375
7518,8,0,0,0.007022594898905093
7519,3,0,0,0.0016201777183730275
7520,9,0,1,0.7147074423286417
7521,2,0,0,0.006208989089563838
7522,5,0,0,0.0019812813367757354
7523,1,0,0,0.001412527787378735
7524,1,0,0,0.09701564502885311
7525,10,0,0,0.0011395384660998675
7526,6,0,0,0.0004247133816335246
7527,8,0,0,0.0051275674087208015
7528,8,0,0,0.0007909448502147938
7529,2,0,0,0.0007275933612234005
7530,3,0,0,0.00013349921251995433
7531,6,0,0,0.00032937204046330445
7532,5,0,0,0.007518073568683268
7533,7,0,0,0.004662190312957843
7534,6,0,0,0.009403224749978982
7535,8,0,0,0.0001572460298241317
7536,9,0,0,5.2829194760347334e-05
7537,1,0,0,0.00013621373681564378
7538,1,0,0,0.029254660446622713
7539,5,0,0,0.0015421745474965588
7540,1,0,0,0.1886780669148441
7541,6,0,0,0.0038463507316889196
7542,10,0,0,0.09361381770251065
7543,4,0,0,0.00228228489035214
7544,8,0,0,0.0012275695590846724
7545,10,0,0,0.014368200908487633
7546,9,0,0,0.1818690274716251
7547,6,0,0,0.00031411970962588607
7548,4,0,0,0.00277048118920673
7549,2,0,0,0.00023631116059576426
7550,1,0,1,0.8113130460511424
7551,5,0,0,0.008813366579615452
7552,1,0,0,0.0007387636185700528
7553,2,0,0,0.001125383002185667
7554,9,0,1,0.8399240720030233
7555,7,0,0,0.006231740881870826
7556,7,0,0,0.010192813587803575
7557,2,0,0,0.00033767265529526284
7558,7,0,0,0.0023384911000903607
7559,7,0,0,0.0036022476521531564
7560,1,0,0,0.05828297352060188
7561,1,0,0,0.0008935335430415482
7562,6,0,0,0.20947745924616892
7563,6,0,0,0.009391512187973976
7564,9,0,0,0.0007358200837326957
7565,2,0,0,0.0014663141822255817
7566,3,0,0,0.06524497163531147
7567,9,0,0,0.0035369333199247914
7568,9,0,0,0.00162453484828223
7569,10,0,0,0.0009294023585416909
7570,2,0,0,0.00015990053760271683
7571,1,0,0,0.002642422580048487
7572,7,0,0,0.0004923749597138458
7573,7,0,0,0.0022493579582909514
7574,5,0,0,0.01585873970924392
7575,4,0,0,0.001187427429075388
7576,9,0,0,0.025290530338485936
7577,6,0,0,0.0001963628402719216
7578,6,0,0,0.00021239973307825193
7579,2,0,0,0.0007821163326102055
7580,3,0,0,0.000255951796435309
7581,7,0,0,0.009670378067632487
7582,3,0,0,0.13795583189017888
7583,3,0,0,0.0007662560233401212
7584,10,0,0,0.0302362773646059
7585,6,0,0,0.06960822747288117
7586,6,0,0,0.0008815519150974366
7587,6,0,0,4.038884965028213e-05
7588,6,0,0,0.0017321805420989567
7589,10,0,0,0.0010507736525357716
7590,7,0,0,0.4897503559328118
7591,1,0,0,0.0022041514950229065
7592,3,0,0,0.00022160731581333186
7593,10,0,0,0.00828121984632116
7594,2,0,0,0.008025075811492446
7595,7,0,0,0.00033594160711749324
7596,9,0,0,0.4958117529136435
7597,5,0,0,0.027955542298446982
7598,5,0,0,0.0002965920938114668
7599,8,0,0,0.00017681529128492376
7600,7,0,0,0.0011824552579629334
7601,6,0,0,0.00020925731998011217
7602,9,0,0,0.0014449541838263455
7603,1,0,0,0.007750974854671537
7604,5,0,0,0.0012461472378671782
7605,7,0,0,0.0023292922270660866
7606,10,0,0,0.005641994302812357
7607,4,0,0,0.00018176522687297477
7608,7,0,0,0.00027113944066280274
7609,1,0,0,0.013079030131221346
7610,4,0,0,0.010012168332057026
7611,8,0,0,0.0009690383084423567
7612,5,0,0,0.0011143227898188501
7613,8,0,0,0.0026272488908670615
7614,2,0,0,0.0005610434748076797
7615,2,0,0,0.12158848171926029
7616,4,0,0,0.0024511781609560784
7617,8,0,0,0.013572658158950727
7618,9,0,0,0.007756633302238747
7619,5,0,1,0.6864245610168682
7620,2,0,0,0.0011735744603737388
7621,6,0,0,0.000819450501312668
7622,6,0,0,0.0009611427984518701
7623,1,0,0,0.0011069182528106684
7624,4,0,0,0.01219429846974054
7625,4,0,0,0.0007001734955148228
7626,9,0,0,0.007660369671631121
7627,5,0,0,0.11081862482049185
7628,5,0,0,0.00023005056512161973
7629,2,0,0,0.018403997031040054
7630,8,0,1,0.7152736730580902
7631,10,0,0,0.0017625193199264288
7632,3,0,0,0.020171053165441703
7633,6,0,0,0.0021639639329330777
7634,6,0,0,0.0014818809770783324
7635,2,0,0,0.0051892251375611955
7636,4,0,0,0.027703568765478578
7637,9,0,0,0.013248278581725463
7638,3,0,0,0.0006610412610254968
7639,1,0,0,0.0014200843941699196
7640,1,0,0,0.006223051748324708
7641,4,0,0,0.3208990192127282
7642,4,0,0,0.003950981017003392
7643,10,0,0,0.0018909548495063357
7644,6,0,0,0.0009675739469471558
7645,5,0,0,0.17145597599786871
7646,3,0,0,0.0010913140262399105
7647,1,0,0,0.00870944943697072
7648,3,0,0,0.0006653312870731742
7649,8,0,0,0.0032889084595927
7650,8,0,0,0.0003829233317671614
7651,8,0,0,0.00615335370910209
7652,4,0,0,0.000695722753401789
7653,8,0,0,0.00047515078354441704
7654,3,0,0,0.006766673809608473
7655,1,0,0,0.0003083368649317225
7656,2,0,0,0.0007920448326617054
7657,2,0,0,0.005707902515483028
7658,2,0,0,0.00683262158065611
7659,8,0,0,0.029547995756848324
7660,9,0,0,0.0016285142912990716
7661,1,0,0,0.0011755897369101183
7662,4,0,0,0.00038209739196812557
7663,4,0,0,0.018259341974612833
7664,2,0,0,0.2829035865472107
7665,6,0,0,0.021622193560845736
7666,5,0,0,0.0010915118879620872
7667,2,0,0,0.17390891463660527
7668,1,0,0,0.00016402441908911432
7669,3,0,0,0.000660218105175582
7670,9,0,0,0.00010679251149525093
7671,3,0,0,0.0015547502590117909
7672,9,0,0,0.00029527224142320474
7673,7,0,0,0.004493847596715006
7674,5,0,0,0.010154049513656994
7675,6,0,0,0.03986257757308514
7676,10,0,0,0.014341470117881047
7677,5,0,0,0.006767892804972315
7678,2,0,0,0.002012434685742839
7679,1,0,0,0.000934089489573366
7680,3,0,0,0.0008373394432923654
7681,1,0,0,0.008869278325980464
7682,8,0,0,0.003509477096428253
7683,9,0,0,0.0048881855866393
7684,9,0,0,0.010372889452026659
7685,5,0,0,0.000990800723211286
7686,9,0,0,0.002797581044901927
7687,6,0,1,0.5165376649825568
7688,3,0,0,0.00027955315320378195
7689,10,0,0,0.00048197791462915494
7690,6,0,0,0.012763149410491285
7691,1,0,0,0.003150801903524457
7692,10,0,0,0.2653326429347955
7693,6,0,0,0.0004016565331223451
7694,9,0,0,0.00015897492678677676
7695,6,0,0,0.00036807689936173255
7696,2,0,0,0.04065040666839547
7697,1,0,0,0.05101642491996419
7698,9,0,0,0.013092631359102809
7699,4,0,0,0.03750016118660062
7700,4,0,0,0.0007267548923915111
7701,2,0,0,0.1355825082353
7702,5,0,0,0.000698516852094679
7703,4,0,0,0.003279943339568848
7704,5,0,0,0.002846789093763815
7705,4,0,0,0.049638887445703925
7706,7,0,0,0.012928258301212666
7707,2,0,0,0.00203067093250906
7708,2,0,0,0.04025430943681931
7709,6,0,0,0.008300765490249207
7710,1,0,0,0.0015349369289690232
7711,5,0,0,0.18864121000609796
7712,2,0,0,0.00165976018850876
7713,8,0,0,0.005780001548414782
7714,6,0,0,0.02850516014801195
7715,8,0,0,0.028718185375709363
7716,4,0,0,0.26542745653432975
7717,8,0,0,0.2596944432626114
7718,4,0,0,0.3354639139064617
7719,2,0,0,0.0028159886321095003
7720,6,0,0,0.016073890903658614
7721,3,0,0,0.00012525968967626539
7722,10,0,1,0.9945647230937282
7723,7,0,0,0.0017323823755514113
7724,9,0,0,0.000892780025126231
7725,6,0,0,8.333973038297263e-05
7726,6,0,0,0.0004480475398712672
7727,3,0,1,0.9935779292466855
7728,6,0,0,0.3062592507525239
7729,9,0,0,0.043944096015206754
7730,10,0,0,0.000950837824875089
7731,2,0,1,0.9448247737166866
7732,4,0,0,0.0006263124183310714
7733,10,0,0,0.01175811157565057
7734,8,0,0,0.009724045458800444
7735,2,0,0,0.00544141826489374
7736,3,0,0,0.0006484718139252057
7737,8,0,0,0.0001388153671190128
7738,8,0,0,0.002149711630135347
7739,5,0,0,0.0022022706023022273
7740,5,0,0,0.0002523849521456023
7741,6,0,0,0.00023681787829116604
7742,8,0,0,0.0015786181781024032
7743,3,0,0,0.43054950582716217
7744,10,0,0,0.01943808224443991
7745,3,0,0,0.039778186854700304
7746,5,0,0,0.015394570548113122
7747,9,0,0,0.0021971925920830256
7748,1,0,0,0.0034080961267113643
7749,4,0,0,0.2286542402597149
7750,6,0,0,4.724275273570609e-05
7751,7,0,0,0.0009693625429113775
7752,7,0,0,0.00014762815845505983
7753,9,0,0,0.0025209898962154607
7754,3,0,0,0.015782879822498496
7755,8,0,0,0.0011818049286937318
7756,5,0,0,0.005788059634031275
7757,10,0,0,0.045732072517373656
7758,5,0,0,0.009469163898526659
7759,6,0,0,0.00014371796256616194
7760,3,0,0,0.004442187325743144
7761,7,0,0,0.005928355001960173
7762,9,0,0,0.01185853319666868
7763,6,0,0,0.0009802548764843986
7764,7,0,0,0.0005651401124361022
7765,9,0,0,0.004496257377922051
7766,2,0,0,0.004988089201840131
7767,3,0,0,0.051223522615014824
7768,2,0,0,0.00023748614110296918
7769,9,0,0,0.0003266830491368791
7770,9,0,1,0.5033696772747964
7771,5,0,0,0.003131200345527035
7772,8,0,0,0.00015742276254995533
7773,8,0,0,0.00013254797941288443
7774,4,0,0,0.0005933231519559613
7775,10,0,0,0.0004029245574425686
7776,10,0,0,0.0005030837715402029
7777,9,0,0,0.008199172130281962
7778,6,0,0,0.002916734895949249
7779,9,0,0,0.00013219835489653033
7780,1,0,0,0.004598494981966861
7781,7,0,0,0.00674455697653903
7782,9,0,0,0.0003892538404327582
7783,2,0,0,0.0018434195373510775
7784,4,0,0,0.00016073738974319322
7785,8,0,0,0.0008334852464416316
7786,5,0,0,0.0002865253060882329
7787,9,0,0,0.001329968549362672
7788,2,0,0,0.41942272830000904
7789,10,0,0,0.0018334456466136669
7790,1,0,0,0.0006752820282744861
7791,9,0,0,0.0021757952569058433
7792,8,0,0,0.002287336155401195
7793,4,0,0,0.0005805438136122108
7794,1,0,0,0.0023219358910725432
7795,6,0,0,0.0018672708295600455
7796,6,0,0,0.004433839116078584
7797,5,0,0,0.031154698064910454
7798,8,0,0,0.011011974561199435
7799,9,0,0,0.009797920705070549
7800,4,0,0,0.00019998017822149392
7801,2,0,0,0.0003320570060096298
7802,9,0,0,0.0036304298938682404
7803,7,0,0,0.00045458823298441043
7804,1,0,0,0.002304453762646966
7805,1,0,0,0.000814015075055758
7806,1,0,0,0.001637278509261601
7807,1,0,0,0.1665307448403337
7808,5,0,0,0.004833565004341061
7809,10,0,0,0.011378092219478282
7810,9,0,0,0.00814254959620549
7811,10,0,0,0.0032887261235030442
7812,5,0,0,0.0003412129863893548
7813,6,0,0,0.44844501695348
7814,2,0,0,0.0048302468774469075
7815,4,0,0,0.010345689541920987
7816,3,0,1,0.9992968091108355
7817,7,0,0,0.03637179318991497
7818,1,0,0,0.0003675745362823938
7819,7,0,1,0.9997275821317289
7820,6,0,0,7.792228261746275e-05
7821,9,0,0,0.009418641612712027
7822,3,0,0,0.1233084524839882
7823,7,0,0,0.08707098376880777
7824,2,0,0,0.001402957427737396
7825,3,0,0,0.00011618491675039786
7826,8,0,0,0.04751336064049623
7827,7,0,0,0.022679858501932732
7828,2,0,1,0.9626873850542543
7829,2,0,0,0.05393591368734627
7830,5,0,0,0.0032329734387393275
7831,1,0,0,0.0003081560488954596
7832,2,0,0,0.026896739124884966
7833,10,0,1,0.6214623190709012
7834,5,0,0,0.007873990333634322
7835,3,0,0,0.0002429796846246583
7836,10,0,0,0.0018522902381911802
7837,8,0,1,0.9907831689110398
7838,9,0,0,0.006962464628958291
7839,6,0,0,0.004356250779169811
7840,10,0,0,0.015537947359492793
7841,4,0,0,0.00021514080684830735
7842,2,0,0,0.0006037624797073241
7843,1,0,0,0.13032540360345957
7844,2,0,0,0.01054022008787133
7845,2,0,0,0.3849260467862846
7846,3,0,0,0.014804472451697893
7847,9,0,0,0.0031462830965578773
7848,3,0,0,0.00027604029329399523
7849,5,0,0,0.0015368646590081057
7850,4,0,0,0.00027535915742252974
7851,1,0,0,0.007828937028878824
7852,10,0,0,0.0020157337210394417
7853,10,0,0,0.013278954669290442
7854,7,0,0,0.009901841886145554
7855,3,0,0,0.33662398525380915
7856,7,0,0,0.16061310778730356
7857,9,0,0,0.0005584558471186777
7858,2,0,0,0.00015826645509378807
7859,9,0,0,0.005444904902073289
7860,5,0,0,0.0006724711228401556
7861,1,0,0,0.0002735306927581545
7862,8,0,0,0.00198887641704233
7863,9,0,0,0.24634787066978278
7864,5,0,0,0.004248617882159032
7865,10,0,0,0.004377337466319194
7866,2,0,0,0.0008601722774687537
7867,1,0,0,0.0061587360792724815
7868,1,0,0,9.745742045207193e-05
7869,8,0,0,0.004655531701323274
7870,6,0,1,0.9984059147171951
7871,8,0,0,0.0013549469473062767
7872,9,0,0,0.006050665645719217
7873,8,0,0,0.00014946611132237315
7874,5,0,0,0.02287244724698967
7875,5,0,0,0.039010442976135803
7876,1,0,0,0.0001042270742543061
7877,6,0,0,0.0013295142316938405
7878,3,0,0,0.0007824393869366394
7879,3,0,0,0.0069692514811400446
7880,10,0,0,0.007251630425829901
7881,2,0,0,0.0029480655805516594
7882,4,0,0,0.0003174751692543158
7883,6,0,0,0.0009328708907015556
7884,2,0,0,0.003309217818264059
7885,6,0,0,0.48844011071043336
7886,2,0,0,0.0003053668065495865
7887,9,0,0,0.002583338676486335
7888,6,0,0,0.0006082203764924572
7889,8,0,1,0.9847544762276208
7890,3,0,0,0.0003396961705060767
7891,2,0,0,0.031064796652552594
7892,2,0,0,0.0006713851065078242
7893,2,0,0,0.014114052165478065
7894,10,0,0,0.00021669074513467669
7895,3,0,0,0.0032043459881471318
7896,3,0,0,0.002084499913404592
7897,4,0,0,0.008088896227955241
7898,6,0,0,0.0025743776822119576
7899,3,0,0,0.0004628253631631373
7900,4,0,1,0.69046021425701
7901,4,0,0,0.002070647930570747
7902,3,0,1,0.9504886292623986
7903,3,0,0,0.003426279136639107
7904,6,0,0,0.00540622481914603
7905,3,0,0,0.010995208219391522
7906,2,0,0,0.0015855240905837452
7907,5,0,0,0.0005216305329256886
7908,7,0,0,0.006059272517177751
7909,2,0,0,0.00010717478000671494
7910,1,0,0,0.00766054286247928
7911,2,0,0,0.0034626025136820417
7912,6,0,0,0.000937366086687816
7913,9,0,0,0.00470773087414477
7914,2,0,0,0.02220550147461613
7915,1,0,1,0.9288098198202868
7916,4,0,0,0.0002574466972137374
7917,9,0,0,0.0006043173275023428
7918,10,0,0,0.0010061319917783495
7919,2,0,0,0.012183260877356081
7920,8,0,0,0.00015976599364541093
7921,10,0,0,0.0005921160349651469
7922,7,0,0,0.0034181157774591815
7923,3,0,0,0.0024763190455035305
7924,6,0,0,0.0009122774603915001
7925,3,0,0,0.070644277008932
7926,10,0,0,0.10152432336081674
7927,1,0,0,0.006710696847270083
7928,1,0,0,0.00031043216591437417
7929,1,0,0,0.0033373914619201873
7930,3,0,0,0.004258210064043858
7931,5,0,0,7.45155186119293e-05
7932,10,0,0,0.005723276363179428
7933,9,0,0,0.00031163801100087825
7934,5,0,0,0.008179358706974244
7935,4,0,0,0.0005376415276020548
7936,3,0,0,0.0008858028788826961
7937,9,0,0,0.0012115215028671697
7938,3,0,0,0.0002510627293441977
7939,8,0,0,0.005079760933807213
7940,10,0,0,0.2054647587644516
7941,9,0,0,0.1180521525393774
7942,9,0,1,0.9838136022800391
7943,9,0,0,0.0015422088096317447
7944,4,0,0,0.0006288046665361903
7945,5,0,0,0.0016411546871873586
7946,10,0,0,0.004045085701225878
7947,1,0,0,0.001331254172484524
7948,5,0,0,0.00022081870160679543
7949,10,0,0,0.005270631540723387
7950,4,0,0,0.00264814958687717
7951,2,0,1,0.8629667747600062
7952,5,0,0,0.031220237004448773
7953,6,0,0,0.0003967364295183722
7954,9,0,0,0.0026578048444235603
7955,2,0,0,0.0008903220587923066
7956,3,0,0,0.063385732927996
7957,3,0,0,0.001505935767903302
7958,3,0,0,0.004986502337744678
7959,1,0,0,0.00040097823475154857
7960,6,0,0,0.014937169943776392
7961,9,0,0,0.007571587366557936
7962,10,0,0,0.005887863863914079
7963,1,0,0,0.0011875957146607414
7964,7,0,0,0.0005165059367692387
7965,9,0,0,0.013840947463512252
7966,1,0,0,0.0017080636658734622
7967,5,0,1,0.9038453763929646
7968,9,0,0,0.0008705222372964284
7969,10,0,0,0.031152601031237803
7970,8,0,0,0.0009900701776009067
7971,4,0,0,0.00044514261426929633
7972,2,0,0,0.0025836580052078844
7973,8,0,0,0.0027554230555327684
7974,8,0,0,0.0009055526231967143
7975,10,0,0,0.0003949177703928107
7976,2,0,0,0.11472943852066031
7977,8,0,0,0.00420725576233333
7978,10,0,0,0.0007072280022620102
7979,6,0,0,0.00026390571090500813
7980,2,0,0,0.00044531322083622954
7981,7,0,0,0.000638966741166562
7982,7,0,0,0.0019469350784889524
7983,3,0,1,0.984001348606539
7984,10,0,0,0.005351508311112813
7985,2,0,0,0.0029694035316580043
7986,8,0,0,0.008342602560860599
7987,3,0,0,0.005023175074199066
7988,3,0,0,0.0008152118073264654
7989,10,0,0,0.007149302609130133
7990,1,0,1,0.9964515587732536
7991,7,0,0,0.0032086703670380586
7992,10,0,0,0.000228244067487063
7993,2,0,0,0.019389764255504628
7994,2,0,0,0.20746352143585073
7995,8,0,0,0.0007855281844778997
7996,6,0,0,0.000761946423431286
7997,10,0,0,0.00010644025321061749
7998,4,0,0,0.0029160493883491523
7999,4,0,0,0.45263632242979174
8000,10,0,0,0.00041029352366438496
8001,8,0,0,0.003945248392254316
8002,7,0,0,0.00023373309845257668
8003,2,0,0,0.0006631258418792478
8004,4,0,0,0.0005789020845332458
8005,10,0,0,0.025580954901296915
8006,5,0,0,0.0005372585174924182
8007,5,0,0,0.005662978749842583
8008,4,0,0,0.0013179610193449392
8009,4,0,0,0.0027815350048470897
8010,2,0,0,0.0030882510546187147
8011,10,0,0,0.037730734463958956
8012,9,0,0,0.0015032819503365197
8013,6,0,0,0.002923743365225907
8014,4,0,0,0.001014252807865383
8015,6,0,0,0.015311045553613028
8016,3,0,0,0.11551749711483832
8017,10,0,0,0.0029147804286536044
8018,6,0,0,0.00010384546290080245
8019,2,0,1,0.9366180350209563
8020,5,0,0,0.0003641510560359547
8021,10,0,0,0.006751286635563752
8022,7,0,0,0.0018105087900239394
8023,1,0,0,0.001942888425550844
8024,2,0,0,0.0010113044138830602
8025,9,0,0,0.0007096680312429466
8026,8,0,0,7.352566753961112e-05
8027,10,0,0,0.021956417321982325
8028,6,0,0,0.0003318429057974649
8029,5,0,0,0.003771528770328605
8030,2,0,0,0.007779056925306027
8031,4,0,1,0.9987342703273545
8032,8,0,0,0.00022212056977838617
8033,5,0,1,0.7494863611056752
8034,9,0,0,0.0019904414866925312
8035,8,0,0,0.00030584857120098793
8036,9,0,1,0.9866502512182598
8037,1,0,0,0.0031628597091841026
8038,4,0,0,3.744945509029003e-05
8039,10,0,0,0.0009934833715931405
8040,3,0,0,0.09590666182666141
8041,2,0,0,0.018643497309910197
8042,6,0,0,0.00022461884266435897
8043,2,0,0,0.08289099058266261
8044,1,0,0,0.00315482196124472
8045,3,0,0,0.0009795946702806113
8046,7,0,0,0.004201002837444708
8047,1,0,0,0.001218411742711192
8048,1,0,1,0.9685894760679183
8049,2,0,0,4.360473965994533e-05
8050,10,0,0,0.0018759939189502122
8051,2,0,0,0.0008054712315315436
8052,7,0,0,0.2946091859326602
8053,3,0,0,0.010855887928664504
8054,2,0,0,0.03317370870516588
8055,9,0,0,0.002016587501019376
8056,1,0,0,0.0017702621545697304
8057,3,0,0,0.00096945405606058
8058,6,0,0,0.0006435515069717411
8059,1,0,0,0.022092681595322582
8060,5,0,0,0.28138909543797513
8061,8,0,0,0.0058381584049731665
8062,5,0,0,0.011715563058869657
8063,7,0,0,0.05271587342285159
8064,10,0,0,0.00047965939572897797
8065,2,0,0,0.0018741141470119177
8066,5,0,0,0.001183010284508069
8067,5,0,0,0.0029951283363244085
8068,2,0,0,0.00018768161043694072
8069,8,0,0,0.0016651093242116399
8070,6,0,0,0.0009420755843230325
8071,1,0,0,0.0029404140562220215
8072,7,0,0,0.00131116480272209
8073,7,0,0,0.007142281958652197
8074,6,0,0,0.0009207030175446561
8075,9,0,0,0.0010218309364179105
8076,9,0,0,0.014668786556101886
8077,1,0,0,0.0016206877280068085
8078,8,0,0,0.0023100042218807734
8079,5,0,0,0.002922275350192662
8080,7,0,0,0.0009775969347908986
8081,6,0,0,0.0031171229062103914
8082,3,0,0,0.09092935260709956
8083,3,0,0,0.01248844549134235
8084,4,0,0,0.002748301770564515
8085,7,0,0,0.0003626458692456131
8086,8,0,0,0.01634142461705541
8087,9,0,0,0.004112511129378449
8088,1,0,0,0.00014977127146783775
8089,6,0,0,0.020041556005780118
8090,6,0,0,0.0043484512776386895
8091,5,0,0,0.0004097502738233485
8092,4,0,0,0.005999709874361297
8093,1,0,0,0.22854909487644443
8094,10,0,0,0.0001666710982837569
8095,6,0,0,0.012490889429361818
8096,7,0,0,0.0014474285314119678
8097,10,0,0,0.0002571334430324229
8098,9,0,0,0.009918035332251997
8099,9,0,0,0.0018807596016410103
8100,9,0,0,0.03037431550203937
8101,9,0,0,0.1752275998640481
8102,1,0,0,0.02687495270354049
8103,7,0,0,0.01626700828153193
8104,1,0,0,0.00033998808616951884
8105,1,0,0,0.010954441493122316
8106,7,0,0,0.007517063319972771
8107,7,0,0,0.00026646900776964265
8108,9,0,0,0.008800682232656409
8109,3,0,0,0.020858094355169367
8110,3,0,0,0.0010914827794124176
8111,5,0,1,0.960479758389182
8112,9,0,0,0.460764041041612
8113,7,0,0,0.02405160010168121
8114,7,0,0,0.01078122459107194
8115,9,0,1,0.7672889507149625
8116,10,0,0,0.08485781209871394
8117,1,0,0,0.006017757947138773
8118,5,0,0,0.010529455443491207
8119,10,0,0,0.0017141793007236518
8120,9,0,1,0.9750747815424752
8121,9,0,0,0.0022330235837265226
8122,8,0,0,0.000264814291661381
8123,5,0,0,0.0017410222546075692
8124,8,0,0,0.004214559755941646
8125,8,0,0,0.00016736082437387447
8126,1,0,0,0.45627018134108827
8127,4,0,0,0.0026366305664584865
8128,9,0,0,0.0008809878888945701
8129,2,0,0,0.00018483229023886753
8130,2,0,0,0.0010468573667943453
8131,9,0,0,0.0005956818300205752
8132,10,0,0,0.014494668800843671
8133,1,0,0,0.056097166460120196
8134,8,0,0,0.059596261338033765
8135,4,0,0,9.582616585091399e-05
8136,2,0,0,0.043870744074463355
8137,1,0,1,0.8196238072196365
8138,3,0,0,0.0007196198818040501
8139,7,0,0,0.0018266635741041805
8140,9,0,0,0.002247389980742255
8141,5,0,0,0.0009076369923754242
8142,6,0,0,0.04880177192281884
8143,4,0,0,0.0011943210499321265
8144,1,0,0,0.17692263364954589
8145,4,0,1,0.9104790488833137
8146,2,0,0,0.0006562011279515419
8147,6,0,0,0.0013655850481183722
8148,8,0,1,0.8931261551330941
8149,2,0,0,7.448911343157271e-05
8150,8,0,0,0.00935736838114688
8151,4,0,1,0.6419428702876067
8152,1,0,0,0.3141188767834333
8153,1,0,0,0.11768935432405134
8154,1,0,0,0.0009748728252689546
8155,8,0,0,0.0003142445142762379
8156,6,0,0,0.040791370516936265
8157,3,0,1,0.9975414662330699
8158,6,0,0,0.00016798606909156362
8159,10,0,0,0.06410019120398276
8160,5,0,0,0.02391423492039222
8161,3,0,0,0.0044048535107911995
8162,3,0,0,0.000684881687938783
8163,5,0,0,0.012360831791878423
8164,9,0,0,0.01036604679112141
8165,5,0,0,0.01038920967214385
8166,1,0,0,0.0013158411613903337
8167,7,0,0,0.002048968088618546
8168,4,0,1,0.7120556656393059
8169,6,0,0,2.93500286647785e-05
8170,3,0,0,0.0003669927217425886
8171,10,0,0,0.0006502045792105309
8172,5,0,0,0.003076391536560792
8173,8,0,0,0.0011798651374227795
8174,7,0,0,0.0006186490129310918
8175,1,0,0,0.00186586794807569
8176,3,0,0,0.00021400133147911254
8177,8,0,1,0.9561145770291631
8178,7,0,0,0.0002954565012472771
8179,7,0,0,0.0024540358977186362
8180,3,0,0,0.0005568109629912792
8181,7,0,0,0.019408374146504367
8182,6,0,0,0.0006451949297604867
8183,3,0,0,0.001298736297066537
8184,7,0,0,0.0006543115796371581
8185,8,0,0,0.013569864026943913
8186,10,0,0,0.15838603905306303
8187,1,0,0,0.00018249254132003177
8188,4,0,0,0.0007479955554849378
8189,10,0,0,0.06774869664605704
8190,4,0,0,0.0013211418682093524
8191,5,0,0,0.00300289104773926
8192,3,0,0,0.0004595522260169696
8193,5,0,0,0.0016670180326304005
8194,1,0,0,0.0033825179475381975
8195,10,0,0,0.0006866221634053888
8196,8,0,0,0.0003158087232248697
8197,7,0,1,0.9997857320107889
8198,2,0,0,0.0027930227132298797
8199,1,0,0,0.0012517009033214824
8200,9,0,0,0.000451271341881711
8201,3,0,0,0.0009321499136365431
8202,4,0,0,0.006964006323043301
8203,3,0,0,0.004000909698511858
8204,5,0,0,0.0008001082187163786
8205,1,0,0,0.0003578409251896314
8206,4,0,0,0.004260927053260433
8207,10,0,0,0.008208316817064784
8208,10,0,0,0.0009507911751102192
8209,3,0,0,0.006899728158773219
8210,7,0,0,0.000292913887309369
8211,6,0,0,0.0014190269043143713
8212,9,0,0,0.08930076783504926
8213,10,0,0,0.0029586458553116425
8214,7,0,0,0.0010293018586348456
8215,5,0,0,0.0001886186964518259
8216,8,0,0,0.13175160403785288
8217,10,0,0,0.4976437965425806
8218,1,0,0,0.0005382034307978162
8219,3,0,0,0.0007979219255244709
8220,7,0,0,0.00019025168556618808
8221,10,0,0,0.12009009297898088
8222,9,0,0,0.009977323466134507
8223,2,0,0,0.0012881479936113316
8224,1,0,0,0.0010718048554030058
8225,2,0,0,0.004778229489194089
8226,2,0,1,0.9995680387638333
8227,9,0,0,0.0011482721240094152
8228,3,0,0,0.0022259523752856023
8229,9,0,0,0.003710950525757419
8230,4,0,0,0.0007031311452908441
8231,4,0,0,0.002891844343773934
8232,1,0,0,0.00033890368650980874
8233,7,0,0,0.0004711072300688929
8234,1,0,0,0.00046290515569841114
8235,4,0,0,0.00717749623741624
8236,9,0,0,0.004496373662760246
8237,4,0,0,0.011818929695962275
8238,3,0,0,0.0004922249155639214
8239,8,0,0,0.0009890782214289151
8240,6,0,0,0.005993425129453672
8241,10,0,0,0.1301257808158783
8242,3,0,0,0.0012811398659269822
8243,4,0,0,0.020193125653324893
8244,2,0,0,0.04690883862360128
8245,1,0,0,0.0029235196685352743
8246,8,0,0,0.01296237486852854
8247,10,0,0,0.000946564676780213
8248,4,0,0,0.00541519350652684
8249,3,0,0,0.0005621755132570473
8250,10,0,0,0.008335124082904722
8251,8,0,0,0.0010902621309872157
8252,8,0,0,0.0035539506801740206
8253,6,0,0,0.04526287424747696
8254,4,0,0,0.00022136690624058398
8255,9,0,1,0.734660637820153
8256,8,0,1,0.9554686364293226
8257,6,0,0,0.04005903919038986
8258,5,0,0,0.009135894186715754
8259,8,0,0,0.0037933078915707193
8260,10,0,0,0.006070482982956954
8261,8,0,0,0.0018824479750948744
8262,10,0,0,0.006295339258088622
8263,10,0,0,6.874604892589019e-05
8264,8,0,0,0.00019161569564386298
8265,1,0,0,0.0005817462659044175
8266,3,0,0,0.006197493096220706
8267,7,0,0,0.0014100359875402618
8268,7,0,0,0.0009094463932937183
8269,9,0,0,0.0005316350997057603
8270,6,0,1,0.9956120494636919
8271,1,0,0,0.00015887663422716416
8272,9,0,0,0.003219012694810855
8273,2,0,0,0.0001888048243711952
8274,6,0,1,0.7500966036088192
8275,5,0,0,0.0007515593640348353
8276,5,0,0,0.005066494851572593
8277,3,0,0,0.0005064364438187884
8278,7,0,0,0.0011482517307275805
8279,10,0,0,0.00056520750611086
8280,3,0,1,0.9799116236466772
8281,2,0,0,0.00044078769133429086
8282,3,0,0,0.003997503192551943
8283,1,0,0,0.00707412257867004
8284,1,0,0,0.004270723373831575
8285,10,0,0,0.02228683471340536
8286,2,0,0,0.0007042299445435335
8287,3,0,0,0.01758452858541153
8288,6,0,0,0.0011164104194263244
8289,4,0,0,0.026630434207873165
8290,3,0,0,0.00119798491886384
8291,7,0,0,0.002978380440114523
8292,10,0,0,0.001323471338215848
8293,4,0,0,0.00013799617543258584
8294,5,0,0,0.0006376026564592975
8295,4,0,0,0.3395559687755075
8296,7,0,0,0.002528556768815383
8297,3,0,0,0.0003617013599237117
8298,10,0,0,0.0033593722616722626
8299,6,0,0,0.0905131214356877
8300,1,0,0,0.09339428471161126
8301,9,0,0,0.002282045185497108
8302,3,0,0,0.0003177715321949296
8303,7,0,0,0.018408412878607533
8304,5,0,0,0.0004155097974121822
8305,5,0,0,0.00021663370885015746
8306,10,0,0,0.00013163015665328844
8307,8,0,0,0.0002967694954193958
8308,6,0,0,0.004464350081673842
8309,6,0,0,0.00043898007454577255
8310,7,0,0,0.02164743592989408
8311,3,0,0,0.002976153699033598
8312,4,0,0,0.0004975018252581846
8313,9,0,0,0.002063957527637797
8314,10,0,0,0.00020077748689481789
8315,8,0,1,0.6379808544045213
8316,7,0,0,0.000954702162350157
8317,9,0,0,0.20048689401827346
8318,1,0,1,0.9424848054419849
8319,5,0,0,0.00015210694014607739
8320,2,0,0,0.0004495670979119047
8321,8,0,0,0.005212067885056038
8322,7,0,0,0.000631335586267323
8323,8,0,0,0.0003025539537729791
8324,7,0,0,0.02405568786208548
8325,8,0,0,0.01740222730322265
8326,4,0,0,0.002364915351456975
8327,1,0,0,0.04690545021621506
8328,5,0,0,0.0013633257002237358
8329,7,0,0,0.00016566023583919839
8330,3,0,0,0.0013457436352987935
8331,4,0,0,0.0005276820423829658
8332,5,0,0,0.002596387260013615
8333,9,0,0,0.027604193512232242
8334,3,0,0,0.010759967954365653
8335,2,0,1,0.8949579850957851
8336,10,0,0,9.164280890942095e-05
8337,5,0,0,0.043653214978657325
8338,10,0,1,0.9689216549474806
8339,9,0,0,0.016214154352303535
8340,4,0,0,0.00010913401998344874
8341,3,0,0,0.0006658573370746573
8342,7,0,0,0.0005158193406968881
8343,9,0,0,0.0006960554731812676
8344,2,0,0,0.0015939637010191274
8345,3,0,0,0.004466436234644606
8346,4,0,0,0.000396981993371238
8347,10,0,0,0.00033008855788834097
8348,1,0,0,0.0012540204873323292
8349,8,0,0,0.0015626176927977992
8350,7,0,0,0.1600913753064065
8351,6,0,0,0.0006929773871084223
8352,7,0,0,0.017089800756110204
8353,7,0,0,0.0013183744930626551
8354,2,0,0,0.026613505903294896
8355,3,0,0,0.0013630669922381627
8356,5,0,0,0.0001308502941061566
8357,9,0,0,0.0012874721336558425
8358,7,0,0,0.0008400673893740124
8359,1,0,0,0.00016230227520339845
8360,3,0,0,0.08375276696824391
8361,4,0,0,0.002286669334017979
8362,3,0,0,0.00021071335786338068
8363,8,0,1,0.8668402489945687
8364,7,0,0,0.000369968832487893
8365,10,0,0,0.002190105619495457
8366,3,0,0,0.002724230148058593
8367,1,0,0,0.006822159957498434
8368,2,0,0,0.011019266954648126
8369,1,0,0,0.004510567379197557
8370,6,0,0,0.020485988951315197
8371,6,0,0,0.0004674866843873118
8372,1,0,0,0.0032956437701265303
8373,3,0,0,0.002148181044981222
8374,4,0,0,0.0015395727194606169
8375,4,0,0,0.0011378076050332878
8376,1,0,0,0.07953658470717079
8377,3,0,0,0.00029983188344717113
8378,2,0,0,0.004153048590218884
8379,10,0,0,0.0012792840152579682
8380,1,0,0,0.001837819510915663
8381,3,0,0,0.46645490711523985
8382,10,0,0,0.00257047734762442
8383,5,0,0,0.000263507291386526
8384,5,0,0,0.015524736138545228
8385,9,0,0,0.0016750875437298103
8386,4,0,0,0.00021899205692774788
8387,3,0,0,0.0008061566003373112
8388,1,0,0,0.014291303713918934
8389,7,0,0,0.008853962629069574
8390,8,0,0,0.16709665968099421
8391,1,0,0,0.0014490622030330995
8392,4,0,0,0.00037941313747533677
8393,5,0,0,0.04182160918763453
8394,6,0,0,0.00025117041841125285
8395,1,0,0,0.008932915012301146
8396,3,0,0,0.15539318585547168
8397,3,0,0,0.0006617519170042626
8398,4,0,0,0.03171678652376633
8399,6,0,0,0.12347866067661878
8400,6,0,0,0.002219923162862446
8401,8,0,0,0.0005823637754402124
8402,8,0,0,0.0241859134308995
8403,2,0,0,0.00039073405621320087
8404,7,0,0,0.0010684809975532808
8405,3,0,0,0.0019172525673116687
8406,5,0,1,0.8254799159356793
8407,2,0,0,0.0026025030004155013
8408,7,0,0,0.0006797860862751242
8409,3,0,1,0.8001434335862486
8410,3,0,0,0.0030180330211290124
8411,6,0,1,0.780243790186141
8412,10,0,0,0.038257116027423085
8413,7,0,0,0.005739937546881464
8414,7,0,0,0.000297286335096863
8415,4,0,0,0.000507177242969064
8416,4,0,0,0.0015666348688495244
8417,3,0,0,0.010481351078832602
8418,9,0,0,0.0013513234806490054
8419,9,0,1,0.7891904430431558
8420,2,0,0,0.16926418528986736
8421,9,0,0,0.012886123515858109
8422,7,0,0,0.06206227270223148
8423,8,0,0,0.48253376630007894
8424,6,0,1,0.7503136201418112
8425,5,0,0,0.00042497681504750646
8426,4,0,0,0.01579539384797658
8427,5,0,0,0.003005882556540486
8428,3,0,0,0.0002950963198937537
8429,2,0,0,0.003756807761574712
8430,8,0,0,0.008596781156998145
8431,7,0,0,0.004555228471041063
8432,3,0,0,0.05120192850796176
8433,2,0,0,0.00012164506523161645
8434,8,0,0,0.0006874773342985939
8435,8,0,0,0.0013240567518036032
8436,5,0,0,0.0030276005352983964
8437,4,0,0,0.030581778792370597
8438,4,0,0,0.0012415904960701393
8439,7,0,0,0.0015517704390319224
8440,3,0,1,0.8102221366479212
8441,6,0,0,0.011484870347888768
8442,10,0,1,0.7180389403563171
8443,8,0,0,0.0009057241853986576
8444,6,0,0,0.07747309504700485
8445,1,0,0,0.0016857247662297875
8446,5,0,1,0.9941226516907524
8447,2,0,0,0.0010413270846560717
8448,5,0,0,0.03399446098501188
8449,1,0,0,0.05562009870479616
8450,5,0,0,0.01195030235400018
8451,3,0,0,0.00277081740439771
8452,9,0,0,0.0013164643746851625
8453,4,0,0,0.0017896287990637938
8454,6,0,0,0.013691230577030152
8455,3,0,0,0.0031505892081510997
8456,6,0,0,0.06184996173164338
8457,2,0,0,9.688040638031256e-05
8458,2,0,0,0.027240562014368225
8459,5,0,0,0.0002631737393653555
8460,6,0,0,0.005081515598134707
8461,2,0,0,0.004593853303029845
8462,2,0,0,0.000458295928798095
8463,1,0,0,0.2894270655153184
8464,8,0,0,0.16974155027808252
8465,6,0,0,0.18002484684636794
8466,5,0,0,0.002375680208172629
8467,3,0,0,0.0008301089089622832
8468,8,0,0,0.004041619759494521
8469,3,0,0,0.003508852057088794
8470,10,0,0,0.006377666759179473
8471,2,0,0,0.0031442734270252137
8472,2,0,0,0.34610532026732643
8473,8,0,1,0.997419388117456
8474,10,0,0,0.002748663914611856
8475,10,0,0,0.001023070557636908
8476,3,0,0,0.003531514256563954
8477,6,0,0,0.01322512110267377
8478,10,0,0,0.00012874611783141742
8479,1,0,1,0.9933426155529066
8480,7,0,0,0.003268009995542068
8481,6,0,0,0.00033643452016953845
8482,3,0,0,0.2581853723727156
8483,4,0,0,0.0005098980457195073
8484,3,0,0,0.0037649583590839432
8485,1,0,1,0.8707759267791978
8486,5,0,0,0.0008351071854435316
8487,9,0,0,0.02166297871282706
8488,10,0,0,0.008543199190931938
8489,3,0,0,0.002454308945747822
8490,2,0,0,0.003987208686270335
8491,7,0,0,0.0014570826340602086
8492,9,0,0,0.24638315134633487
8493,1,0,1,0.6904693803433137
8494,5,0,0,9.8117671781839e-05
8495,7,0,0,0.00017610525322397987
8496,9,0,0,0.00182238449441863
8497,2,0,0,0.0021118739222978603
8498,8,0,0,0.0046850743638821805
8499,8,0,0,0.00038008555683464817
8500,5,0,0,0.00026687288635978204
8501,4,0,0,0.00037058446067176313
8502,8,0,0,0.0022951362229499477
8503,3,0,0,0.00036491972703685775
8504,4,0,0,0.0007018783477049608
8505,6,0,0,0.007037889874560843
8506,7,0,0,0.3230091421743563
8507,5,0,0,0.05442857065048814
8508,10,0,0,0.0010287275150612026
8509,10,0,0,0.004810567823143964
8510,8,0,0,0.0008366345290581172
8511,6,0,0,0.14074330088899695
8512,5,0,1,0.9555497060002307
8513,4,0,0,0.002566779207379823
8514,3,0,0,0.2789988790863689
8515,1,0,1,0.9976143921031577
8516,10,0,0,3.19835447620717e-05
8517,6,0,0,0.0009294473413882759
8518,10,0,0,0.0009131851936999925
8519,2,0,0,0.005089837981137681
8520,9,0,0,0.0012773660168537966
8521,9,0,1,0.5629134160331837
8522,6,0,0,5.167289087021427e-05
8523,5,0,0,0.007141082508179577
8524,9,0,0,0.001195610807967153
8525,8,0,0,0.0017253557770776494
8526,6,0,0,0.007524867991844108
8527,10,0,0,0.001993200040570976
8528,5,0,0,0.023390250351748656
8529,5,0,0,0.001430399584056625
8530,8,0,0,0.0003217852783826503
8531,3,0,0,0.0007095371607405368
8532,9,0,0,0.0031445633094113225
8533,5,0,0,0.001560246887740272
8534,7,0,0,0.030474043756510173
8535,6,0,0,0.000479950757208617
8536,6,0,0,0.024525523579481144
8537,4,0,0,0.011466773623869024
8538,3,0,0,0.0007955479480557209
8539,8,0,1,0.9688355527666106
8540,2,0,0,0.0008443410932359528
8541,5,0,0,0.0005420677681058173
8542,7,0,0,0.000992926835839807
8543,6,0,0,0.0008635107280721549
8544,2,0,0,0.0007024229471172211
8545,2,0,0,0.0420337552474521
8546,5,0,0,0.0010633468343288805
8547,7,0,0,0.0028313522183932584
8548,9,0,0,0.0002087212959749612
8549,1,0,0,0.0008025941393843579
8550,6,0,0,0.0028202564197099683
8551,9,0,0,0.0008683681928350222
8552,5,0,0,0.04198910363091043
8553,8,0,0,0.002861837545615572
8554,1,0,0,0.003572632904923202
8555,9,0,0,0.0003833717912823289
8556,8,0,0,0.08827552224170154
8557,3,0,0,0.0012015478470329974
8558,6,0,0,0.0017185633841652272
8559,10,0,0,0.0020747267618174844
8560,8,0,0,0.010122128797358671
8561,9,0,0,0.004570343867756149
8562,2,0,0,0.10091644185897526
8563,3,0,0,0.0012986117246267899
8564,9,0,0,0.0005754021712116053
8565,1,0,0,0.0010882300010230058
8566,10,0,1,0.9882834306252786
8567,10,0,0,0.0032201569496318845
8568,9,0,1,0.9977041524893631
8569,4,0,0,0.0013350753612813187
8570,4,0,0,0.010436604748909433
8571,10,0,0,0.011949486300813357
8572,4,0,0,0.00021333115457452566
8573,9,0,0,0.004820505011522216
8574,7,0,0,0.0011360255019858445
8575,10,0,0,0.13265446856706833
8576,2,0,0,0.012919165251479273
8577,6,0,0,0.03360730259373689
8578,6,0,0,0.002425293169667606
8579,9,0,0,0.04232522291046455
8580,1,0,0,0.0012435067774641084
8581,3,0,0,0.0005327961361068811
8582,4,0,1,0.8823401655897187
8583,2,0,0,0.0015631525614288862
8584,5,0,0,0.0032619063188683347
8585,7,0,0,0.0004278780029970124
8586,7,0,0,0.01988479192589014
8587,1,0,0,0.021223950454788927
8588,10,0,0,0.007645531701160814
8589,7,0,0,0.007829928339774537
8590,8,0,0,7.866892056486381e-05
8591,8,0,0,0.00027659488281181043
8592,10,0,0,0.002506099450072893
8593,6,0,0,0.004698801818532815
8594,10,0,0,0.00032446240271112017
8595,7,0,0,0.00079798774646046
8596,4,0,0,0.013205176615544796
8597,6,0,0,0.0023004748289012574
8598,10,0,0,0.007994550977654313
8599,1,0,0,0.002377298745823002
8600,6,0,1,0.9990909393898735
8601,1,0,0,0.00010818160876273938
8602,6,0,1,0.9175509293159436
8603,6,0,0,0.008584015933141004
8604,5,0,0,0.016042766505533105
8605,8,0,0,0.004286271861292558
8606,8,0,0,0.00032332833701138
8607,6,0,0,0.016117005607338756
8608,6,0,0,0.0007534336918931943
8609,5,0,0,0.0007663116685777103
8610,6,0,0,0.0053112957216511335
8611,9,0,0,0.00028458432198732867
8612,5,0,0,0.06883831206209463
8613,1,0,0,0.0025800945993213805
8614,5,0,0,0.0449514363664609
8615,1,0,1,0.9994206467305556
8616,3,0,0,0.0014386405499539647
8617,9,0,0,0.34293878758430874
8618,9,0,0,0.0012092029204671083
8619,6,0,0,0.027995164622433406
8620,5,0,0,0.0010841044068821283
8621,3,0,0,0.010288444880254337
8622,8,0,0,0.0007077832289200649
8623,4,0,0,0.003243417460412876
8624,2,0,0,0.14692461151276726
8625,2,0,0,0.003877285922567658
8626,1,0,0,0.0017015479764872202
8627,1,0,0,0.000460101183811543
8628,4,0,0,0.0006366985693406064
8629,1,0,0,0.026469255115956027
8630,9,0,0,0.0010346886051727435
8631,4,0,0,0.0004114874771485895
8632,4,0,0,0.003241349395049633
8633,1,0,0,0.002680067100898505
8634,10,0,0,0.0011390216958964052
8635,10,0,0,0.12842028263340516
8636,7,0,0,0.0019345809835758208
8637,4,0,0,0.003906782368453354
8638,4,0,0,0.0026703722097513225
8639,6,0,0,0.028886937410365594
8640,4,0,0,0.0008650181406717998
8641,3,0,0,0.0027719090559861145
8642,9,0,0,0.00016236773723694346
8643,4,0,0,0.2586643295997467
8644,5,0,0,0.0031507636361799707
8645,3,0,0,0.0001632839165575469
8646,2,0,1,0.6480154666238933
8647,5,0,0,0.05861237726812528
8648,9,0,0,0.43719073076492065
8649,7,0,0,0.0031621620927878825
8650,9,0,0,0.0068098422276363585
8651,1,0,0,0.04696001075508923
8652,8,0,0,0.2770460727264016
8653,6,0,0,0.0046640436121176245
8654,9,0,0,0.15099278508468017
8655,6,0,0,0.0008178723323871897
8656,3,0,0,0.0018196732341466022
8657,4,0,0,0.002360495389330098
8658,4,0,0,0.002966443911827673
8659,9,0,0,0.000313114282200053
8660,7,0,0,0.00048642075364361946
8661,6,0,0,0.00048610944196187474
8662,5,0,0,0.023417402156892232
8663,8,0,0,0.00037400978346966844
8664,3,0,0,0.33760431614559466
8665,8,0,0,0.0009705030726665739
8666,1,0,0,0.00026004917731866403
8667,6,0,0,0.018239528843267405
8668,6,0,0,0.00032304839661720565
8669,6,0,0,0.0008155916793640658
8670,3,0,0,0.00037736320101352974
8671,7,0,0,0.0010401306685140302
8672,4,0,0,0.0004947473306606516
8673,4,0,0,0.0005216254363739745
8674,5,0,0,0.0009398256763728562
8675,4,0,0,0.008014225877308417
8676,1,0,0,0.007363154441038714
8677,4,0,0,0.00040131990719510763
8678,9,0,0,0.0007512218087652675
8679,5,0,0,0.0002550813222860902
8680,1,0,0,0.04168110022209974
8681,7,0,0,0.00036181354511428927
8682,6,0,0,0.1167595927277168
8683,4,0,1,0.9719660933777652
8684,10,0,0,0.035798594827395586
8685,5,0,0,0.0016803160383205057
8686,1,0,0,0.0004436798968025815
8687,10,0,0,0.00024524504913082674
8688,1,0,0,0.0006481662111604513
8689,7,0,0,0.00047618332640330616
8690,5,0,0,0.00018404072862070178
8691,3,0,0,8.014597801138279e-05
8692,6,0,0,0.0001413992481308849
8693,9,0,0,0.0021522354535129028
8694,2,0,1,0.8998140610396871
8695,7,0,0,0.00085912260969295
8696,8,0,0,0.003927438006346933
8697,6,0,0,0.006442264957220653
8698,6,0,0,0.14691271811508522
8699,4,0,0,0.00038629335735774844
8700,5,0,0,0.0003719663543741945
8701,10,0,0,0.0003612276999031282
8702,8,0,0,0.002645339757570781
8703,4,0,0,0.00012888363713203208
8704,9,0,0,0.0010789756856874103
8705,6,0,0,0.0009802401386813312
8706,1,0,0,0.00104599112897474
8707,6,0,0,0.0008879593446888606
8708,9,0,1,0.9886043655218515
8709,4,0,0,0.00017584604313191743
8710,7,0,0,0.0008644691417945932
8711,8,0,0,0.0024802550452317656
8712,10,0,0,0.0009000470383454623
8713,1,0,0,0.004438820671762138
8714,10,0,0,0.0021617741753869437
8715,6,0,0,0.0006999717331068275
8716,7,0,0,0.0037809098686759092
8717,5,0,0,0.0005229345861662401
8718,4,0,0,0.0002016520350335912
8719,7,0,0,0.01473988884338181
8720,4,0,1,0.9919287452739705
8721,10,0,0,0.1668808841199758
8722,10,0,0,0.0050920777607994195
8723,4,0,0,0.010038652492936798
8724,6,0,0,0.008300824334570961
8725,5,0,0,0.00031644780244382295
8726,3,0,1,0.8745976364052286
8727,7,0,0,0.0008920828720851824
8728,5,0,0,0.002038347145559618
8729,1,0,0,0.0023446374202875605
8730,1,0,0,0.001296483240710509
8731,5,0,0,0.0009507791198269301
8732,3,0,0,0.00037851241039128114
8733,5,0,0,0.00044102491819701916
8734,5,0,0,0.0004323669278151521
8735,9,0,0,0.0021260279492833533
8736,10,0,0,0.00287177581517101
8737,7,0,1,0.9994186791450455
8738,1,0,0,0.0011079294063886772
8739,10,0,0,0.0009111892427684026
8740,10,0,0,9.632738238259358e-05
8741,8,0,0,0.0009530959163855441
8742,6,0,0,0.00020949766004907267
8743,1,0,0,0.0374281084401627
8744,5,0,0,0.0005441765347044635
8745,3,0,0,0.0004063087592283113
8746,8,0,0,0.010976364182609765
8747,7,0,0,0.016161559800257814
8748,5,0,0,0.29989829965942766
8749,1,0,0,0.0010164072172106128
8750,9,0,0,0.0004889013894626595
8751,3,0,0,0.005439688968332938
8752,8,0,0,0.0008814650855592751
8753,2,0,0,0.16607599270156348
8754,5,0,0,0.0009067283668946686
8755,8,0,0,0.001415799573039923
8756,7,0,0,0.00047306237385864516
8757,2,0,0,0.002082102881274645
8758,3,0,0,0.003010541491793235
8759,9,0,0,0.00083442419393166
8760,10,0,0,0.0014090233887265493
8761,7,0,0,0.0019359104806376977
8762,8,0,0,0.00027665419153340186
8763,1,0,0,0.0038600837521708784
8764,8,0,0,0.007724630642472349
8765,6,0,0,0.004576627197447086
8766,9,0,0,0.03814215444157806
8767,1,0,0,0.01680548997818101
8768,10,0,0,0.0007638619247991135
8769,6,0,0,0.0020641068288560897
8770,1,0,0,0.31020313823737966
8771,7,0,0,0.0037379911065843954
8772,1,0,0,0.14746531540360097
8773,4,0,0,0.0022356978230295478
8774,6,0,0,0.0005796698688805724
8775,5,0,1,0.5443506111472414
8776,8,0,0,0.0012670728266040894
8777,5,0,0,0.0002469589762206321
8778,5,0,0,0.0026861184598366843
8779,1,0,0,0.003980860070488377
8780,7,0,0,0.24086358853715625
8781,2,0,0,0.009143132827392934
8782,3,0,0,0.004637480213371846
8783,6,0,0,0.0005379502828025534
8784,3,0,0,0.0007323652605761203
8785,3,0,0,0.061300691033547176
8786,5,0,0,0.000907448587766118
8787,10,0,0,0.00031073937625249263
8788,9,0,0,0.016342320826261802
8789,2,0,1,0.6958904241711947
8790,9,0,0,0.0001382442221578889
8791,2,0,0,0.0006924980406045196
8792,9,0,0,0.0031344093872110548
8793,10,0,0,0.1314960840174128
8794,2,0,0,0.038860701677668766
8795,6,0,0,0.0006298284009528618
8796,1,0,0,0.0037182693544162222
8797,8,0,0,0.002452930577527851
8798,2,0,0,0.05307790152609814
8799,3,0,0,0.0008045390447026177
8800,1,0,0,0.00045043760455525805
8801,4,0,1,0.840456807151984
8802,4,0,0,0.011292622789462336
8803,3,0,1,0.9995031458472208
8804,3,0,0,0.008580426048958588
8805,1,0,0,0.0016625719951396376
8806,9,0,0,0.0003675166581062351
8807,4,0,0,0.02808098605256632
8808,1,0,0,0.0012862882091901069
8809,9,0,0,0.0057775168556176175
8810,9,0,0,0.01349010423840123
8811,1,0,0,0.0026531884423235293
8812,9,0,0,0.0005436737038020618
8813,8,0,0,0.012342687239193656
8814,6,0,0,0.02274522984163513
8815,2,0,0,0.0023329552735977875
8816,9,0,0,0.02026952446522435
8817,4,0,0,0.004916488123023422
8818,7,0,0,0.000953166408494703
8819,5,0,0,0.383074783321621
8820,6,0,0,0.002068802569492646
8821,4,0,0,0.09986336438888933
8822,3,0,0,0.0027419711634442023
8823,10,0,0,0.0009500487279470657
8824,2,0,0,0.004556108610373243
8825,2,0,0,0.0025714884268454013
8826,8,0,0,0.012461477614075107
8827,8,0,0,0.008202924318145441
8828,1,0,0,0.009696711433607813
8829,9,0,0,0.0003178332619642549
8830,1,0,0,0.0037111055732135145
8831,6,0,0,0.118335058065329
8832,3,0,0,0.03216771605117387
8833,9,0,0,0.00013414023548544298
8834,3,0,1,0.9992621598646814
8835,4,0,0,0.38764933832854265
8836,1,0,0,0.007216811200743604
8837,10,0,0,0.001764213597391273
8838,4,0,0,0.0002498308589801009
8839,7,0,0,0.20535317494428737
8840,6,0,0,0.0008252389753863652
8841,6,0,0,0.0010698451012338393
8842,3,0,0,0.0061365946210402925
8843,10,0,0,0.0005419702644195733
8844,9,0,0,0.013042691839436255
8845,4,0,0,0.0019359412147767954
8846,4,0,0,0.06467807081013285
8847,9,0,0,0.0020825720934964497
8848,4,0,1,0.8018294260762517
8849,10,0,0,0.0004414220202621109
8850,7,0,0,0.0015961923638994435
8851,7,0,0,0.02403926941217088
8852,9,0,0,0.04099222739318603
8853,3,0,0,0.00020783638505771941
8854,2,0,0,0.0019758150627106207
8855,9,0,0,0.005337079513227373
8856,8,0,0,0.0006916414428809567
8857,6,0,0,0.001162014184385213
8858,7,0,0,0.008883891615856569
8859,8,0,0,0.0076726277299831985
8860,2,0,0,0.0037802472767541084
8861,8,0,0,0.24977722465578883
8862,4,0,0,0.2284605855319381
8863,2,0,0,0.0011075439548604992
8864,10,0,0,0.0024729692641579665
8865,3,0,0,0.0010208061072525662
8866,3,0,0,0.00035808164593431613
8867,2,0,0,0.0008572121950597427
8868,5,0,0,0.3368256695587123
8869,4,0,0,0.0008374417207556736
8870,10,0,0,0.015518105789813922
8871,10,0,0,0.005139668329510123
8872,6,0,0,0.006889039595669236
8873,5,0,0,0.06713397521684489
8874,10,0,1,0.9979407097253186
8875,3,0,0,0.018623340821011615
8876,2,0,0,0.00938686751564267
8877,8,0,1,0.8057491590524574
8878,9,0,0,0.012665772952811048
8879,3,0,0,8.55000808267093e-05
8880,10,0,0,0.0026935496540362114
8881,5,0,0,0.012196716543972147
8882,5,0,0,0.000638191824543242
8883,8,0,0,0.02214872402855712
8884,9,0,0,0.0015857639552888862
8885,7,0,0,0.01649608328772707
8886,5,0,1,0.6144708909754536
8887,6,0,0,0.017364522290275946
8888,3,0,0,0.0026855375900881637
8889,9,0,0,0.00044832780455867754
8890,7,0,0,0.00829730504775226
8891,5,0,0,0.019697650939706074
8892,7,0,0,0.10919643979652266
8893,5,0,0,0.0021491695548011124
8894,3,0,0,0.004102822562653345
8895,5,0,0,0.006822002424780984
8896,6,0,0,0.0056411357032109585
8897,2,0,0,0.000280683293792217
8898,5,0,0,0.23203627125766507
8899,8,0,0,0.0003741650338769614
8900,2,0,0,0.02349666651022899
8901,9,0,0,5.853520950587801e-05
8902,1,0,0,0.010728597632464351
8903,6,0,1,0.8735337621119579
8904,10,0,0,0.0022185915391736877
8905,6,0,0,0.00012961832790342345
8906,2,0,0,0.00020351625914006487
8907,10,0,0,0.045186698049553865
8908,3,0,0,0.0005230543068874913
8909,10,0,0,0.0073316954410125625
8910,5,0,0,0.05051606024291688
8911,3,0,0,0.0005562516489168044
8912,6,0,0,0.0013087265658766958
8913,9,0,1,0.6902776195785494
8914,8,0,0,0.00028493580195906393
8915,5,0,0,0.0013309719534041605
8916,1,0,0,0.00030861212332170695
8917,7,0,0,0.010684547039390707
8918,5,0,0,0.0006590581987368608
8919,10,0,0,0.0012727011642428775
8920,2,0,0,0.0023527773257994607
8921,5,0,0,0.00738937631984923
8922,8,0,0,0.002034230157612866
8923,3,0,0,0.14195065997333234
8924,7,0,0,0.053383505094068376
8925,5,0,0,0.0028066883571887264
8926,9,0,0,0.004151747328262367
8927,7,0,0,0.0014306168117515542
8928,2,0,0,0.001991212818030279
8929,2,0,0,0.0002730568788802596
8930,1,0,0,0.008816762729726701
8931,6,0,0,0.01295483511785815
8932,10,0,0,0.0050540298516153735
8933,1,0,0,0.005283474402252534
8934,6,0,0,0.028017501188743875
8935,1,0,0,0.02214612546375819
8936,4,0,0,0.0029032211989890194
8937,10,0,1,0.5830345870026178
8938,7,0,0,0.0349418067538657
8939,7,0,0,0.004398172546533181
8940,10,0,0,0.00017407254309284923
8941,9,0,0,0.00010929442703226078
8942,9,0,0,0.003384831867786561
8943,1,0,0,0.06461133228663693
8944,9,0,0,0.0012352946229799075
8945,7,0,1,0.753097902803894
8946,1,0,0,0.00021801941485008006
8947,4,0,0,9.371305330409768e-05
8948,4,0,1,0.7415970135392602
8949,2,0,0,0.012879736463630904
8950,9,0,0,0.0008256738198153945
8951,10,0,0,0.0012138001166733634
8952,6,0,0,0.020349496838713843
8953,7,0,0,0.005770535677959645
8954,9,0,0,0.0004167463947715849
8955,6,0,0,0.004297614842873659
8956,10,0,0,0.0038223352038372184
8957,10,0,0,0.0023150409631056694
8958,3,0,0,0.008240816067749374
8959,3,0,0,0.00040068830808445775
8960,8,0,0,0.013124955451819654
8961,9,0,0,0.014399889495795825
8962,2,0,0,0.00044975768824149955
8963,8,0,0,0.012230705711153856
8964,4,0,0,0.0002653892290488468
8965,2,0,1,0.9481372813020101
8966,3,0,0,0.0013807879185127132
8967,6,0,0,0.0035509192979928618
8968,5,0,0,0.18981417065910758
8969,8,0,0,0.0005165551505219292
8970,9,0,0,0.001199490669283192
8971,8,0,1,0.6874199902337488
8972,1,0,0,0.0006295303964688176
8973,10,0,0,0.002276386117199605
8974,1,0,1,0.9151870325398603
8975,4,0,0,0.004811778074994931
8976,3,0,0,0.00011261484732188746
8977,10,0,0,0.0018343440984975676
8978,7,0,0,0.021091811522947125
8979,4,0,0,0.0002019100824505378
8980,1,0,0,0.0014196500915430823
8981,4,0,0,0.001149026318031104
8982,6,0,0,0.0012390058166418755
8983,8,0,0,0.0005488262672512376
8984,8,0,0,0.002806600332454318
8985,6,0,0,0.0010400719883028526
8986,3,0,0,0.0007782213311370233
8987,8,0,0,0.005555340965413725
8988,6,0,0,0.005158251824350583
8989,4,0,0,0.01969129178596805
8990,4,0,0,0.000633878139112973
8991,9,0,0,0.0011151439105785649
8992,2,0,0,0.00019615359167133654
8993,8,0,0,0.0008693953507634025
8994,2,0,0,0.06046596494394045
8995,7,0,0,0.009215009363571221
8996,5,0,0,0.0003711916105644606
8997,7,0,0,0.005674239753805656
8998,5,0,0,0.0012547715597690777
8999,4,0,0,0.000891873624836249
9000,3,0,0,0.3807885390890367
9001,2,0,0,0.015514671802560016
9002,8,0,0,0.0015625516384073777
9003,9,0,0,0.0004639760918443761
9004,6,0,0,0.00034902351971485634
9005,10,0,0,0.0015874126677683515
9006,10,0,0,0.06680901659710142
9007,5,0,0,0.001804507878786867
9008,5,0,0,0.002490366089560263
9009,10,0,1,0.9997856995902525
9010,7,0,1,0.9983428743846351
9011,9,0,0,0.002388753578339154
9012,2,0,0,0.005984105616979536
9013,3,0,0,0.00015718620681145633
9014,8,0,0,0.00040450810471023596
9015,8,0,0,0.2530415881937272
9016,6,0,0,0.37737815826820004
9017,8,0,1,0.9695999972257385
9018,10,0,0,0.00251018415045156
9019,6,0,0,0.015717466104000048
9020,9,0,0,0.0005014527093839709
9021,3,0,0,0.02042070303117919
9022,9,0,0,0.002624484505203445
9023,8,0,0,0.0014374645211270754
9024,3,0,0,0.007699274877522014
9025,4,0,0,0.00016692406948600196
9026,9,0,0,0.0010695145314701664
9027,9,0,0,0.0004628158361332189
9028,3,0,0,0.00015487526695895728
9029,10,0,0,0.0005023301975808662
9030,5,0,1,0.9984889182609109
9031,5,0,0,0.0067769598708240205
9032,3,0,1,0.8249665525788371
9033,1,0,0,0.010885547636946413
9034,10,0,0,0.1532722567478804
9035,9,0,1,0.9853564569385598
9036,5,0,0,0.003096713337509103
9037,3,0,0,0.001985023511888356
9038,10,0,0,0.009976356516758206
9039,5,0,0,0.0002837204199830037
9040,2,0,1,0.9905272428328009
9041,9,0,0,0.006408913356378101
9042,5,0,0,0.0010771152665937582
9043,7,0,0,0.0060534804552727
9044,4,0,0,0.0009256578534917873
9045,5,0,0,0.0010416001851535383
9046,2,0,0,0.22019246988976096
9047,5,0,1,0.9964585399313324
9048,4,0,0,0.012536630748427601
9049,7,0,0,0.0012108612754940476
9050,3,0,0,0.00045891301427120464
9051,9,0,0,0.007339589542717526
9052,9,0,0,0.0007672553387311293
9053,9,0,0,0.00033837986468119316
9054,3,0,0,0.004874620956641068
9055,9,0,0,0.1470714242545833
9056,10,0,0,9.259381585334422e-05
9057,4,0,0,0.0005466615435499973
9058,2,0,0,0.0014336917549524512
9059,2,0,0,0.0002458231737181058
9060,1,0,0,0.002038610329914739
9061,7,0,0,0.00016691981710004514
9062,1,0,0,0.0032069488110217973
9063,3,0,0,0.0009014544650708439
9064,2,0,0,0.0016135050228350469
9065,6,0,0,0.0004170446455616563
9066,10,0,0,0.00036212333494339377
9067,6,0,0,0.42378902941676916
9068,5,0,0,8.922887799381771e-05
9069,1,0,0,0.0976663558075333
9070,3,0,0,0.00016368631843695534
9071,9,0,0,0.0020814320846835174
9072,10,0,0,0.007075240871693928
9073,10,0,0,0.21478203476312938
9074,2,0,0,0.00042076642267664465
9075,7,0,0,0.0058110390135995785
9076,8,0,0,0.00217195470511932
9077,10,0,0,9.057264704684861e-05
9078,5,0,0,0.00998603962289889
9079,9,0,0,0.002411081046074494
9080,6,0,0,0.0014651435248810188
9081,8,0,0,0.005153769277085916
9082,8,0,0,0.016038070464351326
9083,8,0,0,0.004294012436522915
9084,3,0,0,0.28384984880178177
9085,1,0,0,0.00045732012191684933
9086,9,0,0,0.0017879919467649508
9087,9,0,0,0.030998279537802233
9088,9,0,1,0.9058581901354037
9089,4,0,1,0.9934318164464249
9090,7,0,0,0.0005368777576515671
9091,6,0,0,0.0044238290185499825
9092,2,0,0,0.0007245785711920595
9093,1,0,0,0.37955775376286244
9094,4,0,0,0.000737027782029294
9095,7,0,0,0.0014733501159280874
9096,9,0,1,0.9656731498260616
9097,4,0,0,0.0018040710066802167
9098,2,0,0,0.0004919456619873631
9099,10,0,0,0.0037741989340171786
9100,9,0,0,0.08054269256131254
9101,2,0,0,0.01589366313467129
9102,9,0,0,0.005381343966665297
9103,9,0,1,0.6002317950193802
9104,2,0,0,0.017584118053676618
9105,10,0,0,0.3842499729993482
9106,1,0,1,0.9055378614064209
9107,5,0,0,0.042255220779553494
9108,9,0,0,0.0042700779801396836
9109,6,0,0,0.0004756805084373943
9110,10,0,0,0.0011558374727679472
9111,8,0,0,0.00035053880143156267
9112,2,0,0,0.0007061511131107161
9113,8,0,0,0.0005389147120098238
9114,5,0,0,0.0015754855300669118
9115,8,0,1,0.7451710791797006
9116,5,0,0,0.045470194248865545
9117,1,0,0,0.0014503474520981248
9118,7,0,0,0.0006978336041528864
9119,4,0,0,0.006479220752474293
9120,7,0,0,0.010027087510589328
9121,2,0,0,0.0033554254689603523
9122,2,0,0,0.024423205094794183
9123,8,0,0,0.0004590907856831203
9124,3,0,0,0.0012266241256803099
9125,3,0,0,0.0021213027444054967
9126,10,0,0,0.0006721369519321867
9127,9,0,0,0.008058961597607536
9128,8,0,0,0.0007329859609422671
9129,4,0,0,0.0002961441303637275
9130,8,0,0,0.0010548505159813687
9131,10,0,0,0.07733288678162623
9132,1,0,0,0.002018810078979418
9133,5,0,0,0.0012232337209667596
9134,2,0,0,0.0002400755955686005
9135,4,0,0,0.00045645978178392014
9136,7,0,0,0.00027872714437207743
9137,10,0,1,0.9023269886588106
9138,8,0,0,0.0013864358327006791
9139,2,0,0,0.043564993675156496
9140,4,0,0,0.0007190700055962235
9141,8,0,0,0.08232384846868562
9142,1,0,0,0.0009820266053090685
9143,8,0,0,0.00029580362595724434
9144,9,0,0,0.00048717612563732224
9145,10,0,0,0.04043856029975626
9146,8,0,0,0.005191995767427666
9147,8,0,0,0.02026459483218773
9148,2,0,0,0.10051413853510438
9149,2,0,0,0.008831087884382036
9150,8,0,0,0.0005660602969194527
9151,8,0,0,0.02214739061410751
9152,8,0,0,0.10980537986370799
9153,3,0,0,0.0015965639603975502
9154,2,0,0,0.0007634876441356335
9155,3,0,0,0.0009689090458802401
9156,7,0,0,0.012645937971037125
9157,8,0,1,0.9470258668476228
9158,3,0,0,0.006262107246636665
9159,4,0,0,0.0040044897524605366
9160,7,0,0,0.00013534337772330737
9161,7,0,0,0.004738287757923609
9162,3,0,0,0.0005386070103818119
9163,7,0,0,0.0017624208318661795
9164,6,0,1,0.545305164119698
9165,1,0,0,0.016093543476205178
9166,10,0,1,0.9236074260029334
9167,1,0,0,0.017040350466132774
9168,3,0,0,0.0035698061591564437
9169,2,0,0,0.0001896766910718528
9170,10,0,0,0.0019459853331393365
9171,3,0,0,0.004204362237597815
9172,5,0,0,0.00031407152659658087
9173,8,0,0,0.0006489502798402557
9174,1,0,0,0.0004062873864482155
9175,2,0,0,9.263171996475628e-05
9176,5,0,0,0.0009009577343566644
9177,1,0,0,0.17593175777778744
9178,6,0,0,0.0005374637049109436
9179,7,0,0,0.0002883392871207469
9180,5,0,0,0.016141168021254836
9181,6,0,0,0.0002063709084647337
9182,4,0,0,0.029499372546368974
9183,7,0,0,0.0033741662479877
9184,3,0,0,0.0015827532958827993
9185,9,0,0,0.00022449106376062268
9186,7,0,0,0.0006688196531241181
9187,4,0,0,0.0009232957579291681
9188,1,0,0,0.003917535134200849
9189,4,0,0,0.022642513695486213
9190,5,0,0,0.019762334456461507
9191,8,0,0,0.004504334745896821
9192,3,0,0,0.08880558679373167
9193,5,0,0,0.03910317912971585
9194,9,0,0,0.03835359686850657
9195,9,0,0,0.002515887889027658
9196,10,0,0,0.00023122649163452897
9197,3,0,0,0.00032802728998818017
9198,7,0,1,0.9069937403000659
9199,3,0,0,0.0016747174616371487
9200,10,0,0,0.04748038725725358
9201,5,0,0,0.00045608475376155203
9202,9,0,0,0.000417280994569513
9203,7,0,0,0.00042264361856811426
9204,4,0,0,0.0010891954320404388
9205,3,0,0,0.03735960254475562
9206,5,0,0,0.0007541238254024301
9207,7,0,0,0.0005543616321895805
9208,8,0,0,0.00019186811365450634
9209,3,0,0,0.0008093027728337861
9210,6,0,0,0.02574568968152841
9211,3,0,0,0.00019068325121890544
9212,2,0,0,0.15659351432357538
9213,3,0,0,0.0007092554668087344
9214,9,0,1,0.998375813014006
9215,1,0,0,0.0002549480113034171
9216,10,0,0,0.019254026688069963
9217,8,0,0,0.0003701439018040622
9218,8,0,0,0.00205842522052167
9219,6,0,0,0.0017750614216809205
9220,8,0,0,0.0004907897682234995
9221,10,0,0,0.0006945911019342238
9222,8,0,0,0.0008468586301067036
9223,10,0,0,0.008139817204869986
9224,9,0,0,0.011557404681762161
9225,8,0,0,0.002561563817569045
9226,7,0,0,0.0021446453488356354
9227,1,0,0,0.008582567739742702
9228,6,0,0,0.0008935890151290829
9229,3,0,0,0.033486682690276326
9230,2,0,0,0.0013059338455572334
9231,7,0,0,0.003980154224616111
9232,9,0,0,0.0009529925288822849
9233,5,0,0,0.0021880702377860823
9234,5,0,0,0.0010298144714408523
9235,9,0,0,0.0020605620305831247
9236,6,0,1,0.9994834825209657
9237,4,0,0,0.001968709111230758
9238,3,0,0,0.0003004732496029172
9239,10,0,0,0.002571379270225721
9240,9,0,0,0.001997217418725592
9241,9,0,0,0.0026935029255818086
9242,3,0,0,0.0001924529859252174
9243,3,0,0,0.000327350160058709
9244,5,0,0,0.0003520934996175892
9245,10,0,0,0.0022463538303715102
9246,4,0,0,0.0073492801662125955
9247,8,0,0,0.04180691648681452
9248,8,0,0,0.06473345116922889
9249,3,0,0,0.0015614503009324847
9250,10,0,0,0.0007481807473757195
9251,10,0,0,0.0015788317964204146
9252,6,0,0,0.018954640477682895
9253,6,0,0,0.0024377539477335106
9254,10,0,1,0.9967727955594271
9255,7,0,0,0.013174120317232845
9256,2,0,0,0.0008793701811939223
9257,2,0,0,0.0055928656335784265
9258,5,0,0,0.051783061122196355
9259,5,0,0,0.000230887765963599
9260,5,0,0,0.0024723593744891545
9261,1,0,0,0.0029912609158815667
9262,5,0,0,0.0043842566814542945
9263,8,0,0,0.001310817820666891
9264,10,0,0,0.0001580666304586669
9265,10,0,0,0.0011814537943477055
9266,6,0,0,0.017787718429703534
9267,3,0,0,0.006055793585564526
9268,7,0,0,0.0007208437271263856
9269,6,0,0,0.00013142751760132363
9270,3,0,0,0.005846672462635118
9271,6,0,0,0.001992914935737511
9272,9,0,0,0.0026943468283814683
9273,3,0,0,0.0006442048205898293
9274,10,0,0,0.0009450537611374102
9275,1,0,0,0.0015352444769243703
9276,8,0,0,0.3605080030620953
9277,7,0,0,0.03692320518649993
9278,5,0,0,0.3254338566738514
9279,9,0,0,0.006630514960419305
9280,6,0,0,0.0005739141258079426
9281,6,0,0,0.00018075234167203743
9282,7,0,0,0.017454326728156184
9283,6,0,0,0.0038436062576714908
9284,4,0,0,0.0015440427156474532
9285,7,0,0,0.0032374601794190553
9286,1,0,0,0.0014375401414081165
9287,4,0,0,0.00777330426993126
9288,3,0,0,0.04041044412828419
9289,6,0,0,0.001505235962553368
9290,9,0,1,0.613987252008424
9291,4,0,0,0.05482342069259166
9292,2,0,0,0.0016654402440495738
9293,1,0,1,0.9743636077330753
9294,1,0,0,0.000731150217496205
9295,2,0,0,0.0013109209153843815
9296,9,0,1,0.6575915889651884
9297,6,0,0,0.02060344336506106
9298,4,0,0,0.0007923307060745069
9299,1,0,1,0.8633215790273812
9300,4,0,0,0.00048270623085762627
9301,7,0,0,0.0015720933067077862
9302,4,0,0,0.001765292917967538
9303,5,0,1,0.9499457998185792
9304,6,0,0,0.11768348512373208
9305,1,0,0,0.0003973684090303498
9306,1,0,0,0.044118931278625415
9307,1,0,0,0.01716231595909915
9308,4,0,0,0.009512492920328748
9309,6,0,0,0.0002455156979710254
9310,7,0,0,0.0035022222843756577
9311,5,0,0,0.005758380054886454
9312,2,0,0,0.012758578777811332
9313,6,0,0,0.0020690181309359094
9314,2,0,0,0.0018319105380643762
9315,2,0,0,0.0005715724567339312
9316,7,0,0,0.0017800822368300617
9317,4,0,0,0.0013869775523320568
9318,1,0,0,0.0070678014814809
9319,6,0,0,0.003964538038385398
9320,4,0,0,0.00036609901957744523
9321,3,0,0,0.003020433972013455
9322,6,0,0,0.007061723452787916
9323,8,0,0,0.00038112843747978927
9324,8,0,0,0.09456373198004264
9325,10,0,0,0.0016865618021210268
9326,8,0,0,0.0006841519188026731
9327,6,0,0,0.006100603490019479
9328,3,0,0,0.002348900884405965
9329,8,0,0,0.00045924523683775606
9330,3,0,0,0.0005358184551738822
9331,6,0,0,0.00016343700188548634
9332,8,0,0,0.004383108147244995
9333,1,0,0,0.0011879914765138026
9334,4,0,0,0.00017753734559549262
9335,4,0,0,0.00044056985007267987
9336,6,0,0,0.005275808246939731
9337,3,0,0,0.12549638643504457
9338,3,0,0,0.006266288536589377
9339,1,0,0,0.003000140109546243
9340,5,0,0,0.0002639325603717366
9341,8,0,0,0.004995000844332567
9342,7,0,0,0.00024735431981920874
9343,9,0,0,0.007489551976175448
9344,8,0,0,0.002781367290076131
9345,5,0,0,0.0003418569265190202
9346,10,0,0,0.0380492468469286
9347,9,0,0,0.000883291951112855
9348,6,0,0,0.029648612952161788
9349,8,0,0,0.19729684979631384
9350,10,0,0,0.00014453081615432284
9351,8,0,0,0.00033430548349125676
9352,10,0,0,0.0015384892917879452
9353,4,0,0,0.00021819708430776105
9354,8,0,0,0.0015879647535778942
9355,6,0,0,0.0010872323321786056
9356,7,0,0,0.018119283194023027
9357,5,0,0,0.0029530250908681196
9358,9,0,0,0.0002848378168669308
9359,8,0,0,0.00020966079072983038
9360,2,0,0,0.0010196314756396837
9361,5,0,0,0.018372167947464692
9362,9,0,0,0.0060428516008827395
9363,6,0,0,5.942374999356815e-05
9364,8,0,0,0.0008604250380145678
9365,5,0,0,0.0003019241817462923
9366,2,0,0,0.0008364852436743646
9367,10,0,0,0.0017250826287163571
9368,5,0,0,0.0013388616940794961
9369,1,0,0,0.006896190013447904
9370,6,0,0,0.0003926066793255616
9371,2,0,0,0.0004999972547040252
9372,10,0,0,0.030017463124138024
9373,4,0,0,0.0009532149367307713
9374,2,0,0,0.0005435788715245492
9375,7,0,1,0.99431082982115
9376,6,0,0,0.0001399528950613691
9377,10,0,0,0.002670884843172866
9378,2,0,0,0.0002586411397304893
9379,8,0,0,0.012058290488735742
9380,1,0,0,0.0006097047948455193
9381,3,0,0,0.0011640147013128146
9382,10,0,0,0.0009481657400829105
9383,10,0,0,0.0038996650893150216
9384,10,0,0,0.0007913364844135684
9385,6,0,0,0.1663444793876715
9386,9,0,1,0.7072705452946082
9387,3,0,0,0.2209426663124624
9388,9,0,0,0.0007789090307280474
9389,6,0,0,0.0032285847617194914
9390,9,0,0,0.000715294911481257
9391,5,0,0,0.035887040890131464
9392,4,0,0,0.001983037047500952
9393,9,0,1,0.9905103136842415
9394,9,0,0,0.0037028369726362807
9395,10,0,0,0.0017686162360422268
9396,6,0,0,0.000387661578344538
9397,5,0,0,0.00036713648241597295
9398,8,0,0,0.0014962678479496516
9399,8,0,0,0.0011596398927360683
9400,10,0,0,0.003510539699681088
9401,5,0,0,0.0014020161937710256
9402,5,0,0,0.001769430917116386
9403,2,0,0,0.00035192279977022456
9404,1,0,0,0.0035018071972205233
9405,5,0,0,0.0013245308803733857
9406,5,0,0,0.00041053618709643874
9407,2,0,0,0.0003719965025499
9408,6,0,0,0.00389634506386023
9409,2,0,1,0.9962305860496075
9410,2,0,0,0.02073882357510577
9411,8,0,0,0.0013352140367048682
9412,1,0,0,0.007629645434065211
9413,9,0,0,0.001904804245499575
9414,8,0,0,0.006949006441787284
9415,4,0,0,0.00021586182657455517
9416,10,0,0,0.033156254971540615
9417,9,0,0,0.002185835360364895
9418,8,0,0,0.0004962604359898926
9419,8,0,0,0.009601254125051405
9420,4,0,0,0.007136343823379318
9421,7,0,0,0.3708053223249622
9422,6,0,0,0.001542099384408868
9423,8,0,0,0.006753347944577071
9424,2,0,0,0.07611885164314558
9425,6,0,1,0.9432150735808903
9426,2,0,0,0.002112407051525077
9427,5,0,0,0.0018195296405011693
9428,2,0,0,0.003757262716741488
9429,10,0,0,0.0009914587853250018
9430,5,0,0,0.004069595284527098
9431,1,0,0,0.00030817443920086294
9432,6,0,0,0.0029727035559469705
9433,8,0,0,0.2873027180911155
9434,2,0,0,0.010156157467411088
9435,10,0,0,0.0601244795281665
9436,2,0,0,0.0002533795204797125
9437,10,0,0,0.0006129456992923605
9438,6,0,0,0.02639601649498195
9439,1,0,0,0.0029524627760248437
9440,8,0,0,0.0004911217492424107
9441,2,0,0,0.0010817268882194514
9442,9,0,0,0.15254141379275452
9443,5,0,0,0.033284672220834643
9444,6,0,0,0.0034231964063768288
9445,7,0,1,0.728172098560173
9446,6,0,0,0.0025990217808830526
9447,10,0,0,0.0012084016102046175
9448,1,0,0,0.014205604019664916
9449,5,0,0,0.1511229137014574
9450,2,0,0,0.002629219563521805
9451,10,0,0,0.00024061898547481252
9452,5,0,0,0.006163689494598862
9453,8,0,0,0.03990617495782118
9454,6,0,0,0.0012670532593791154
9455,3,0,0,0.0016055485005047783
9456,1,0,0,0.01412217513020516
9457,4,0,0,0.037907748705280096
9458,7,0,0,0.006122693537613114
9459,8,0,0,0.030914776810620073
9460,1,0,0,0.00265438486992895
9461,8,0,0,0.036961873411982676
9462,4,0,0,0.0027137735459804692
9463,4,0,0,0.0014773233684958209
9464,9,0,0,0.0019800269201648564
9465,10,0,0,0.3578172239096306
9466,2,0,0,0.0023426224533362166
9467,3,0,0,0.002154729180344934
9468,2,0,0,0.000635346036425972
9469,4,0,0,0.0013356187503581853
9470,10,0,0,0.0015549731988476337
9471,4,0,0,0.00856758861793925
9472,3,0,0,0.004288323341584427
9473,1,0,0,0.09575745531337075
9474,7,0,0,0.17613356358796825
9475,6,0,0,0.00291022927842006
9476,8,0,0,0.002720217253571836
9477,10,0,0,0.00011631893321945197
9478,2,0,0,0.49100769944110473
9479,10,0,0,0.003119022169987636
9480,1,0,0,0.011205140629012456
9481,3,0,0,0.0011473969470609715
9482,1,0,1,0.9694706527383132
9483,3,0,0,0.00045725593107530415
9484,9,0,0,0.001496861759134185
9485,8,0,0,0.0002207077297264863
9486,3,0,0,0.3934049784906235
9487,6,0,0,0.011468543292236072
9488,7,0,1,0.596387517736795
9489,8,0,0,0.02111454931569893
9490,8,0,0,0.12945922281820663
9491,10,0,0,4.476203961489563e-05
9492,7,0,0,0.0012074403575644095
9493,8,0,1,0.9942761620638161
9494,7,0,0,0.0034959328532016987
9495,5,0,0,0.004293041584925451
9496,9,0,0,0.0007672896080571102
9497,4,0,0,0.00031696049307615133
9498,2,0,0,0.01155763550392626
9499,9,0,0,0.000773453329895933
9500,3,0,0,0.0011336761442730867
9501,10,0,0,0.002299564179899787
9502,6,0,0,0.021707433893036907
9503,2,0,0,0.14960567787312978
9504,4,0,0,0.00044999611910218344
9505,10,0,0,0.0013811405327108556
9506,6,0,1,0.9749591064742706
9507,5,0,0,0.07043510325600796
9508,3,0,0,0.005657672216012142
9509,8,0,0,0.0020275959942116497
9510,9,0,0,0.0014159351019313808
9511,3,0,1,0.6503479542559996
9512,8,0,0,0.17724594380360337
9513,2,0,0,0.029228104053568266
9514,7,0,0,7.270054979268134e-05
9515,6,0,0,0.00037559092006760926
9516,3,0,0,0.36200518378238067
9517,4,0,0,0.00017677416676879255
9518,5,0,0,0.00020005410960217382
9519,2,0,0,0.005057372134248941
9520,8,0,0,0.005190728779787837
9521,7,0,0,0.005591079737141918
9522,9,0,0,0.0015691925180233582
9523,9,0,0,0.0006437420017399326
9524,10,0,0,0.0007843103281642926
9525,1,0,0,0.00043670865960508687
9526,2,0,0,0.003552045623349283
9527,4,0,0,0.00011882470166779746
9528,4,0,0,0.0015652559177582526
9529,9,0,0,9.258501617342943e-05
9530,2,0,0,0.2180675593343076
9531,10,0,1,0.6103568920004523
9532,2,0,0,0.00025063857638945995
9533,2,0,0,0.004898896819137017
9534,3,0,0,0.0007956889237994393
9535,1,0,0,0.01966101067930029
9536,3,0,0,0.0009614273756258919
9537,9,0,0,0.0029504721613489884
9538,1,0,0,0.0006589724730296173
9539,8,0,0,0.0003190513699899248
9540,6,0,0,0.00012675628678164507
9541,5,0,0,0.0009302260036795227
9542,6,0,1,0.9297263788839949
9543,6,0,0,0.004693936440734713
9544,8,0,0,0.05772943723927686
9545,10,0,0,0.0062293375775466266
9546,5,0,0,0.011491078231096115
9547,7,0,0,0.010769625021291532
9548,10,0,0,0.0006821570983002333
9549,5,0,0,0.0017412399972214934
9550,1,0,0,0.0016139875449270047
9551,9,0,0,0.0006152006803439155
9552,4,0,0,0.0006389007057413273
9553,8,0,0,0.007681157385560892
9554,5,0,0,0.0001504684999228167
9555,3,0,0,0.003012982583780934
9556,9,0,0,0.0024205078089207794
9557,10,0,0,0.01517202485224815
9558,6,0,0,0.0351024746774625
9559,6,0,0,0.0005225754627635229
9560,1,0,0,0.0008609346434428469
9561,10,0,0,0.0004012980589996744
9562,7,0,0,0.3491464079320535
9563,2,0,1,0.9560687575891917
9564,2,0,0,0.3697955488228106
9565,7,0,0,0.0033909783284403056
9566,6,0,0,0.0020451567653363306
9567,8,0,1,0.7209882668357359
9568,2,0,0,0.0002074789079817089
9569,6,0,0,0.0006780609635266918
9570,1,0,0,0.013785957673366774
9571,6,0,0,0.0023248715796106286
9572,2,0,0,0.01549388736714221
9573,1,0,0,0.0003037605990439898
9574,10,0,0,0.00015115367873406551
9575,8,0,0,0.00016736776141273448
9576,2,0,0,0.0033121615404176877
9577,8,0,0,0.0008474171725390466
9578,4,0,0,0.013041603101663642
9579,8,0,0,0.037183287056788764
9580,6,0,0,0.032799910905083045
9581,3,0,0,0.004651458638078026
9582,3,0,0,0.06994156560985208
9583,10,0,1,0.950351291903889
9584,7,0,0,0.44374732010632995
9585,1,0,0,0.00018337812504653434
9586,5,0,0,0.0036883651395520807
9587,8,0,0,0.002887431344407122
9588,9,0,0,0.0013297914873774842
9589,9,0,0,0.0022922753348752455
9590,7,0,0,0.013109173338743315
9591,2,0,0,0.005349877322422902
9592,2,0,0,0.0005858792073765807
9593,4,0,0,0.0006521111100193
9594,5,0,0,0.004242472282196818
9595,10,0,0,0.038598621519720946
9596,8,0,0,0.031214786020567965
9597,7,0,0,0.00022505517699426545
9598,10,0,0,0.008868994980686162
9599,7,0,0,0.00019841351285257582
9600,6,0,0,0.005712101089338489
9601,2,0,0,0.004024636043279971
9602,5,0,0,0.0007517965029095415
9603,3,0,0,0.003273867482086473
9604,9,0,0,7.935130783294237e-05
9605,7,0,0,0.0020722379097978323
9606,8,0,0,0.0021709264982607748
9607,5,0,0,8.751865885663993e-05
9608,2,0,0,0.0005655415268837046
9609,7,0,0,0.0014221625961968298
9610,8,0,0,0.005216284637367705
9611,8,0,0,0.00285968057695863
9612,1,0,0,0.07272602117276457
9613,2,0,0,0.0005333057342164638
9614,3,0,0,0.0017187898219976447
9615,3,0,0,0.0012149164577904047
9616,10,0,0,0.00013769945445534594
9617,2,0,0,0.0025835516113799596
9618,5,0,0,0.00013486541958201777
9619,3,0,0,0.0004937485894706153
9620,8,0,0,0.0009870590058770599
9621,4,0,0,0.0002213315249470766
9622,4,0,0,0.0016474170791454267
9623,10,0,0,0.005701220097357897
9624,7,0,0,0.0016122536384780293
9625,3,0,0,0.00122862232964003
9626,5,0,0,0.007566145444548346
9627,7,0,0,0.00034281425588207425
9628,9,0,0,0.0033364990340017994
9629,7,0,0,0.0019662083192414966
9630,4,0,0,0.0029110832810800703
9631,3,0,0,6.880776063645606e-05
9632,1,0,0,0.00019054883708610412
9633,2,0,0,0.001763189412256231
9634,7,0,0,0.00030581385111129455
9635,9,0,0,0.007167652749330576
9636,1,0,0,0.0003516755085944584
9637,4,0,0,0.004875272485353193
9638,2,0,0,0.003577355169406026
9639,2,0,0,0.41678370435035095
9640,9,0,1,0.8579959245726387
9641,5,0,0,0.0015902912212778773
9642,4,0,1,0.8736695310997994
9643,4,0,0,0.039011940165032004
9644,10,0,0,0.003294808629439244
9645,4,0,0,0.0006647591308191465
9646,1,0,0,0.0006395366405811596
9647,9,0,0,0.011073485044065993
9648,2,0,0,0.0031251498856401634
9649,2,0,0,0.0020868003146464263
9650,5,0,0,0.0013600126734461815
9651,4,0,0,0.0008376979183325638
9652,1,0,0,0.0033272672533183976
9653,3,0,0,0.1554258197626604
9654,4,0,0,0.00023248692664179344
9655,3,0,0,0.1327198999880216
9656,4,0,0,0.016008061522248984
9657,9,0,0,0.0097738534581646
9658,5,0,0,0.00020920892307454536
9659,6,0,0,0.018257819563750156
9660,5,0,0,0.07883494265346935
9661,10,0,0,0.0013158035710939633
9662,7,0,0,0.003155800432257254
9663,4,0,0,0.0013367167688677053
9664,3,0,1,0.9964466106899249
9665,6,0,0,0.0005152906847218244
9666,2,0,0,0.004231796678022037
9667,5,0,1,0.9997538177401092
9668,5,0,0,9.934053829841468e-05
9669,4,0,0,0.0012125341482081436
9670,4,0,0,0.0007175826558642767
9671,3,0,0,0.008455274476292978
9672,4,0,0,0.00029303674403722576
9673,8,0,0,0.0021997018900367974
9674,8,0,0,0.10419963328674492
9675,2,0,0,0.005503464269720159
9676,3,0,0,0.00032955447263559025
9677,10,0,0,0.0003594200403781208
9678,10,0,0,0.0008375168677487064
9679,5,0,0,0.001070977969183345
9680,2,0,0,0.24948293461758772
9681,6,0,0,0.0018564624695156125
9682,9,0,0,7.489717569175792e-05
9683,8,0,0,0.0029298370916220344
9684,8,0,0,0.0017970563791800643
9685,10,0,0,0.0032198485612374038
9686,7,0,0,0.0004109730785346272
9687,4,0,0,0.003965765499045174
9688,7,0,0,0.018791407597908018
9689,4,0,0,0.011451240981266562
9690,9,0,0,0.0020587705333599536
9691,1,0,0,0.1491171535180818
9692,8,0,0,0.0013020077494724869
9693,10,0,0,0.0018481302274771384
9694,4,0,0,0.006239858172078106
9695,7,0,0,0.0002235623470710393
9696,2,0,0,0.00019947992596375442
9697,9,0,0,0.011411861615155228
9698,8,0,1,0.7187484464302324
9699,4,0,1,0.983640899650341
9700,5,0,0,0.0009959221217709995
9701,4,0,0,0.0717655090932529
9702,5,0,0,0.3828376602259818
9703,2,0,0,0.02327059890849472
9704,4,0,0,0.0010395411787237766
9705,7,0,0,0.00011817309741394474
9706,1,0,0,0.005109685789659346
9707,2,0,0,0.006454287051807995
9708,2,0,0,0.00326338859566514
9709,8,0,0,0.0015807335896206786
9710,7,0,0,0.0028956267072360936
9711,9,0,0,0.00020682709146815887
9712,3,0,0,0.0008186786638266013
9713,4,0,0,0.0009372418463467085
9714,10,0,0,0.0007699280772836079
9715,10,0,0,0.0022396319994349083
9716,7,0,0,0.0011161552435279064
9717,8,0,0,0.00944305879483428
9718,9,0,0,0.00019209692951039424
9719,10,0,0,0.0003827046361058943
9720,2,0,0,0.005423773333055241
9721,10,0,0,6.500082108505611e-05
9722,7,0,0,0.0015608344461496492
9723,9,0,0,0.0222224389623807
9724,7,0,0,0.003031128422906709
9725,2,0,1,0.9024069773738101
9726,2,0,0,0.023827426355905623
9727,3,0,0,0.003244610928699656
9728,2,0,0,0.0007735040354443867
9729,2,0,0,0.006854013850271901
9730,2,0,0,0.0065727915505585256
9731,5,0,0,0.0018712033039471783
9732,2,0,0,0.15479769266997398
9733,1,0,0,0.003193816875939008
9734,3,0,0,0.010352239151822111
9735,9,0,0,0.00041593919836905674
9736,6,0,0,0.0131811026821331
9737,3,0,0,0.00384634974273545
9738,1,0,0,0.18353897856313633
9739,6,0,0,0.002605743434939383
9740,10,0,0,0.004210261724995315
9741,8,0,0,0.0005846304623449562
9742,7,0,0,0.0015094873176924475
9743,4,0,0,0.01328614793896655
9744,3,0,0,0.11098066327847476
9745,10,0,0,0.009978307382703083
9746,9,0,0,0.03132712457180734
9747,2,0,0,0.0009820624540798606
9748,6,0,0,0.0004259127217922481
9749,2,0,1,0.9975214190877297
9750,1,0,0,0.0029367953823673893
9751,6,0,0,0.00026729849751725413
9752,3,0,0,0.00949771592439498
9753,9,0,0,0.01811487137120359
9754,4,0,0,0.0004987571577536795
9755,8,0,0,0.0013479854245691213
9756,2,0,0,0.0006459902852407631
9757,1,0,0,0.0082699813565549
9758,6,0,0,0.014637021123660242
9759,6,0,0,0.0008591792512944541
9760,1,0,0,0.017077249762819494
9761,7,0,0,0.0023988733082324354
9762,8,0,0,0.001205411604985241
9763,7,0,1,0.5868119794039782
9764,3,0,0,0.00020767080150122918
9765,10,0,0,0.33231982933748505
9766,5,0,0,0.008531108655859267
9767,9,0,0,0.0010908011645946786
9768,6,0,0,0.0007552857684102066
9769,2,0,0,0.00020126796305178283
9770,4,0,0,0.0028970486012850614
9771,8,0,0,0.0007033569216514782
9772,1,0,0,0.0006173960317547291
9773,9,0,0,0.008342988938475508
9774,3,0,0,0.028163288105482003
9775,5,0,1,0.9985936666114443
9776,10,0,0,0.00019356946457538878
9777,5,0,0,0.0008346125802976354
9778,4,0,0,0.0015592056495195429
9779,7,0,0,0.00017154861217503011
9780,2,0,0,0.005443390185486344
9781,7,0,0,0.002808285481524018
9782,2,0,1,0.7537820239564247
9783,4,0,0,0.00144902557714978
9784,5,0,0,0.019266498983266055
9785,5,0,0,0.006144418540535634
9786,6,0,0,0.0005081829147929813
9787,7,0,0,8.448205708547126e-05
9788,8,0,0,0.0023434538210396704
9789,8,0,0,0.0031028703473977718
9790,3,0,0,0.001854770884573615
9791,9,0,0,0.0038890087392731577
9792,9,0,0,3.91416273620308e-05
9793,4,0,0,8.84478055440664e-05
9794,5,0,0,0.00015891601878175138
9795,5,0,0,0.00014317482249556982
9796,7,0,0,0.0005112872289027105
9797,4,0,0,0.00020393599593281726
9798,10,0,0,0.018582889677162633
9799,6,0,0,0.00021091429128410538
9800,6,0,0,0.009837263549144392
9801,7,0,0,0.006397617390360066
9802,1,0,0,0.0009207626068829379
9803,6,0,0,0.0034527481834299677
9804,5,0,0,0.013352050980407475
9805,10,0,0,0.11602178641476601
9806,10,0,0,0.08464068776728927
9807,3,0,0,0.010728806073015067
9808,5,0,0,0.0009111557170937114
9809,5,0,0,0.017629090749082654
9810,4,0,0,0.0007193823811451096
9811,10,0,0,0.004933913022204257
9812,9,0,0,0.005362072867805573
9813,5,0,0,0.0013638025416132019
9814,4,0,0,0.0033049740083806317
9815,1,0,0,0.010661346720455921
9816,3,0,0,0.0010205183950631987
9817,7,0,0,0.0035430376119984664
9818,10,0,0,5.546715321637917e-05
9819,1,0,0,0.0006594709003903704
9820,8,0,0,5.8970141747987974e-05
9821,3,0,0,0.0007646117472752698
9822,4,0,0,0.0008187245428292532
9823,3,0,0,0.003416004109080985
9824,4,0,1,0.9994004088612863
9825,8,0,0,0.31313222752061076
9826,7,0,0,0.039604765610872575
9827,9,0,0,0.0001785426230633807
9828,4,0,0,0.27673486215228904
9829,2,0,0,0.003145490996488488
9830,2,0,0,0.0001159274573437188
9831,4,0,0,0.0008814197999275147
9832,2,0,0,0.0005933469551944681
9833,4,0,0,0.0017015779644121679
9834,6,0,0,0.010697274984402807
9835,3,0,0,0.00020982143090658337
9836,2,0,0,0.0986905177417095
9837,10,0,0,0.0016203620258398467
9838,1,0,0,0.0003070330237669873
9839,1,0,0,0.0011316794659413597
9840,3,0,0,0.0005696763275189854
9841,5,0,0,0.004044456359972129
9842,2,0,0,0.0018578169866956258
9843,10,0,0,0.003833332779036223
9844,5,0,0,0.0010771539848327444
9845,2,0,0,0.0021645917219853417
9846,6,0,0,0.001225939072217169
9847,6,0,0,0.0004318465646502816
9848,1,0,0,0.00010302208744545138
9849,7,0,0,0.009243856695912012
9850,7,0,0,0.0007606228165525912
9851,8,0,0,0.0003034797977658381
9852,5,0,0,0.0002565095506390409
9853,7,0,0,0.0003451552102079655
9854,2,0,0,0.0001807092055931674
9855,4,0,0,0.001286204913668179
9856,1,0,0,0.0015538888462897692
9857,6,0,0,0.16039254880658932
9858,5,0,0,0.00024694902726334295
9859,4,0,0,0.015961285807252056
9860,4,0,0,0.04230504169643472
9861,3,0,0,0.25004661613224394
9862,4,0,0,0.0010791416339230924
9863,1,0,0,0.0005859245394434514
9864,7,0,1,0.9787777683363978
9865,5,0,0,0.012924206733324851
9866,6,0,0,0.4430138674119569
9867,6,0,0,0.0002264091978661258
9868,7,0,0,0.0002890021442866649
9869,8,0,0,0.0008863042475858579
9870,8,0,0,0.0012736182920139293
9871,2,0,0,0.0005121564278791309
9872,1,0,0,0.002813379612972396
9873,8,0,0,0.005715177969169206
9874,9,0,0,0.0019162777729515885
9875,3,0,0,0.01752447380412255
9876,2,0,0,0.0033973905454448092
9877,3,0,0,0.000985465307242986
9878,9,0,0,0.011018519111915584
9879,5,0,0,0.024529086863353075
9880,4,0,0,0.0014779400838508888
9881,9,0,0,0.004717459127343851
9882,10,0,0,0.00027351969217242784
9883,10,0,0,0.014967636259512546
9884,4,0,0,0.008892754191310888
9885,3,0,0,0.000380445462227453
9886,8,0,0,0.00025808978094851053
9887,5,0,0,0.0016243966956519828
9888,8,0,0,0.0012003819117005852
9889,3,0,0,0.013872673993854294
9890,3,0,0,0.00036195484004599197
9891,2,0,0,0.20975758554037396
9892,3,0,0,0.0035263418173663444
9893,2,0,0,0.0007726032701796806
9894,10,0,0,0.010458928697945988
9895,3,0,0,0.006518402443870836
9896,9,0,0,0.0030805389234729763
9897,5,0,0,0.0001701603243560408
9898,8,0,1,0.9982263200054569
9899,2,0,0,0.06310904101610262
9900,5,0,0,0.0012029939011174969
9901,4,0,0,0.0009219257345778776
9902,6,0,0,0.0004869024775358119
9903,2,0,0,0.007899845353930228
9904,1,0,1,0.9989963848249026
9905,3,0,0,0.011431534089612741
9906,5,0,0,0.023968532011858106
9907,6,0,0,0.0032351742052271495
9908,3,0,0,0.0017570858528242342
9909,4,0,0,0.0011690648974519765
9910,9,0,0,0.3589935192494638
9911,8,0,0,0.005183544733143928
9912,7,0,0,0.001067176796483275
9913,3,0,0,0.0011266906393727575
9914,8,0,0,0.0002659866412256233
9915,6,0,0,0.00203609673420311
9916,10,0,0,0.00012355188362391778
9917,5,0,0,0.002921389187700523
9918,6,0,0,0.0037236456305048517
9919,4,0,0,0.49475897972700245
9920,8,0,0,0.0007063446693700944
9921,8,0,0,0.012379743339598032
9922,1,0,0,0.00023374610493688818
9923,5,0,0,0.0006499502266413242
9924,6,0,0,0.40069471383053057
9925,1,0,0,0.0004891632936340079
9926,1,0,0,0.005403561835040675
9927,6,0,0,0.16350695260398201
9928,10,0,0,0.0003410904641037975
9929,3,0,0,0.004700706451217131
9930,1,0,0,0.0007710059053899176
9931,2,0,0,0.025748295129987976
9932,9,0,0,0.0018536703997834435
9933,4,0,0,0.000586005139724799
9934,10,0,0,0.0008490935610313376
9935,5,0,0,0.00048671698862280867
9936,4,0,0,0.0007820673542234803
9937,1,0,0,0.05708943181391024
9938,7,0,0,0.0007432954199691544
9939,2,0,0,0.0005992871949394782
9940,10,0,0,0.0012343519219717306
9941,5,0,0,0.011073149165205019
9942,7,0,0,0.0016293924438505842
9943,5,0,0,0.007959460424182071
9944,4,0,0,0.01163489349687825
9945,10,0,1,0.9376395279533711
9946,5,0,0,0.2002143379090212
9947,10,0,0,0.0008678185739904654
9948,5,0,0,0.00021447765151819687
9949,3,0,0,0.0031706647369043354
9950,3,0,0,0.000138823311366451
9951,1,0,0,0.001680893751937491
9952,8,0,0,0.11103837213998427
9953,1,0,0,0.0037646708370982053
9954,10,0,0,0.0007704860468791886
9955,9,0,0,0.011273770981732444
9956,10,0,0,0.008755445177133163
9957,6,0,0,0.0004887604104264739
9958,6,0,0,0.07788169035208284
9959,2,0,0,0.00026726001135034423
9960,2,0,0,0.006671765520174365
9961,2,0,0,0.014390304206282064
9962,7,0,0,0.006970557267753713
9963,7,0,0,0.0015713277036479758
9964,10,0,0,0.00034745107998967925
9965,3,0,0,0.0008882257043872487
9966,7,0,0,0.004945219363643782
9967,2,0,1,0.5340947503544751
9968,8,0,0,0.0005242484061040326
9969,6,0,0,0.004288695662572102
9970,2,0,0,0.025897403321762387
9971,4,0,0,0.0007400796290018526
9972,2,0,0,0.00034165745275809825
9973,9,0,0,0.48559270236595253
9974,8,0,0,0.0004734623011203425
9975,2,0,1,0.6921459163348885
9976,8,0,0,0.03155727163117536
9977,8,0,0,0.003853330691447702
9978,4,0,0,0.0034946704986350756
9979,6,0,0,0.0031070767413422067
9980,8,0,0,0.009066236520854424
9981,10,0,0,0.0006055749948134986
9982,5,0,0,0.009942406804214644
9983,4,0,0,0.06810673499429924
9984,4,0,0,0.07243285232000475
9985,3,0,1,0.8445281369345019
9986,6,0,0,0.01992308627904205
9987,10,0,0,8.897379371942355e-05
9988,9,0,0,0.000661190174580853
9989,9,0,0,0.0035611354101659494
9990,7,0,0,0.0010233084142021434
9991,5,0,0,0.003187343258037415
9992,9,0,0,0.0018901744757719202
9993,10,0,0,0.0009984213971522917
9994,8,0,0,0.0006342155564430627
9995,7,0,0,0.0011692912011239478
9996,7,0,0,0.006806422781377081
9997,3,0,0,0.0011533252843314607
9998,3,0,0,0.0008540805861623404
9999,5,0,0,0.0007216773024558291
10000,5,0,0,0.027523103005059356
10001,9,0,0,0.025394501155695463
10002,7,0,0,0.0006873843062414249
10003,2,0,0,0.0002635268968413688
10004,3,0,0,0.002625238406088556
10005,2,0,0,0.0003611046108743511
10006,5,0,0,0.0006019836983952402
10007,9,0,0,0.0011961912910563044
10008,1,0,0,0.001701329796638249
10009,9,0,0,0.0006233223257329953
10010,6,0,0,0.001566094341244505
10011,1,0,0,0.005429240989245778
10012,10,0,0,0.0008730341782313903
10013,10,0,0,0.0016300897977873498
10014,6,0,0,0.023527107190517038
10015,10,0,0,0.0072269283057600706
10016,5,0,0,0.00218606727760856
10017,3,0,0,0.001726783644214871
10018,2,0,0,0.00012201997333428424
10019,8,0,0,0.0018590233409182583
10020,10,0,0,0.0024015980300433515
10021,5,0,0,0.005996341487219696
10022,9,0,0,0.009242278200918608
10023,8,0,0,0.0052578204499608445
10024,1,0,0,0.0011498256383415165
10025,5,0,0,9.599326681328438e-05
10026,9,0,0,0.0012585991002272742
10027,5,0,0,0.0019469941371971701
10028,6,0,1,0.6708481775103682
10029,6,0,0,0.006833728957537069
10030,3,0,0,0.0003058210837411668
10031,3,0,0,0.00045763967296721996
10032,1,0,0,0.0025174078705187245
10033,3,0,0,0.002769089051742449
10034,5,0,0,0.005006550438984416
10035,7,0,0,0.0003934869582358955
10036,2,0,0,0.0007971415741529372
10037,9,0,0,0.011661184549595352
10038,6,0,0,0.02424530598330204
10039,7,0,0,0.0006778289791255287
10040,5,0,0,0.17102112444089596
10041,3,0,0,0.0005191826603408507
10042,2,0,0,0.00215715513482054
10043,9,0,0,0.0022877819290976383
10044,3,0,0,0.0019801818722839236
10045,7,0,0,0.002168737660241444
10046,1,0,0,0.010061322460561076
10047,5,0,0,0.0003808761817677398
10048,2,0,0,2.7882697316143574e-05
10049,6,0,0,0.0005105966180728586
10050,4,0,1,0.9985052607953637
10051,5,0,1,0.9805760068861022
10052,3,0,0,0.0007556666090805698
10053,3,0,0,0.0009203891975143987
10054,2,0,0,0.0001268922832505194
10055,9,0,0,0.0006620556356776889
10056,4,0,0,0.3529946771018221
10057,4,0,0,0.0012592784630752684
10058,9,0,0,0.06420082277174784
10059,2,0,0,0.0009026472832972821
10060,4,0,0,0.001704566444789802
10061,1,0,0,0.0010195348261661176
10062,3,0,0,0.012524481991620835
10063,5,0,1,0.9994419946160474
10064,4,0,0,0.0002220484968116141
10065,7,0,0,0.0010310604647494886
10066,7,0,0,0.011405351869151861
10067,5,0,0,0.0032795113903808307
10068,10,0,0,0.000980125882572813
10069,9,0,0,0.0008850894714840034
10070,4,0,0,0.007610660429888827
10071,3,0,0,0.04645762239284246
10072,10,0,0,0.0004676678568414731
10073,1,0,0,0.0007690276987992967
10074,3,0,0,0.16040182803075453
10075,5,0,0,0.26887525109982635
10076,1,0,0,0.0020682489260985043
10077,10,0,0,0.005299881332622645
10078,1,0,0,5.698821525268384e-05
10079,7,0,0,0.0015876100920882222
10080,9,0,0,0.002558867164711795
10081,3,0,0,0.00024582443001548043
10082,2,0,0,0.010792382828502832
10083,5,0,0,0.00044295711779117266
10084,1,0,0,0.0008819602967725215
10085,2,0,0,0.003938537493919856
10086,4,0,0,0.0545006590317368
10087,4,0,0,0.0019932385938771493
10088,9,0,0,0.0004191420566016117
10089,10,0,0,0.0037977310575075
10090,3,0,0,0.003953360387074561
10091,8,0,0,0.00022750452204964143
10092,1,0,0,0.0019128293932737341
10093,6,0,0,0.0027872433867948965
10094,6,0,1,0.6246672644923663
10095,8,0,0,0.007525121573322527
10096,10,0,0,0.0008687343941822847
10097,8,0,0,0.0004286367042130208
10098,2,0,0,5.78168908700263e-05
10099,8,0,0,0.0021129166071152602
10100,9,0,0,0.03639180711965499
10101,10,0,0,0.006193840647507435
10102,1,0,0,0.13119219528383758
10103,4,0,0,0.05368051738096299
10104,5,0,0,0.0023681787120669383
10105,1,0,1,0.991589174432822
10106,8,0,0,0.33937534623943133
10107,6,0,0,0.0007719750895370963
10108,7,0,0,0.027192600197304607
10109,8,0,0,0.004440695422850734
10110,3,0,1,0.9993258109598457
10111,4,0,0,0.006178286087078281
10112,9,0,0,0.002541938565768771
10113,7,0,0,0.0005410776090970665
10114,10,0,0,0.0001338687275027445
10115,5,0,0,0.0023678287139853407
10116,10,0,0,0.0022474259728235382
10117,7,0,0,0.05609901601132633
10118,3,0,0,0.46530664820521095
10119,4,0,0,6.330167312683453e-05
10120,10,0,0,0.0004689712217960179
10121,4,0,1,0.9927141240067264
10122,5,0,0,0.0010305237006922284
10123,4,0,1,0.9909256354539243
10124,9,0,0,0.002337705140046804
10125,5,0,0,0.002538058709038359
10126,10,0,0,0.0009269185205408506
10127,5,0,0,0.0039192627340347
10128,7,0,0,0.02039282547648795
10129,9,0,0,0.003406624229994824
10130,4,0,0,0.019035699637352965
10131,4,0,0,9.18244857372358e-05
10132,5,0,0,0.0050504030690767835
10133,3,0,0,0.0003480811647674808
10134,7,0,1,0.9987082235835368
10135,7,0,0,0.00016418141036787285
10136,3,0,1,0.7649091462373148
10137,7,0,0,0.0003638556592852959
10138,4,0,0,0.0002950599347186354
10139,6,0,0,0.005958660668746985
10140,1,0,0,0.009792920311207511
10141,2,0,0,0.008720460981738606
10142,5,0,0,0.00632670491906311
10143,8,0,0,0.00022494519628341115
10144,10,0,0,0.003577498225559298
10145,3,0,0,0.0008095735475453463
10146,3,0,0,0.001889476830984439
10147,8,0,0,0.13655752361973023
10148,9,0,0,0.000652928444384392
10149,10,0,0,0.0009367634266021335
10150,3,0,0,0.19166509316065578
10151,8,0,0,0.0018393557228552082
10152,1,0,1,0.6449144227709455
10153,4,0,0,0.014288155826317088
10154,3,0,0,0.009954053180918871
10155,2,0,0,0.0019212718716638886
10156,7,0,0,0.20191685731014053
10157,1,0,0,0.0005126332419377749
10158,2,0,0,0.0031868544824113767
10159,10,0,0,0.003505408728696116
10160,9,0,0,0.00030526763334208333
10161,10,0,0,0.04098378235400153
10162,4,0,0,0.003767803542320996
10163,5,0,0,0.00014822316233953684
10164,5,0,0,0.00022702844301555842
10165,2,0,0,0.14190746561790757
10166,3,0,0,0.00012080660841962505
10167,8,0,0,0.0009251001247608195
10168,4,0,0,0.0010369412795043027
10169,7,0,0,0.0005584695684202785
10170,10,0,0,0.014417135656618724
10171,3,0,0,0.003071021749714092
10172,6,0,1,0.8589441845088812
10173,4,0,0,0.012199715317500262
10174,10,0,0,0.01651364085918485
10175,7,0,0,0.024079117358269675
10176,1,0,0,0.00037129847381765215
10177,9,0,0,0.0020295619145056956
10178,10,0,0,0.005712786087185166
10179,8,0,0,7.405313514740934e-05
10180,6,0,0,0.0013672048126615129
10181,2,0,0,0.0034335623814443954
10182,2,0,0,0.002156907556784635
10183,9,0,1,0.985127793486527
10184,6,0,0,0.020634160668692753
10185,3,0,0,0.001123047507804616
10186,2,0,0,0.002791177208644992
10187,3,0,0,0.13141220305644744
10188,3,0,0,0.0007650528771767338
10189,1,0,0,0.0003171832604005158
10190,10,0,0,0.002991424069282829
10191,2,0,0,0.0005482084757539559
10192,1,0,0,0.002043429678880045
10193,9,0,0,0.004559133502331454
10194,6,0,0,0.002463466341982441
10195,2,0,0,0.01550795003737948
10196,3,0,0,0.0022278673897561927
10197,10,0,0,0.0011311701540822228
10198,8,0,0,0.000629833104552236
10199,3,0,0,0.0004243028242820917
10200,2,0,0,0.00046753136627988845
10201,6,0,0,0.0015408276136653638
10202,6,0,0,0.0013688847019214245
10203,9,0,1,0.9629960398162518
10204,4,0,0,0.03435728338689585
10205,7,0,0,0.0012480988705905664
10206,9,0,0,0.0005669502648437766
10207,10,0,0,0.017532803095511293
10208,10,0,0,0.2981331357449155
10209,3,0,0,0.00014590869538416885
10210,7,0,0,0.015122511108211568
10211,1,0,0,0.0029445588503395586
10212,1,0,0,0.00016054573008361474
10213,1,0,0,0.0013288089453686145
10214,3,0,0,0.0003440219323694948
10215,6,0,0,0.002105018916729263
10216,9,0,0,0.0009357896831218843
10217,9,0,0,0.0009552948216644078
10218,6,0,0,0.00023760389581746613
10219,6,0,0,0.001975906099433397
10220,10,0,0,0.0015030188394058056
10221,8,0,0,0.0002822043782357659
10222,1,0,0,0.01244943760428902
10223,4,0,0,0.0012029423754401428
10224,4,0,1,0.9997519590442999
10225,1,0,0,0.01797826280723563
10226,10,0,0,0.07678409158352592
10227,8,0,0,0.005165921906316324
10228,9,0,0,0.09866471930749371
10229,4,0,0,0.0002628245274670135
10230,2,0,0,0.0005396217980033691
10231,6,0,0,0.0019145187880544204
10232,7,0,0,0.002395043931088809
10233,3,0,0,0.000623831034604098
10234,4,0,0,0.0006235040758379622
10235,8,0,0,0.00037833415246304325
10236,1,0,0,0.00897879635922729
10237,4,0,0,0.0019973320663530837
10238,7,0,0,0.0008863944410882368
10239,10,0,0,0.008066595409143822
10240,2,0,0,0.00028083160845605274
10241,8,0,0,0.00016026243711040765
10242,7,0,0,0.0001337286499534993
10243,7,0,0,0.001757699106072864
10244,8,0,0,0.00817019172979358
10245,5,0,0,0.02713988612815043
10246,3,0,1,0.983584404263308
10247,5,0,0,0.001498783096465065
10248,3,0,0,0.01077024977162255
10249,8,0,0,0.000364237310542843
10250,5,0,0,0.0002811500115910303
10251,3,0,0,0.00021739680935618628
10252,8,0,0,0.0006020254569163523
10253,3,0,0,0.00028387879084502157
10254,5,0,0,0.002179304861358486
10255,4,0,1,0.9303061918082869
10256,6,0,0,0.006817355766333446
10257,5,0,0,0.0005351419312643617
10258,6,0,0,0.00010483741087211404
10259,8,0,0,0.0006961967278352265
10260,4,0,0,0.0035347870172986852
10261,10,0,0,0.006137475140260374
10262,4,0,0,0.1671776099222427
10263,2,0,0,0.0005732178778459797
10264,9,0,1,0.5175362291074566
10265,2,0,0,0.20574288437674648
10266,4,0,0,0.005802616597442921
10267,8,0,0,0.0005565032541085943
10268,8,0,0,0.0015789981617265899
10269,8,0,0,0.0029024333409498997
10270,3,0,1,0.8425448344758057
10271,5,0,0,0.0008657259480980733
10272,7,0,0,0.02096907282091832
10273,6,0,0,0.004332523860448481
10274,9,0,0,0.05275315497944864
10275,8,0,0,0.022134697281955086
10276,2,0,0,0.08663960762575953
10277,8,0,0,0.19553483341127612
10278,9,0,0,0.0002803698580521745
10279,3,0,1,0.9995843031794801
10280,1,0,0,0.0011988980488377963
10281,9,0,0,0.1519927289838356
10282,4,0,0,0.002384205964511252
10283,9,0,0,0.006223380361855655
10284,3,0,0,0.009920426620598782
10285,1,0,0,0.01197977746811205
10286,4,0,0,0.005133013264968437
10287,5,0,0,0.001377652378923894
10288,3,0,0,0.010510700494703824
10289,8,0,1,0.5390208340513105
10290,1,0,1,0.9405887008754241
10291,7,0,1,0.8764113714915496
10292,4,0,1,0.9772931597970973
10293,5,0,0,0.0005222836454748216
10294,5,0,0,0.001767838238700126
10295,3,0,0,0.0012103153464025338
10296,7,0,1,0.9677282278056076
10297,7,0,0,0.0004688209264845781
10298,2,0,0,0.0007796639624405322
10299,8,0,0,5.5653847410692565e-05
10300,6,0,0,0.0007984553051553256
10301,10,0,0,0.0006084375336301315
10302,6,0,0,0.003210311573966118
10303,3,0,0,0.0011429886324201349
10304,9,0,0,0.009022919530708098
10305,8,0,0,0.00046514905571223543
10306,4,0,0,0.00025582211284880686
10307,1,0,0,0.0010281492201963253
10308,8,0,0,0.0001718137836904491
10309,8,0,0,0.001447289102713401
10310,10,0,0,0.00044234816059906477
10311,10,0,0,0.010647379225765535
10312,4,0,0,0.0016979483493646363
10313,3,0,0,0.00271000846179639
10314,10,0,0,0.035624270860468786
10315,4,0,0,0.00028540428254069733
10316,1,0,0,0.12372874354639446
10317,6,0,0,0.004287737625699304
10318,10,0,0,0.008712917958290035
10319,5,0,0,0.0012575461333259024
10320,4,0,0,0.03500905489905554
10321,10,0,0,0.3625361574646703
10322,10,0,0,0.004642159618210178
10323,6,0,0,0.012395926570258186
10324,9,0,0,0.19720970285835854
10325,4,0,0,0.0028733127370089576
10326,8,0,0,0.0017738586782668365
10327,8,0,0,0.001385676733729995
10328,2,0,0,0.00018592694174489262
10329,9,0,0,0.00013251047446207823
10330,1,0,0,0.23620020219030635
10331,6,0,1,0.668810231017738
10332,2,0,0,0.0032641992382636004
10333,1,0,0,0.020902267375621876
10334,4,0,0,0.015532714331759328
10335,10,0,0,0.00731852785913647
10336,10,0,0,0.14851344205714684
10337,8,0,0,0.00040324687945189104
10338,4,0,0,0.03119697035701019
10339,10,0,1,0.5756109170803552
10340,7,0,0,0.001143099574722622
10341,3,0,0,0.0004780149531961642
10342,9,0,0,0.004146212331607307
10343,5,0,0,0.00040308401853270484
10344,10,0,0,0.000690233369741066
10345,7,0,0,0.0006911080838720321
10346,8,0,0,0.003267017373657704
10347,2,0,0,0.0007852555067489924
10348,10,0,0,0.002468730310895339
10349,6,0,0,0.019924990447655635
10350,3,0,0,0.00041374350494756125
10351,9,0,0,0.0009756047055968915
10352,10,0,0,0.00036935600401485555
10353,3,0,0,0.4532635406862627
10354,7,0,0,0.0007234968728847886
10355,9,0,0,0.0013277869666834642
10356,6,0,0,0.0032206248367022093
10357,1,0,0,0.0038276656026386734
10358,9,0,0,0.003267794877671616
10359,1,0,0,0.052512522938622595
10360,4,0,0,0.04219736203589676
10361,9,0,0,0.34751290763400255
10362,10,0,1,0.580382903023315
10363,2,0,0,0.001694888821761737
10364,1,0,0,0.0687674281490711
10365,10,0,0,0.0002554095044822474
10366,4,0,0,0.00547691743044141
10367,1,0,0,0.0004207866022354054
10368,1,0,0,0.0002531908223253557
10369,9,0,0,0.0017726676644260811
10370,9,0,0,0.005594634044082628
10371,7,0,0,0.021519634806666965
10372,9,0,1,0.9910697917434361
10373,4,0,0,0.0007485139394854645
10374,5,0,0,0.0017355789463258042
10375,4,0,0,0.009943989339800039
10376,6,0,0,0.0003754207038693576
10377,7,0,0,0.0003231379376902157
10378,3,0,0,0.0030250701199499514
10379,7,0,0,0.0008817707958189019
10380,7,0,0,0.0014361942815326466
10381,5,0,0,0.005314887036632817
10382,3,0,0,0.010968839951541073
10383,5,0,0,0.000372618083175354
10384,2,0,0,0.051457205248965174
10385,8,0,0,0.0034142782587345344
10386,6,0,0,0.002455175653165824
10387,9,0,0,0.003729313987290666
10388,8,0,0,0.0014628348673605413
10389,3,0,1,0.8818510435529314
10390,10,0,0,0.05383685732012329
10391,9,0,0,0.00015932404832523275
10392,7,0,0,0.003512815395819783
10393,6,0,0,0.0025158855772442045
10394,10,0,0,0.003837563348742065
10395,6,0,0,0.0008621052466770227
10396,3,0,0,0.007738336134236343
10397,8,0,0,0.00352119080786589
10398,4,0,1,0.7135087109430618
10399,6,0,0,0.0006281950187444313
10400,7,0,0,0.00011034005129051183
10401,5,0,0,0.01700046571958931
10402,2,0,0,0.00037868132673992577
10403,5,0,0,0.0017501791269968728
10404,10,0,0,0.0009073196996733165
10405,4,0,0,0.00025163625968928626
10406,1,0,0,0.04803952639330416
10407,7,0,0,0.0008050745451175948
10408,4,0,0,0.010536060312575913
10409,2,0,0,0.007412508053626404
10410,3,0,1,0.810116834631332
10411,2,0,0,0.00018436441055546559
10412,4,0,0,0.107066722377291
10413,10,0,0,3.5670650144615365e-05
10414,3,0,0,0.0002139943453444882
10415,4,0,1,0.6897767590444104
10416,4,0,0,0.010989413931252266
10417,4,0,0,0.004391128262043037
10418,9,0,0,0.004661550484381031
10419,10,0,0,0.11382319049289721
10420,8,0,0,0.029810136081643127
10421,7,0,0,0.011673524831574128
10422,8,0,0,0.038435497559334536
10423,2,0,0,0.026101399252268995
10424,1,0,0,0.017063419304878383
10425,10,0,0,0.0008583805887948609
10426,8,0,0,0.0006354075492544867
10427,3,0,0,0.0010487450212164344
10428,2,0,0,0.0003062800191399506
10429,9,0,0,0.0006337813862058389
10430,9,0,0,0.0034574089742661807
10431,3,0,1,0.9997539180278547
10432,6,0,0,0.00031287236031296047
10433,8,0,0,0.2996392165671674
10434,2,0,0,0.0013237086842423995
10435,8,0,0,0.00014903288300723944
10436,7,0,0,0.001425829795438814
10437,2,0,0,0.004477527327852421
10438,10,0,0,0.0033741564531898347
10439,4,0,0,0.03132797244382701
10440,6,0,0,0.0005436925831019798
10441,10,0,0,0.0011932690846849956
10442,9,0,0,0.003374110019531372
10443,9,0,0,0.001837188644818758
10444,5,0,0,0.0004699133864500099
10445,7,0,0,0.0011062081134733334
10446,10,0,0,0.00012526799662215777
10447,7,0,0,0.0018900631099863603
10448,5,0,0,0.0009510839432359524
10449,7,0,0,0.00031799385812470327
10450,7,0,0,0.00023061097464970279
10451,2,0,0,0.02272430239467408
10452,5,0,1,0.9998984367896644
10453,6,0,0,0.038555156717329606
10454,5,0,0,0.013073534560869217
10455,3,0,0,0.000708314151833978
10456,9,0,0,0.0002467839644413921
10457,2,0,0,0.006740443245118129
10458,1,0,0,0.0004100604257254239
10459,5,0,0,0.0013786707792110687
10460,5,0,0,0.0010843305880265533
10461,10,0,0,0.015416158210918268
10462,2,0,0,0.014990212796794484
10463,9,0,0,0.0010831631775245817
10464,6,0,0,0.002052685535800282
10465,4,0,0,0.0022410344331960544
10466,6,0,0,0.000593789026187328
10467,3,0,0,0.0014087987441618475
10468,7,0,0,0.0002934585390063718
10469,2,0,0,0.0014668317321142813
10470,8,0,0,0.0023661248946913477
10471,3,0,0,0.03803280796782839
10472,6,0,0,0.0008690645027283488
10473,3,0,0,0.0042302299666916255
10474,9,0,0,0.0009165479108658725
10475,9,0,0,0.027639303602278932
10476,2,0,0,0.055033807025624534
10477,8,0,0,0.0004414353575604184
10478,9,0,0,0.09205778742882895
10479,7,0,0,0.0001689250130290261
10480,9,0,0,0.00038757731430561686
10481,2,0,0,0.016965968056904285
10482,10,0,0,0.10755905232428548
10483,3,0,0,0.0006619324396195676
10484,9,0,0,0.0006388347499446269
10485,8,0,0,8.590218075231869e-05
10486,4,0,0,0.03321697333512661
10487,7,0,1,0.9627633802483977
10488,7,0,0,0.0019360043768947939
10489,8,0,0,0.006765562618541049
10490,1,0,0,0.0013817765070071744
10491,3,0,0,0.0005797696634724006
10492,7,0,0,0.45352171407034514
10493,4,0,0,6.695745983916784e-05
10494,9,0,0,0.003791756414622662
10495,1,0,0,0.025230634360538927
10496,4,0,0,0.007447902145849646
10497,5,0,0,0.005007152628267281
10498,10,0,0,0.0030969429391776646
10499,2,0,0,0.002788105512795081
10500,10,0,0,0.00020724850143262607
10501,9,0,0,0.008647727057479349
10502,10,0,0,0.0002773609810954128
10503,7,0,0,0.1364038539694823
10504,7,0,0,0.0003522834465413423
10505,9,0,0,0.0040731829756413184
10506,6,0,0,0.00014222054490047547
10507,6,0,0,0.0007359553238023438
10508,3,0,0,0.014032867440396167
10509,10,0,0,0.0008302014770183435
10510,7,0,0,0.010719178491431452
10511,4,0,0,0.11375324219303909
10512,7,0,0,0.000430370018078711
10513,6,0,0,0.0015272918172651816
10514,10,0,0,0.0036919737869896816
10515,9,0,0,0.05210826498699909
10516,7,0,0,0.0005824332715214871
10517,3,0,0,0.0007876393084766027
10518,9,0,0,0.0048453922222190665
10519,8,0,0,0.0038053464255900595
10520,3,0,0,0.001005986402525273
10521,10,0,1,0.5591827479421894
10522,3,0,0,0.12000169604876976
10523,2,0,0,9.258734816609974e-05
10524,9,0,0,0.0061174432416057425
10525,8,0,0,0.0002630027462963574
10526,3,0,0,0.0013203196087305346
10527,6,0,0,0.00102411857947549
10528,4,0,0,0.002211869504394311
10529,5,0,0,0.0011185265598510647
10530,2,0,0,0.007174863911512901
10531,2,0,0,0.008938882706336236
10532,7,0,0,0.0016065324892987544
10533,2,0,0,0.005403367497665491
10534,4,0,0,0.0011093523153673142
10535,7,0,0,0.0018127664916308983
10536,8,0,0,0.0012259818610766118
10537,7,0,0,0.0003182468669048431
10538,1,0,0,0.01715918683716483
10539,8,0,0,0.11971180657854266
10540,7,0,0,0.002244281677171881
10541,10,0,0,0.0004504396892732943
10542,2,0,0,0.0005357726264568477
10543,7,0,0,0.0034089567822694292
10544,1,0,0,0.001007924505141968
10545,2,0,0,0.00601157787230237
10546,6,0,0,0.4057867017771067
10547,2,0,0,0.0010209717336196946
10548,5,0,0,0.08754971346048547
10549,10,0,0,0.0016896356453563884
10550,1,0,0,0.0009889101620469524
10551,7,0,0,0.010115381269433702
10552,5,0,1,0.9989935068731437
10553,2,0,0,0.003778611142831938
10554,9,0,0,0.00017859020567215483
10555,4,0,0,0.0021904059252501233
10556,4,0,0,0.0035604766268890102
10557,5,0,0,0.0023135537026505214
10558,4,0,0,0.07825119288817965
10559,2,0,0,0.003934632398147031
10560,9,0,0,0.0009027690403427591
10561,8,0,0,0.4901033783634261
10562,6,0,0,0.0001436632250296941
10563,9,0,0,0.0016391096574993901
10564,4,0,0,0.00021120937863322906
10565,8,0,0,0.0011692872205953813
10566,2,0,0,9.275023254938447e-05
10567,10,0,0,0.006682906471578013
10568,1,0,0,0.001654148738456798
10569,2,0,0,0.0004172294836279509
10570,7,0,0,0.0017783411069385098
10571,7,0,0,0.005325552649761275
10572,10,0,0,0.0013976959062981104
10573,3,0,0,0.0022922235703960537
10574,10,0,1,0.9994174097785198
10575,8,0,0,0.0012695368695234959
10576,4,0,0,0.007423702561452717
10577,10,0,0,0.0004286863622703107
10578,8,0,0,0.03259238172373604
10579,9,0,0,0.000594905985859225
10580,1,0,0,0.003447080163046791
10581,2,0,0,0.01156840255678076
10582,10,0,1,0.8750648369081089
10583,2,0,0,0.004195557761193157
10584,7,0,0,0.0037367224983189673
10585,7,0,0,0.006397307866330084
10586,3,0,0,0.11378641238328147
10587,9,0,0,0.0024636818476692014
10588,9,0,0,0.0010126277246628802
10589,5,0,0,0.0006788157408106675
10590,5,0,0,0.0011404225606199544
10591,6,0,0,0.00010618849307095644
10592,1,0,0,0.07930581050754465
10593,8,0,0,0.0007124068489034313
10594,2,0,0,0.0028811309719209933
10595,7,0,0,0.02425820561040811
10596,4,0,0,0.002320830173198495
10597,5,0,0,9.966845599453988e-05
10598,8,0,0,0.00034884948165611536
10599,9,0,0,0.03550636462545949
10600,7,0,0,0.0008512355422247535
10601,2,0,0,0.003212190805315353
10602,3,0,0,0.015446053972701896
10603,7,0,0,0.0021862635498738846
10604,9,0,0,0.1416588453848536
10605,1,0,0,0.0020464559786641484
10606,1,0,0,0.19739582055959143
10607,8,0,0,0.21996329649048976
10608,3,0,0,0.05092056027695496
10609,7,0,0,0.04457834885665133
10610,10,0,0,0.0002845079510997952
10611,4,0,0,0.0003712030158298009
10612,6,0,0,0.0027578129439869642
10613,3,0,0,0.003649923915640442
10614,4,0,0,0.0074349691727253
10615,8,0,0,0.00020503985867077843
10616,7,0,0,0.0014033066231614716
10617,2,0,1,0.9998863618420846
10618,7,0,0,0.0010537549797044973
10619,1,0,0,0.022574311255396814
10620,1,0,0,0.004857972634735742
10621,5,0,0,0.0020339656537526527
10622,9,0,0,0.001990099319830226
10623,9,0,0,0.0004971410155053535
10624,6,0,0,0.0007479629175205468
10625,7,0,0,0.0020165100366029334
10626,7,0,0,0.00018323079352825652
10627,2,0,0,0.021961884857811167
10628,3,0,0,0.00047578655361727265
10629,2,0,1,0.5193738939282523
10630,4,0,0,0.001180915409087895
10631,8,0,0,0.005589401194138268
10632,2,0,0,0.001954559994444477
10633,1,0,0,0.0006562813937502264
10634,9,0,0,0.0007254603188580272
10635,7,0,0,0.00025006384448312283
10636,9,0,0,0.00030968147392827533
10637,8,0,0,0.053505006128120536
10638,10,0,0,0.0004499550572705653
10639,2,0,0,0.00044498284178937417
10640,2,0,0,0.014378960949419733
10641,8,0,1,0.760108848349955
10642,7,0,0,0.0015731240643639883
10643,6,0,0,0.024473862480169754
10644,4,0,0,0.010851925079852328
10645,10,0,0,0.0002538228530619531
10646,10,0,0,0.004356879469484657
10647,6,0,0,0.0014626967896459683
10648,5,0,0,0.028137677660446548
10649,7,0,0,0.03149201845408224
10650,8,0,0,0.0019172901123498867
10651,7,0,0,0.00048637364753216603
10652,3,0,0,0.16851874777930212
10653,7,0,0,0.01222612258678082
10654,1,0,0,0.0015415837888098066
10655,3,0,0,0.0021750951829046473
10656,1,0,0,0.019668212477094365
10657,10,0,0,0.0005149793296091248
10658,10,0,0,0.005432425480165946
10659,6,0,0,0.000615878781325011
10660,2,0,0,0.000515169237817646
10661,10,0,0,0.016295817167952493
10662,2,0,0,0.0006891059089505026
10663,9,0,0,0.001324584499160544
10664,4,0,0,0.10298215555022644
10665,2,0,0,0.0008309890558357946
10666,3,0,0,0.0003594480709931278
10667,10,0,0,0.0020990488015170377
10668,1,0,0,0.02331102645644418
10669,5,0,0,0.009387344109823042
10670,6,0,0,0.010279148149286422
10671,4,0,0,0.013896575769955647
10672,10,0,0,0.006182155232663886
10673,7,0,0,0.0010319117772859816
10674,1,0,0,0.015981888197367886
10675,1,0,0,0.04408239728539756
10676,10,0,0,0.00045903687228139735
10677,8,0,0,0.000390010777365089
10678,6,0,0,0.0030193888407410202
10679,2,0,0,0.0011899026071116516
10680,9,0,0,0.0006499742834483765
10681,6,0,0,0.015996398659708408
10682,5,0,0,0.00022751075492480062
10683,4,0,0,0.0006832011281394031
10684,6,0,0,0.0073980462551766915
10685,6,0,0,0.019363637466279233
10686,8,0,0,0.001850345848969301
10687,9,0,0,0.005893860852576
10688,5,0,0,0.01466126674471953
10689,7,0,0,0.0008963953131503936
10690,1,0,0,0.0007287261647529449
10691,7,0,0,0.0024881597718587
10692,1,0,0,0.0007654537349579881
10693,3,0,0,0.0006446922303630014
10694,9,0,1,0.5821374673609382
10695,9,0,0,0.002425230906641967
10696,6,0,0,0.0032146219012309405
10697,2,0,0,6.601541817690947e-05
10698,2,0,0,0.004060492309136882
10699,7,0,0,0.0002920628888717607
10700,1,0,0,0.0006659423704379473
10701,5,0,0,0.0018606303223732375
10702,5,0,0,0.0008272639136702465
10703,4,0,0,0.0031911532325227757
10704,3,0,0,0.02713661562598599
10705,7,0,0,0.001760237089305392
10706,5,0,0,0.0023184873388946547
10707,6,0,0,0.004521062445942096
10708,4,0,0,0.0013327593781846578
10709,8,0,0,0.024450637616968533
10710,10,0,0,0.0006906077050089447
10711,7,0,0,0.0012018264070681305
10712,1,0,0,0.010858660444357139
10713,2,0,0,0.0018684630661341042
10714,10,0,0,0.0031659911267738895
10715,10,0,0,0.003915173797464944
10716,3,0,0,0.18831182313876715
10717,7,0,0,0.00026563148461111215
10718,7,0,0,0.0009118002601438919
10719,9,0,0,0.0024938010463329335
10720,9,0,0,0.001938360638827466
10721,2,0,0,0.002189494243983007
10722,9,0,0,0.0012303751441611283
10723,3,0,0,0.0004472653472031157
10724,4,0,0,0.0015049849893398904
10725,7,0,0,0.009809273355784815
10726,4,0,0,0.0007309343118677243
10727,5,0,0,0.04519850557521548
10728,10,0,0,0.0007524980965052686
10729,3,0,0,0.005418438560360054
10730,9,0,0,0.004679268845783593
10731,1,0,0,0.0040977644238438995
10732,4,0,1,0.7339733718744729
10733,5,0,0,0.4386100959441377
10734,6,0,1,0.5415137157753424
10735,6,0,0,0.013941075575226695
10736,3,0,0,0.0009217968071308331
10737,9,0,0,0.026063705986435627
10738,1,0,0,0.0019756886712094493
10739,7,0,0,0.24211514120687155
10740,5,0,0,0.0006929587300483192
10741,5,0,0,0.002838854564229027
10742,5,0,0,0.006390765355023608
10743,2,0,0,0.000835544561654008
10744,2,0,1,0.9855236158972274
10745,8,0,0,0.36657499755653844
10746,10,0,0,0.0010391241201659627
10747,1,0,0,0.0011810963081235633
10748,4,0,0,0.05340869537733224
10749,2,0,0,0.0009577545687094481
10750,3,0,0,0.00023173329153952833
10751,10,0,0,0.0022233892427369804
10752,10,0,0,0.037417313007924294
10753,8,0,0,0.0003966425300890399
10754,7,0,0,0.0006713597369434179
10755,8,0,0,0.004176019335092571
10756,9,0,0,0.004849921775593138
10757,4,0,0,0.016152969901743745
10758,5,0,0,0.001248727853206899
10759,9,0,0,0.001249330269824474
10760,1,0,0,0.03407044787936493
10761,6,0,0,0.0011566199261945694
10762,6,0,0,0.0003022640419920149
10763,1,0,0,0.0034973117461738193
10764,4,0,0,0.00022295085683083748
10765,8,0,0,0.004415435718347691
10766,10,0,0,0.0006493797017507372
10767,10,0,0,0.00521496319620789
10768,10,0,0,0.08862459337883169
10769,9,0,0,0.0012841684608119117
10770,1,0,0,0.0018151804533171037
10771,7,0,0,0.0004262246411655444
10772,1,0,0,0.00016551532693976368
10773,1,0,0,0.0005848620583215923
10774,10,0,0,0.009600864035932834
10775,1,0,0,0.0006958318496586241
10776,4,0,0,0.0035186758872814182
10777,3,0,0,0.10725453896306708
10778,4,0,0,0.0014274974984814946
10779,10,0,0,0.00022441788564310118
10780,5,0,0,0.0007832237509708607
10781,2,0,0,0.003624640790935221
10782,3,0,0,0.008571240888401508
10783,10,0,0,0.14067960983640537
10784,1,0,0,0.008285276965865182
10785,10,0,0,0.0004257397465973625
10786,6,0,0,0.005570711233524147
10787,3,0,0,0.024967354514467764
10788,10,0,0,9.278361940868356e-05
10789,1,0,0,0.028642715790503936
10790,10,0,1,0.9169695669706306
10791,5,0,0,0.0002220884412587188
10792,1,0,0,0.00022804350302701445
10793,3,0,0,0.01574083321750961
10794,1,0,0,0.00012850111016359683
10795,4,0,1,0.6663763664515417
10796,1,0,0,0.007322556297938576
10797,10,0,0,0.0013596100692611988
10798,8,0,0,0.00046682280609110894
10799,5,0,0,0.10484693812473862
10800,8,0,0,0.00997724743495013
10801,7,0,0,0.0029718921236634027
10802,6,0,0,0.002273668151928944
10803,7,0,0,0.003520958985376405
10804,8,0,0,0.0002825779513331903
10805,3,0,0,0.00019238562001236664
10806,8,0,1,0.9563706384016593
10807,9,0,0,0.03373158710291543
10808,4,0,0,8.973149180824656e-05
10809,8,0,0,0.0021303712369197805
10810,4,0,0,0.0037166478632605503
10811,5,0,0,0.004510007870458223
10812,1,0,0,0.00022132111093097693
10813,1,0,0,0.0006581293119108971
10814,3,0,0,0.0015865961330726122
10815,5,0,0,0.00019821578816976265
10816,7,0,0,0.022394660378855687
10817,10,0,0,0.03366343899616259
10818,8,0,1,0.9991791102185468
10819,10,0,0,0.00011143701108809635
10820,7,0,0,0.0008226271070079492
10821,4,0,0,0.0005665269931362456
10822,9,0,0,0.001224113969184417
10823,5,0,0,0.007002408224455754
10824,9,0,0,0.0012710729087275182
10825,8,0,0,0.0004240070966903898
10826,4,0,0,0.0010188234582084073
10827,1,0,0,0.006424244081802949
10828,4,0,0,0.0007582037212848276
10829,3,0,0,0.2972598350480322
10830,5,0,0,0.0024879128585276514
10831,6,0,1,0.529492144085175
10832,6,0,0,0.00024936824308653596
10833,5,0,0,0.0002967791004285163
10834,1,0,0,0.1255493123122007
10835,9,0,0,0.000329751858031851
10836,2,0,0,0.0009517639283180766
10837,3,0,0,0.008762092660780511
10838,10,0,0,0.006798814084731605
10839,5,0,0,0.0002968684421639416
10840,2,0,0,0.0013125444453588953
10841,4,0,0,0.0020036263553604404
10842,10,0,0,0.11666958543289928
10843,9,0,0,0.00033376979646404964
10844,5,0,0,0.0005849587666881465
10845,8,0,0,0.0006467669522949728
10846,6,0,0,0.00294826654738957
10847,10,0,0,8.226475894455547e-05
10848,6,0,1,0.7962369288318225
10849,10,0,0,0.0038837313935973536
10850,10,0,1,0.5159586637061281
10851,2,0,0,0.0007633951928589543
10852,8,0,0,0.0034410145451748003
10853,7,0,0,0.015157162560055934
10854,9,0,0,0.25190938684005054
10855,5,0,0,0.011805499112476886
10856,5,0,0,0.002742441131508851
10857,3,0,0,0.03303195645935165
10858,8,0,0,0.0008672680417958515
10859,9,0,0,0.002077828512818449
10860,2,0,0,0.00020433954266889747
10861,3,0,0,0.001267546416728655
10862,4,0,0,0.003437725812787207
10863,2,0,0,0.0012619689720511605
10864,1,0,0,0.0007517640651297532
10865,1,0,0,0.0030133676073513423
10866,9,0,0,0.07835514280535177
10867,6,0,0,7.043025910386788e-05
10868,9,0,0,0.00014182332664159709
10869,2,0,0,0.0003272469493887822
10870,10,0,0,0.010559317173157726
10871,9,0,0,0.0022718346575491843
10872,3,0,0,0.0008924872736931216
10873,3,0,0,0.00015305632293845678
10874,8,0,1,0.9974281851405162
10875,1,0,0,0.0390237324276563
10876,9,0,0,0.007520005772956108
10877,5,0,0,0.0017943455420869892
10878,4,0,0,0.0003224345964839993
10879,4,0,0,0.02525817153065059
10880,6,0,0,0.0006114874906882829
10881,10,0,0,0.0004988725836014306
10882,4,0,0,0.0018600671655985023
10883,5,0,0,0.28054185761915934
10884,8,0,0,0.0003263225462392138
10885,3,0,0,0.008869871756792958
10886,5,0,1,0.8223475518417978
10887,8,0,0,0.002772362142801508
10888,7,0,0,0.19706233686507915
10889,5,0,0,0.0002597936949817307
10890,4,0,0,0.001136077501030309
10891,10,0,0,0.0014471961324547388
10892,4,0,0,0.0003587153963911774
10893,4,0,1,0.9996365587936555
10894,2,0,0,0.00010090454373349408
10895,4,0,0,0.0004617386208678696
10896,10,0,0,0.007739749782573866
10897,2,0,1,0.9412478694867842
10898,5,0,0,0.0021307853986973686
10899,4,0,0,0.4456444866955705
10900,7,0,1,0.862564459059487
10901,7,0,0,0.3318318542962764
10902,6,0,0,0.0009078248929237644
10903,4,0,0,0.00322306766025694
10904,7,0,0,0.0018649827265715135
10905,3,0,0,0.0012193654577220918
10906,10,0,0,0.0014305155781586844
10907,5,0,0,0.000389450808387548
10908,3,0,0,0.0003962134117713288
10909,10,0,0,0.010054746581843533
10910,10,0,0,0.00855161398618062
10911,10,0,0,0.16722075668902409
10912,4,0,0,0.006251880279281363
10913,3,0,0,0.0008775990502343615
10914,3,0,0,0.00020057957233168844
10915,6,0,0,0.041506171719180446
10916,7,0,0,0.00011074769849782868
10917,3,0,0,0.0010164631306962696
10918,10,0,0,0.002149623854191255
10919,2,0,0,0.00035362753035684044
10920,4,0,0,0.00013449006423321556
10921,10,0,0,0.001297211279248659
10922,2,0,0,0.12125744551541168
10923,3,0,0,0.09348674300400026
10924,6,0,0,0.0002908927788769325
10925,2,0,0,0.0005113622451549013
10926,10,0,0,0.0012596320680081613
10927,9,0,0,0.002617231618123412
10928,5,0,0,0.0012616707144835209
10929,7,0,1,0.7120506309514989
10930,10,0,0,0.0009406327217081424
10931,4,0,0,0.2626411822785871
10932,3,0,0,0.0009870756791696183
10933,5,0,0,0.0008398154003121753
10934,1,0,0,0.002883828704860733
10935,1,0,0,0.0006202777685262271
10936,5,0,0,0.001132951041952893
10937,4,0,0,0.0011543087621434355
10938,5,0,0,0.0007604282457684003
10939,6,0,0,0.0009773034214248535
10940,1,0,0,0.02182266425820702
10941,4,0,0,0.0006405450046158376
10942,4,0,0,0.004681448702332727
10943,4,0,0,0.013586824730661744
10944,3,0,0,0.04753276043366069
10945,10,0,0,0.002097571960701874
10946,7,0,0,0.0012390876743008582
10947,2,0,0,0.03605398786291356
10948,3,0,0,0.0001369845136467096
10949,6,0,0,0.00041388510848902
10950,6,0,0,0.0032291379830016623
10951,5,0,0,0.0011088640351546424
10952,4,0,0,0.0009420477818186337
10953,6,0,0,0.0019030540930770016
10954,5,0,0,0.008298589770556898
10955,2,0,0,0.0031269907261771163
10956,10,0,0,0.03179128523164646
10957,8,0,0,0.0016739272780088178
10958,10,0,0,0.0010117995798258528
10959,8,0,0,0.18204772610658948
10960,8,0,0,0.0642865269234627
10961,8,0,0,0.0015039956298360429
10962,7,0,0,0.0028479789653042286
10963,10,0,0,0.017928327323380615
10964,2,0,0,0.09527900213801582
10965,6,0,0,0.004629065300055595
10966,3,0,0,0.07355085082063885
10967,10,0,1,0.999516012966402
10968,2,0,0,0.0008453292967780092
10969,8,0,0,0.0008380775219311126
10970,2,0,0,0.00011121498220346351
10971,3,0,0,0.0005830313343758221
10972,5,0,0,0.0021517443691261326
10973,7,0,0,0.0017921446874959962
10974,2,0,0,0.0003773229321440545
10975,4,0,0,0.00043738544144791906
10976,7,0,0,0.00011120768880453468
10977,10,0,0,0.0011576562710760073
10978,10,0,0,0.00011337544919515634
10979,8,0,0,0.001835441637960449
10980,6,0,0,0.23642466390739453
10981,5,0,0,0.000195019249510721
10982,5,0,0,0.0023182770776051906
10983,4,0,0,0.001751744372908296
10984,9,0,0,0.01861128610961032
10985,10,0,0,0.0012861276634819076
10986,6,0,0,0.014355290446382944
10987,4,0,0,0.00029296252178835473
10988,6,0,0,0.0007987111598088862
10989,9,0,0,0.0008589371978115706
10990,2,0,0,0.014409512013453127
10991,1,0,0,0.00034339160288809786
10992,2,0,0,0.0011721794474294262
10993,10,0,0,0.006059791924685059
10994,8,0,0,0.0019656692356595324
10995,9,0,0,0.0004773541225083894
10996,10,0,0,0.0042305024920441005
10997,10,0,0,0.00019287645005431004
10998,1,0,0,0.0006896655770043683
10999,2,0,0,0.0005764723130655506
11000,9,0,0,0.0003476595289584362
11001,1,0,0,0.00509517971448565
11002,9,0,0,0.42248304835982975
11003,1,0,0,0.02785860308103913
11004,5,0,0,0.00281619399103843
11005,3,0,0,0.32023833851136785
11006,9,0,0,0.005157024823943376
11007,8,0,0,0.00039877540843174467
11008,1,0,0,0.012481693031658785
11009,1,0,0,0.00014397212218638424
11010,9,0,0,0.0058135424908332305
11011,9,0,0,0.38917594219020496
11012,5,0,0,0.006029200359744473
11013,7,0,0,0.002301621824030485
11014,4,0,0,0.12222868154086003
11015,3,0,0,0.0014627763729690574
11016,3,0,0,0.0011275850803440389
11017,5,0,0,0.008948789745022423
11018,1,0,0,0.0003084647563930203
11019,4,0,0,0.0049379034259433305
11020,1,0,0,0.10748723469280769
11021,1,0,1,0.5767785616924432
11022,9,0,0,0.00022700017233298142
11023,7,0,0,0.0018288076748472256
11024,4,0,0,0.0025524270488558464
11025,4,0,0,0.006542785431988135
11026,1,0,0,0.013698670166498143
11027,6,0,0,0.005076626765330409
11028,2,0,0,0.00816145835552338
11029,9,0,0,0.23841493566880204
11030,6,0,0,0.000972188078885155
11031,10,0,0,0.001587988356572577
11032,2,0,0,0.0005297250390485693
11033,1,0,1,0.8666710223582924
11034,2,0,0,0.0004746293498433396
11035,4,0,0,0.0017432843286974693
11036,3,0,0,0.00029467322621318926
11037,3,0,1,0.9824914097590778
11038,5,0,0,0.00497759384715541
11039,8,0,0,0.05636579345847144
11040,1,0,0,0.01894086428451217
11041,7,0,0,0.0001475678069775053
11042,2,0,1,0.9981430827316602
11043,8,0,0,0.0005632390497985315
11044,1,0,0,0.0533270919096793
11045,1,0,0,0.000685477549284813
11046,2,0,0,0.0007074257608278224
11047,8,0,0,0.00018080691299159714
11048,8,0,0,0.02097458781870272
11049,1,0,1,0.8421542111096869
11050,2,0,1,0.9932159143136763
11051,2,0,0,0.0005318409527268289
11052,1,0,0,0.005639046850873436
11053,7,0,0,0.004515638907163895
11054,2,0,1,0.826636053507675
11055,5,0,0,0.0006204802210323677
11056,8,0,0,0.0005604435826769411
11057,7,0,0,0.0011198665524436574
11058,4,0,0,0.006710543119536826
11059,7,0,0,6.02458242142982e-05
11060,4,0,0,0.0007314079141450415
11061,1,0,0,0.00032467547239514933
11062,6,0,0,0.006591853846078497
11063,4,0,1,0.7917667206771127
11064,1,0,0,0.0013933061762311815
11065,5,0,0,0.30631680027491986
11066,8,0,1,0.6486781377160089
11067,1,0,0,0.0010289646378373435
11068,2,0,0,0.000600111438028866
11069,4,0,0,9.35162219416733e-05
11070,2,0,0,0.0032625753639671353
11071,6,0,0,0.0021609780621667397
11072,10,0,0,0.0004129368113284132
11073,10,0,0,0.003155062497718596
11074,5,0,0,0.004362281981357978
11075,2,0,0,0.43644883176328353
11076,10,0,0,0.0004128649646884127
11077,5,0,0,0.0001984549007708851
11078,5,0,0,0.000875023624927409
11079,10,0,0,0.007485346513733301
11080,2,0,0,8.879049163804003e-05
11081,3,0,0,0.001095306069214228
11082,3,0,0,0.013728221826078177
11083,3,0,0,0.0003739116191447037
11084,10,0,0,0.03667679945524191
11085,10,0,0,0.004854934939724437
11086,2,0,0,0.00015845548279700756
11087,2,0,0,0.010837516028307664
11088,1,0,0,0.003335453272227054
11089,10,0,0,0.0001354273269982089
11090,1,0,1,0.9346182011035817
11091,6,0,0,0.023020147875429924
11092,1,0,0,0.0017018426212195674
11093,10,0,0,0.0025760459414650655
11094,7,0,0,0.00027541629821452
11095,2,0,0,0.0008677717608512266
11096,3,0,0,0.00044634028658253346
11097,6,0,0,0.0006819051865124251
11098,10,0,0,0.00021864219871725498
11099,5,0,0,0.002672563000446972
11100,1,0,0,0.4580302203955576
11101,9,0,0,0.00758109358020732
11102,7,0,0,0.0008717014922728123
11103,5,0,0,0.43525527039017675
11104,10,0,0,0.0005682908746452492
11105,7,0,0,0.005613088339539744
11106,2,0,0,0.004499994862757278
11107,6,0,0,0.004204591848202403
11108,6,0,0,0.0001806237475779263
11109,6,0,0,0.0003956988334397098
11110,3,0,0,0.0003068442670910396
11111,3,0,0,0.00017932228068591794
11112,8,0,0,0.0008366337723099725
11113,7,0,0,0.026124897334064704
11114,5,0,0,0.24683795042960355
11115,1,0,0,0.00013444472528681908
11116,9,0,0,0.0007829730554324594
11117,6,0,0,0.0012356174341496258
11118,9,0,0,0.0005820589437235202
11119,10,0,0,0.015008769754601015
11120,1,0,0,0.001199357732739945
11121,5,0,0,0.021542351733494447
11122,5,0,0,0.01444448474011114
11123,6,0,0,0.2763760968221577
11124,7,0,0,0.01884313337968209
11125,3,0,0,0.001810749965635925
11126,10,0,0,0.0013772306252555495
11127,4,0,0,0.002252719172564249
11128,6,0,0,0.0014353216701028114
11129,7,0,0,0.0003287747637196941
11130,2,0,0,0.003338314167816197
11131,2,0,0,0.008347189229466973
11132,2,0,0,0.007947091005662495
11133,2,0,0,0.00012054210279240226
11134,5,0,0,0.0028335180721418126
11135,8,0,0,0.006820058707823879
11136,9,0,0,0.0011460239027378844
11137,9,0,0,0.10251810443831172
11138,10,0,0,0.00014813681989949513
11139,10,0,0,0.0034746903871511266
11140,4,0,0,0.0010390090650796715
11141,1,0,0,0.004520643493247401
11142,5,0,0,0.00016223094445311163
11143,9,0,0,0.0007452325067876558
11144,10,0,0,0.004759740133360589
11145,9,0,1,0.9713055000561627
11146,8,0,0,0.16062461993335742
11147,6,0,0,0.0002985220212516734
11148,5,0,1,0.7805644736711994
11149,8,0,1,0.9928228249870676
11150,10,0,0,0.005049682198729279
11151,4,0,0,0.0018321766162236878
11152,10,0,0,0.003352065029503947
11153,10,0,0,0.03988255252936941
11154,5,0,0,0.0009300390924187786
11155,7,0,0,0.004738156038796885
11156,9,0,1,0.639934951196695
11157,1,0,0,0.001976640649240958
11158,5,0,0,0.007900931084966525
11159,7,0,0,0.06210219515796432
11160,4,0,0,0.00011819580070575409
11161,3,0,0,9.420007326900446e-05
11162,1,0,0,0.037720937626162354
11163,10,0,0,0.0014230165363098245
11164,3,0,0,0.0006414469399142423
11165,3,0,0,0.00011574229451798342
11166,4,0,0,0.07272558707815902
11167,1,0,0,0.0029965968912544776
11168,1,0,0,0.0006828777258192409
11169,5,0,0,0.0049326568257798305
11170,4,0,0,0.002248278166480558
11171,6,0,0,0.003653813038549725
11172,6,0,0,0.013708863870682
11173,4,0,0,0.0003372224115498037
11174,7,0,0,0.0015644959234188181
11175,6,0,0,0.0021827208250003297
11176,9,0,0,0.0013965697163349743
11177,4,0,0,0.00041282051830228677
11178,5,0,0,0.00010953796490515162
11179,4,0,0,0.0009544561891584667
11180,10,0,0,0.04336538921624224
11181,10,0,0,0.0025152091613212845
11182,8,0,0,0.24121230853095565
11183,9,0,0,0.00044715716484219805
11184,8,0,0,0.001971739095853869
11185,2,0,0,0.02283739788839817
11186,1,0,1,0.8083848234539466
11187,6,0,0,0.0006295192211751431
11188,2,0,0,0.24437453618301808
11189,6,0,0,0.00011927652922190256
11190,3,0,0,0.03577897712860931
11191,9,0,0,0.16610769940943115
11192,6,0,0,0.014125720612556963
11193,8,0,0,0.031091197314388655
11194,2,0,0,0.007794206939247418
11195,10,0,0,0.00026971520079524156
11196,7,0,0,0.06684442892981263
11197,8,0,0,0.050678375459042656
11198,6,0,0,0.00026494136467420217
11199,9,0,1,0.5037728475418
11200,9,0,0,0.0010664987955677167
11201,6,0,0,0.17434636197483894
11202,3,0,0,0.02079856002071055
11203,2,0,0,8.011037148066851e-05
11204,10,0,1,0.8019912798250158
11205,6,0,0,0.0010069155157339503
11206,3,0,0,0.03745638034246786
11207,8,0,0,0.00012205438556937746
11208,8,0,0,0.00031337523540765275
11209,8,0,0,0.0012234937670517897
11210,6,0,0,0.0019032765896356938
11211,3,0,0,0.0004974940123335955
11212,1,0,0,0.4501518351860089
11213,6,0,0,0.02702762107208446
11214,1,0,0,0.0009132890745754566
11215,9,0,1,0.9413270371758522
11216,8,0,0,0.13541206905825642
11217,3,0,0,0.013524351295511217
11218,6,0,0,0.008510365039827229
11219,6,0,0,0.006206383574597419
11220,4,0,1,0.9980345265232248
11221,5,0,0,0.005567189763089848
11222,10,0,0,0.003599336155741396
11223,9,0,1,0.6629034959227815
11224,7,0,0,0.0002620845504465999
11225,7,0,0,0.0007852911832268364
11226,7,0,0,0.002975052672699873
11227,2,0,0,0.0034800258181461588
11228,3,0,0,0.0010644359836819634
11229,5,0,0,0.00013355839819301243
11230,3,0,0,0.021528381219429578
11231,7,0,1,0.6740087023465914
11232,2,0,0,0.0011112125633506828
11233,7,0,0,0.01106551960491474
11234,2,0,0,0.0013131125536661138
11235,8,0,0,0.013800844399424255
11236,6,0,0,0.00028857961830663394
11237,9,0,0,0.0004615071146535238
11238,4,0,0,0.0006623320887113749
11239,8,0,0,0.00019878551490059405
11240,10,0,0,0.0009251479281612157
11241,3,0,1,0.9996844079921259
11242,10,0,0,0.0022779315602495017
11243,3,0,0,0.005095846913403568
11244,6,0,0,0.0013477937584087365
11245,6,0,0,0.008072330057397685
11246,2,0,0,0.46033084406053093
11247,4,0,0,0.000581320892790481
11248,9,0,0,0.018615332034178058
11249,2,0,0,0.0034665746901605624
11250,7,0,0,0.00027212871152616514
11251,10,0,0,0.014542732626653246
11252,2,0,0,0.00019144084349965077
11253,6,0,0,0.0008927416074036537
11254,6,0,0,0.010846027912233679
11255,8,0,0,0.00022389127730004416
11256,9,0,0,0.06720311114705292
11257,10,0,0,0.04481093373520841
11258,9,0,0,0.00010583763461817397
11259,4,0,0,0.00013503006041436732
11260,3,0,0,0.1647535932972517
11261,7,0,0,0.0035582476873784775
11262,4,0,0,0.4181495096912431
11263,6,0,0,0.0006941309856674613
11264,8,0,0,0.009950492609021314
11265,3,0,0,0.0024647803003930062
11266,3,0,0,0.00015095948682121874
11267,3,0,0,0.003199429898917323
11268,5,0,0,0.004480878814273507
11269,8,0,0,0.029026788188551974
11270,9,0,0,0.011357045368379042
11271,6,0,0,0.0025947904496263162
11272,9,0,0,0.0054298798164727985
11273,6,0,0,0.007831429499457853
11274,7,0,0,0.0010491525195826365
11275,9,0,0,0.024249464574912574
11276,6,0,1,0.9885903679476339
11277,6,0,1,0.9543210331749399
11278,1,0,0,0.0025376304128969483
11279,2,0,0,0.00022474833009282974
11280,1,0,0,0.00013519446970178178
11281,2,0,0,0.004720298539414471
11282,6,0,0,0.1970201882466501
11283,2,0,0,0.034032361127047946
11284,1,0,0,0.06277753258764901
11285,4,0,0,0.004420127010785658
11286,3,0,1,0.5256057680712594
11287,1,0,1,0.7727656531692924
11288,9,0,0,0.02069195435817399
11289,4,0,1,0.7411057744254974
11290,10,0,0,0.0029253848961154965
11291,1,0,0,0.07634561163262964
11292,6,0,0,0.0012286552489132211
11293,10,0,0,0.01557859732736702
11294,6,0,0,0.008196024550539414
11295,4,0,0,0.00016394502260311147
11296,5,0,0,0.001350127176483233
11297,5,0,0,0.002385335614487725
11298,8,0,0,0.0030448365862747254
11299,5,0,0,0.002522845174067466
11300,1,0,0,0.007817598114084461
11301,7,0,0,0.00016888837882703692
11302,8,0,0,0.0013748445158483188
11303,5,0,0,0.002802518465391471
11304,10,0,0,0.0013879479726666823
11305,2,0,0,0.1012432087421628
11306,10,0,0,0.005164973873220525
11307,6,0,0,0.012372715671956105
11308,4,0,0,0.002184536476408004
11309,3,0,0,0.06743130032386338
11310,6,0,0,0.0027996864634962965
11311,2,0,0,0.011189251822629873
11312,8,0,0,0.00032936625854691916
11313,5,0,0,0.0011471469375047057
11314,5,0,0,0.0006830385209180188
11315,10,0,0,0.000404697984017086
11316,4,0,0,0.08244900399257671
11317,6,0,0,0.024816579102186407
11318,4,0,0,0.03514697436322103
11319,4,0,0,0.0015171287496221965
11320,2,0,0,0.0015297431849381348
11321,4,0,0,0.00043792420278330427
11322,9,0,0,0.3971357468400225
11323,3,0,0,0.0028811398922422874
11324,10,0,0,0.0026152152545542828
11325,1,0,0,0.007480564348006185
11326,7,0,0,0.006464134251872535
11327,4,0,0,0.0006172367975202445
11328,8,0,0,0.0010067083796446354
11329,2,0,0,0.0018719099861889403
11330,5,0,0,0.004123401106336794
11331,9,0,0,0.0010456204072741872
11332,5,0,0,0.006938009287036646
11333,6,0,0,0.0003856103430690624
11334,4,0,0,0.00033935648311660875
11335,6,0,0,0.059924989221106846
11336,8,0,0,0.0007840077201259279
11337,10,0,0,0.005553422167681044
11338,6,0,0,0.0020439756596740796
11339,10,0,1,0.9979652263311959
11340,1,0,0,0.0001825403017895642
11341,3,0,0,0.001041832330412212
11342,2,0,0,0.01650181842599617
11343,9,0,0,0.000192228841849411
11344,1,0,0,0.00587427185698591
11345,10,0,0,0.0005668650201690902
11346,7,0,0,0.0011268926125811666
11347,3,0,0,0.0035525478821709392
11348,10,0,1,0.9101691194159378
11349,5,0,0,0.00557258470292676
11350,9,0,1,0.9961900114283354
11351,5,0,0,0.0030455511707994523
11352,6,0,0,0.005968807547081581
11353,3,0,0,0.0007320665128510917
11354,4,0,0,0.0001892847266471008
11355,2,0,0,0.020729878766155098
11356,9,0,1,0.5093412319794669
11357,5,0,0,0.002109151981888148
11358,8,0,0,0.001598283790001501
11359,9,0,1,0.5317269520938643
11360,3,0,0,0.005900362037922349
11361,3,0,0,0.03599586022048001
11362,7,0,0,0.000575641372432367
11363,6,0,0,0.004458050578705447
11364,3,0,0,0.0293974273130629
11365,1,0,1,0.9787842993540701
11366,3,0,0,0.0004662909637896128
11367,4,0,0,0.007910888174884764
11368,1,0,0,0.001435898427333478
11369,5,0,0,0.001835048453702191
11370,7,0,0,0.00046308353582983036
11371,7,0,0,0.00019793032959213518
11372,6,0,0,0.0018577641374152723
11373,6,0,0,0.021489733551654466
11374,4,0,0,0.00027456000581413983
11375,9,0,0,0.008650727742194407
11376,6,0,0,0.0008951425951289877
11377,10,0,0,0.0014923752444528054
11378,4,0,0,0.01950689056825882
11379,4,0,1,0.982709038905017
11380,1,0,0,0.0012424873317165945
11381,1,0,0,0.0016168175068849695
11382,8,0,0,0.00020768953994452496
11383,7,0,0,0.0014650714923850118
11384,9,0,0,0.0007242881201295584
11385,1,0,0,0.0007121678882150835
11386,10,0,0,0.0016478627589333167
11387,7,0,0,0.0007643670004494423
11388,10,0,0,0.07480445633908482
11389,8,0,0,0.007076711699528911
11390,3,0,0,0.0004590682401978435
11391,10,0,0,0.48816972985104545
11392,3,0,1,0.9991224537198169
11393,8,0,0,0.02132177352166664
11394,10,0,0,0.00011512033787357158
11395,6,0,0,0.0006588216897129712
11396,2,0,0,4.919364449346881e-05
11397,3,0,1,0.8056005971865088
11398,5,0,0,8.679499022782115e-05
11399,4,0,0,0.000660084663461632
11400,7,0,0,0.006874935292014968
11401,9,0,0,0.00019656100335910847
11402,8,0,0,0.003319863266192653
11403,4,0,0,0.014023104131889237
11404,6,0,0,0.0014332469479513888
11405,8,0,0,0.09794518892560548
11406,2,0,0,0.00016007305441263214
11407,8,0,0,0.13922900045257636
11408,7,0,0,0.00034276047566074414
11409,9,0,0,0.0085463954139989
11410,6,0,0,0.005471749161918904
11411,7,0,0,0.2515250369339648
11412,5,0,0,0.0006486921288803599
11413,1,0,0,0.010252122863030063
11414,10,0,0,0.0027042633917580116
11415,8,0,0,0.0026422957988637354
11416,4,0,0,0.0017572166365529785
11417,6,0,0,0.0018866277423614994
11418,1,0,0,0.00037247068305638675
11419,8,0,0,0.3437273529667
11420,3,0,0,0.005332561497286707
11421,3,0,1,0.9616346451569485
11422,8,0,0,0.002557742058746706
11423,3,0,0,0.003702636856248296
11424,2,0,0,0.0006331651232739092
11425,5,0,0,0.0006532318762451774
11426,1,0,0,0.0006067434297446454
11427,4,0,0,0.00094931594202757
11428,4,0,0,0.0003168950171520662
11429,4,0,0,0.00094250934054451
11430,2,0,0,0.0010916240083305834
11431,1,0,0,0.002687011749000355
11432,5,0,0,0.0026756866613796685
11433,6,0,0,0.0008690418431497026
11434,8,0,0,0.0022149909341610493
11435,8,0,0,0.43076302084631357
11436,1,0,0,0.0023257937540389906
11437,8,0,0,0.05351014184282368
11438,4,0,0,0.00032469884400876446
11439,2,0,0,0.0023791612065131498
11440,8,0,1,0.7857462962693551
11441,7,0,0,0.0007876871849111438
11442,1,0,0,0.10705683564400659
11443,8,0,0,0.0002501924993812183
11444,10,0,0,0.0959228643054996
11445,2,0,0,0.00048282497020453756
11446,7,0,0,0.002541863537744453
11447,5,0,0,0.00029937284131600965
11448,1,0,0,0.0012804271152013643
11449,7,0,0,0.006887611428107191
11450,4,0,1,0.6928904124755046
11451,1,0,0,0.007108218960655798
11452,2,0,0,0.002327879653468053
11453,9,0,0,0.008861635557957983
11454,4,0,0,0.0014680988585301419
11455,2,0,1,0.702385969510831
11456,9,0,0,0.002538030156003497
11457,2,0,0,0.00598368523020276
11458,7,0,0,0.0012182120245401787
11459,3,0,0,0.0020691414124644767
11460,6,0,0,0.005770522799228416
11461,5,0,0,0.02473479951304597
11462,5,0,0,0.0005717813770053557
11463,7,0,0,0.00432892114995917
11464,2,0,1,0.9975856512277625
11465,7,0,0,0.0005441715466887012
11466,4,0,0,0.18617226869659007
11467,3,0,0,0.0012001594424831275
11468,2,0,0,3.0380244621935274e-05
11469,4,0,1,0.9864088470515657
11470,5,0,0,0.0004132114152985458
11471,8,0,0,0.0012018833100632723
11472,1,0,0,0.0037561525500266714
11473,2,0,0,0.04696410015566059
11474,5,0,0,0.00020926504686141187
11475,6,0,0,0.0016223802460045345
11476,6,0,0,0.00019800426262141956
11477,6,0,0,0.0003737281141340277
11478,8,0,0,0.001877758144558224
11479,4,0,0,0.00041225827080672783
11480,9,0,0,0.00014759384957123883
11481,7,0,0,0.000418383037973322
11482,6,0,0,0.0006635641351030999
11483,7,0,0,0.0020977004576467006
11484,8,0,0,0.0005237982421928204
11485,3,0,0,0.003639062087111599
11486,7,0,0,0.004224130767914928
11487,2,0,0,0.0004752779627179366
11488,3,0,0,0.4585409892381209
11489,10,0,0,0.0005822214419042433
11490,3,0,0,0.2973853811711886
11491,9,0,0,0.0006161662143973804
11492,10,0,0,0.000664077627304019
11493,4,0,0,0.00016338264793163912
11494,7,0,0,0.010864428908654453
11495,9,0,0,0.0013474196022093883
11496,6,0,0,0.0018444337024789226
11497,4,0,0,0.001550964668558118
11498,8,0,1,0.7163966641461201
11499,3,0,0,0.0008875117523531377
11500,5,0,0,0.4471895905367893
11501,2,0,0,0.0016670538659252195
11502,6,0,0,0.0002391272294305511
11503,7,0,0,0.0025475654210495853
11504,9,0,1,0.9202802353880118
11505,4,0,0,0.05299440094205561
11506,9,0,0,0.44362591716723193
11507,5,0,0,0.00013313182873079
11508,9,0,0,0.017373191399939144
11509,7,0,0,0.0012200600006616162
11510,5,0,0,0.0006089154689824501
11511,6,0,0,0.000887322369212704
11512,1,0,0,0.38033277037500346
11513,2,0,0,0.0006031572029928534
11514,2,0,0,0.007389947989118653
11515,4,0,0,0.002415107924543507
11516,3,0,0,0.009556195663599564
11517,5,0,0,0.0027354457906769063
11518,7,0,0,0.011994014025642907
11519,5,0,0,0.0008911611269886776
11520,8,0,0,0.004147920067438144
11521,2,0,0,3.827338781697456e-05
11522,9,0,0,0.0020990879062301364
11523,2,0,0,8.392461096644845e-05
11524,3,0,0,0.08941300220722363
11525,4,0,0,0.0018753425324624807
11526,5,0,0,9.262434578457263e-05
11527,9,0,0,0.002204809586354463
11528,7,0,0,0.0011661282725870714
11529,3,0,0,0.0006088962208634262
11530,8,0,1,0.9995569261770468
11531,5,0,0,0.00021972547258860685
11532,9,0,0,0.002446690103076332
11533,9,0,0,0.010134904204320037
11534,8,0,0,0.07556793049598623
11535,3,0,0,0.0009208975969905303
11536,2,0,0,0.000757665397229621
11537,4,0,1,0.9652352728884155
11538,5,0,0,0.0031043802529627084
11539,8,0,0,0.4325042352670021
11540,9,0,0,0.00048455366088531775
11541,2,0,0,0.00044983840622740484
11542,6,0,0,0.0011530741161879308
11543,3,0,0,0.000220007194445782
11544,6,0,0,0.0005842061800242477
11545,8,0,0,0.0012529661102913126
11546,2,0,0,0.016087718631765377
11547,10,0,0,0.0038472691872349814
11548,3,0,0,0.03406051483521867
11549,6,0,0,0.0036653868952825066
11550,1,0,0,0.004618719865899137
11551,3,0,0,0.001195754222653492
11552,7,0,0,0.0009789123775002322
11553,7,0,0,0.00043276872684766776
11554,1,0,1,0.9979040347395091
11555,3,0,0,0.008543745804775234
11556,6,0,0,0.0037955158642962697
11557,1,0,0,0.008339964214499711
11558,1,0,0,0.0005229203236680651
11559,10,0,0,0.0010890167739018195
11560,3,0,0,0.0006550737913372148
11561,2,0,0,0.2611359160829428
11562,4,0,0,0.0012064845566161326
11563,4,0,0,0.0022962685071324374
11564,5,0,0,0.00040480086704488335
11565,8,0,0,0.0027568053646268944
11566,7,0,1,0.9740486447462009
11567,4,0,0,0.36691603245388893
11568,6,0,0,0.0016098223216040979
11569,6,0,0,0.0005709505835845585
11570,10,0,0,0.38988983628440343
11571,9,0,0,0.01385529819638757
11572,3,0,0,0.0005081004294759887
11573,4,0,0,0.0017273763188734527
11574,8,0,0,0.0777560251382331
11575,5,0,0,0.0010436082094767484
11576,7,0,0,0.0021256459422575257
11577,8,0,0,0.000827490072093033
11578,1,0,0,0.1626695539411661
11579,2,0,0,0.0761812619708494
11580,7,0,0,6.542400325603706e-05
11581,4,0,0,0.00024066070467762242
11582,3,0,0,0.07098080354999015
11583,1,0,0,0.008694211452801002
11584,8,0,0,0.49704460710401954
11585,4,0,0,0.007022466750893621
11586,4,0,0,0.005059432049001448
11587,3,0,1,0.9929776944729938
11588,9,0,0,0.006060436808275868
11589,8,0,0,0.0023276128425578314
11590,9,0,0,0.012654255612654281
11591,8,0,0,0.0012355828526638686
11592,6,0,0,0.0010343999949879498
11593,4,0,0,0.0013980142158543383
11594,2,0,0,0.0008199342843249286
11595,1,0,0,0.010454401348735171
11596,9,0,0,0.024598779103855016
11597,4,0,0,0.010642432671978959
11598,5,0,0,0.0025908386959616093
11599,4,0,0,0.008436133744572066
11600,9,0,1,0.9918051983149041
11601,9,0,0,0.003462875799028102
11602,2,0,0,0.0011378942558765111
11603,8,0,0,6.651769791751653e-05
11604,2,0,0,0.011118687063690718
11605,10,0,0,0.00179909232084257
11606,7,0,0,0.0007013527519818114
11607,1,0,0,0.00030041891112563213
11608,9,0,0,3.4334863634947635e-05
11609,1,0,0,0.0011357416844021617
11610,5,0,0,0.14587806713977455
11611,9,0,0,0.009593283461987318
11612,8,0,0,0.000550695461588211
11613,10,0,0,0.002086275487416034
11614,8,0,0,0.08685438247403991
11615,3,0,1,0.5014315140581747
11616,1,0,0,0.0056589109416645255
11617,8,0,0,0.000808781060235463
11618,1,0,0,0.0022864837116260426
11619,7,0,0,0.0024557962515230655
11620,8,0,0,0.002243455859608996
11621,6,0,0,0.000142664601859839
11622,7,0,0,0.001711423332355286
11623,3,0,0,0.00128882629986367
11624,10,0,0,0.0011359705770751921
11625,4,0,1,0.9957424514249564
11626,7,0,0,0.0003011580102075211
11627,10,0,0,0.0005364767696017162
11628,9,0,0,0.00038156797799289086
11629,4,0,0,0.059851934869632036
11630,2,0,0,0.0011401674192490368
11631,6,0,0,0.0003755158819699377
11632,10,0,0,0.0005942964299074982
11633,1,0,0,0.0005461248960178704
11634,8,0,0,0.01762349625915416
11635,9,0,0,0.000515385644557968
11636,2,0,0,0.001374839691283522
11637,5,0,0,0.0020333297248034993
11638,2,0,0,0.009082595489376864
11639,5,0,0,0.00025300610105756706
11640,4,0,0,0.00046069218463614346
11641,3,0,0,0.00403450903485873
11642,6,0,0,0.0010711042161488434
11643,5,0,0,0.0037547819061495716
11644,10,0,0,0.00030272174924689596
11645,6,0,0,0.22540996026648777
11646,3,0,0,0.0003549607990466061
11647,8,0,0,0.0004636449626824535
11648,1,0,0,0.0008622794628376226
11649,4,0,0,0.0018214107034639497
11650,8,0,0,0.005149880812479531
11651,1,0,0,0.018976552880271256
11652,1,0,0,0.17133923243432214
11653,2,0,0,0.03943658482734144
11654,4,0,0,0.001321785095943136
11655,5,0,0,0.0025842955457850585
11656,8,0,0,0.0004733954569992645
11657,7,0,0,0.35604284379019024
11658,8,0,0,0.0003007059537607581
11659,1,0,0,0.15956463403767102
11660,6,0,0,5.901099645079075e-05
11661,10,0,0,0.017970086426261703
11662,10,0,0,0.0003156063218485855
11663,5,0,0,0.0003611448444172161
11664,10,0,0,0.0013883375756613284
11665,5,0,0,0.0026789747905059703
11666,8,0,0,0.0001690135628923845
11667,7,0,0,0.02478933302373032
11668,10,0,0,0.007839209007437932
11669,4,0,0,0.0018714668661895314
11670,4,0,0,0.07072350968140238
11671,5,0,0,0.0007820361964861175
11672,6,0,0,0.004783348815315551
11673,4,0,0,0.005193024298191037
11674,6,0,0,0.00032291258633240967
11675,3,0,0,0.0027981825887512233
11676,1,0,0,0.0017859058712373754
11677,9,0,0,0.004498828365050936
11678,6,0,0,0.001631446900965552
11679,8,0,0,0.0033564905207267995
11680,9,0,1,0.7392261318763014
11681,9,0,0,0.0031336118952904274
11682,8,0,0,0.0007418877984205258
11683,8,0,0,0.0033618486544654915
11684,3,0,0,0.05620054822253147
11685,1,0,0,0.002401818459347037
11686,6,0,0,0.04714174658681488
11687,9,0,0,0.00020727297684210085
11688,7,0,0,0.007902695950768552
11689,4,0,1,0.9896649428421006
11690,9,0,0,0.0006747323941149075
11691,2,0,0,0.0037600747132582367
11692,6,0,0,0.004486111753306605
11693,9,0,0,0.015043071817631723
11694,2,0,0,0.00039291732984071925
11695,2,0,0,0.0008324040878542191
11696,8,0,0,0.0075076491809135575
11697,8,0,0,0.0029869636236650064
11698,8,0,0,0.0103170624371074
11699,9,0,0,0.0005512095575334279
11700,5,0,0,0.3314004845984275
11701,8,0,0,0.0007050581356829781
11702,8,0,0,0.019221644523615
11703,2,0,0,0.00233176070563637
11704,2,0,0,0.0003740398835148812
11705,7,0,0,0.0005603569445224071
11706,4,0,0,0.0011680637551895522
11707,5,0,0,0.0075281472705119295
11708,7,0,0,0.00010491432809233496
11709,4,0,0,0.0018687147318442222
11710,7,0,1,0.8134598053975023
11711,4,0,0,0.0005310884501580362
11712,3,0,0,0.0013403802086372637
11713,5,0,0,0.01731063969830499
11714,1,0,0,0.0003362360126875381
11715,4,0,0,0.49889225313954233
11716,3,0,0,0.003211276152998449
11717,10,0,0,9.536162126508474e-05
11718,9,0,0,0.010875053984381542
11719,8,0,0,0.024135942607676528
11720,6,0,0,0.0021447147610321963
11721,10,0,0,0.00028830368344337173
11722,3,0,0,0.00016563769503158667
11723,10,0,0,0.00042555984539222334
11724,5,0,0,0.008821148757022227
11725,1,0,0,0.00015267870264782673
11726,5,0,0,0.0014418037500081849
11727,4,0,0,0.0031125669341910862
11728,10,0,1,0.9992510639450514
11729,4,0,0,0.0016188468928087724
11730,4,0,0,0.00035741707256835504
11731,2,0,0,0.057586900714639275
11732,9,0,0,0.015336418391052035
11733,5,0,0,0.0005525419341937034
11734,5,0,1,0.998728646697149
11735,4,0,0,0.02426144627042729
11736,8,0,0,0.0005458433355190616
11737,4,0,0,0.0008433673742947643
11738,3,0,0,0.0001845344752986048
11739,10,0,0,0.010969846744682
11740,6,0,1,0.9981662143569476
11741,9,0,0,0.008630230141058418
11742,2,0,0,0.10003344601681886
11743,6,0,0,0.00011904279911253984
11744,3,0,0,0.0006963278762207204
11745,8,0,0,0.0005215578247475762
11746,5,0,0,6.577389384938738e-05
11747,9,0,0,0.008194910939753323
11748,5,0,0,0.002937776342439684
11749,8,0,0,0.026482431539440885
11750,4,0,0,0.0005632147876576927
11751,4,0,0,0.0011699616713512298
11752,8,0,0,0.008277631079909
11753,10,0,0,0.024883284918020714
11754,4,0,0,0.0004067644019712265
11755,2,0,0,0.00035882379611593574
11756,2,0,0,0.0001565565850985928
11757,7,0,0,0.0004789246276206777
11758,1,0,0,0.0007248952868827099
11759,9,0,0,0.0003762614930579456
11760,7,0,0,0.0002232735230099141
11761,7,0,0,0.0007600777561383149
11762,5,0,0,0.0007497872630093835
11763,1,0,0,0.0033470453375543598
11764,7,0,0,0.0007215598986984315
11765,8,0,0,0.00014859832936272536
11766,5,0,0,0.0005113270445485789
11767,8,0,1,0.6502637093835919
11768,10,0,0,0.002649161231018471
11769,2,0,1,0.9997147087030613
11770,6,0,0,0.002067324241815003
11771,2,0,0,0.0017617948563691413
11772,3,0,0,0.0002574032157975802
11773,2,0,0,0.0872907223530211
11774,5,0,0,0.002327335277649932
11775,7,0,0,0.002883737453947104
11776,9,0,0,0.0008371975812193379
11777,4,0,0,0.004400362914050925
11778,9,0,0,0.13760753314790228
11779,5,0,0,0.0021477249505139455
11780,3,0,0,0.0009817398078623986
11781,10,0,0,0.022143207574653444
11782,8,0,0,0.0004415350704689365
11783,2,0,0,0.0007052384792238141
11784,1,0,0,0.003635219018179025
11785,9,0,0,0.44174470576984864
11786,6,0,0,0.0007092360477272755
11787,1,0,0,0.0034904150856507714
11788,6,0,0,0.0006957410501368689
11789,2,0,0,0.00110338732173728
11790,1,0,0,0.00023961182628455768
11791,6,0,0,0.000851475861171387
11792,4,0,0,0.016737055866885113
11793,4,0,0,0.012070974541357422
11794,10,0,0,0.0003283445738316308
11795,5,0,1,0.9391561564768774
11796,4,0,0,0.00796255759316161
11797,8,0,0,0.0031852628347025036
11798,6,0,0,0.0021437965860002755
11799,5,0,0,9.111312258984773e-05
11800,10,0,1,0.5117076243475831
11801,8,0,0,0.0013274852445353156
11802,6,0,0,0.0013028360908746116
11803,6,0,0,0.00038101626071947886
11804,10,0,0,0.0016137669615357928
11805,8,0,0,0.04755539834032692
11806,9,0,0,0.0023017132656550916
11807,9,0,0,0.023967520798215257
11808,3,0,0,0.0015665995143498476
11809,1,0,0,0.02108926707496412
11810,10,0,1,0.9955139392134509
11811,2,0,0,0.0008099169867568243
11812,5,0,0,0.003973208684724546
11813,9,0,0,0.002646411243336436
11814,10,0,0,0.00018566631049725987
11815,8,0,0,0.004295932589845726
11816,5,0,0,0.0008329879028394976
11817,2,0,0,0.003670603482883304
11818,8,0,0,0.0007645486559988238
11819,5,0,0,0.002335405074867954
11820,8,0,0,6.411791486806452e-05
11821,7,0,0,0.004291168947118285
11822,4,0,0,0.001503276268653069
11823,1,0,0,0.003897617501036285
11824,9,0,0,0.0003798574152964968
11825,7,0,0,0.0066471034564882635
11826,3,0,0,0.0023099124501806617
11827,6,0,0,0.002354600368999636
11828,5,0,0,0.008674372663556147
11829,10,0,0,0.020421362544399604
11830,10,0,0,3.7839986129148935e-05
11831,5,0,0,0.006984719051652363
11832,3,0,0,0.0008233590754516944
11833,9,0,0,0.05065064216638043
11834,1,0,0,0.0007892594276590949
11835,2,0,1,0.9954945632785477
11836,10,0,0,0.0022577269831617224
11837,8,0,0,0.0004419383552441322
11838,6,0,0,0.008100208911737164
11839,3,0,0,0.013072560824202308
11840,3,0,0,0.1477385857936869
11841,6,0,0,0.002700488128976557
11842,9,0,0,0.03372345607790371
11843,8,0,0,0.0011946735606456875
11844,2,0,0,0.036393572510552516
11845,4,0,0,0.0001386076503562587
11846,2,0,0,0.0013095132566874027
11847,1,0,0,0.00025869884532547826
11848,1,0,0,0.030868058038884982
11849,4,0,0,0.000293809935761438
11850,1,0,0,0.0006633549244196941
11851,2,0,0,0.001216706302618534
11852,1,0,0,0.0004072567120861472
11853,7,0,0,0.0005729175533289009
11854,3,0,0,0.0003962134117713288
11855,1,0,0,0.0006370293725692322
11856,8,0,0,0.0002613252876906422
11857,9,0,0,0.12118041931188814
11858,5,0,0,0.00770305823999473
11859,1,0,0,0.0020943130688329675
11860,4,0,1,0.99838479886488
11861,9,0,0,0.00016244036549714565
11862,3,0,0,0.0007341476835652399
11863,6,0,0,8.360767367477025e-05
11864,9,0,0,0.022250315888077948
11865,9,0,0,0.001944826413589502
11866,9,0,0,0.056507266950944324
11867,5,0,0,0.0010653726278714002
11868,2,0,0,0.00028656862599999133
11869,9,0,1,0.9642778972754249
11870,9,0,0,0.003299595289220743
11871,5,0,0,0.03897470286287584
11872,1,0,0,0.017687648949419436
11873,5,0,0,0.0005269830136241959
11874,1,0,0,0.0048430067137041136
11875,1,0,0,0.005056650996233013
11876,1,0,0,0.0008608548148469264
11877,1,0,0,0.00021010089124306742
11878,10,0,0,0.23440108748633265
11879,10,0,0,0.020985789035446782
11880,7,0,0,0.0030774164137763863
11881,4,0,1,0.9246404296913775
11882,3,0,0,0.0013505237562570066
11883,6,0,0,0.005013510591774919
11884,2,0,0,0.0009901209854025705
11885,10,0,0,0.0011597540555607255
11886,1,0,0,0.02300556664157853
11887,10,0,0,0.0009445787599366101
11888,2,0,0,0.002715921724313258
11889,10,0,0,0.00044969146029391887
11890,8,0,0,0.006932832339352839
11891,5,0,0,0.005375138982937052
11892,2,0,0,0.004000917307913972
11893,9,0,0,0.3919649810011043
11894,7,0,0,0.0035562554517817343
11895,3,0,1,0.9996408733656573
11896,6,0,0,0.3565317157387057
11897,2,0,1,0.7735027451534435
11898,3,0,0,0.0006041893417827824
11899,1,0,0,0.0003082063223094738
11900,10,0,0,0.041491490820871224
11901,5,0,1,0.9817385482324812
11902,2,0,1,0.9988390394354849
11903,4,0,0,0.012285940248086335
11904,1,0,0,0.0009489881656948556
11905,4,0,0,0.0035558561923750946
11906,3,0,1,0.9987056548857787
11907,3,0,0,0.003815763470737041
11908,7,0,0,0.0031769018543164078
11909,4,0,0,0.00024391508737981404
11910,1,0,1,0.5272510701185564
11911,6,0,0,0.00017542640961589503
11912,3,0,0,0.025923588820520198
11913,1,0,0,0.0005699605836469599
11914,6,0,0,0.004254558935112566
11915,6,0,0,0.008156049530888655
11916,9,0,0,0.04697007482592961
11917,9,0,1,0.833025393502872
11918,10,0,0,0.0031138889935848246
11919,10,0,0,0.0011040947355451618
11920,7,0,0,0.0015248104856463423
11921,1,0,0,0.0013406248256891719
11922,5,0,0,0.00016168140522409636
11923,10,0,0,0.00031115038762440344
11924,5,0,0,0.0021870742571220817
11925,1,0,0,0.01768690332622199
11926,4,0,0,0.08528795134631138
11927,8,0,0,0.007096773105917973
11928,4,0,0,0.000503751765932772
11929,4,0,0,0.018296668076341165
11930,4,0,0,0.0002870173688464311
11931,5,0,0,0.0014776794137830178
11932,6,0,0,0.35241468745405274
11933,7,0,0,0.06895749995026575
11934,2,0,0,0.0019379912866475826
11935,4,0,0,0.000208005505872046
11936,4,0,0,0.020020528478708385
11937,9,0,0,0.00023382974168951437
11938,9,0,0,0.011016985788508444
11939,5,0,0,0.09962858401137523
11940,1,0,0,0.04236854291911722
11941,3,0,0,0.001397500076150083
11942,5,0,0,0.0005124485475476606
11943,9,0,0,0.0004716802269207743
11944,10,0,0,0.0016124870817958961
11945,3,0,1,0.9975619652118585
11946,6,0,0,0.0010424148899469518
11947,9,0,0,0.05568479641174454
11948,4,0,0,0.009673669590476752
11949,4,0,0,0.0445914575990035
11950,2,0,0,0.00015439091867954665
11951,4,0,0,0.4681508836534658
11952,10,0,0,0.00023100669533129787
11953,7,0,0,0.0007769558999977821
11954,9,0,0,0.0001763109722314051
11955,10,0,0,0.00046925315499876484
11956,1,0,0,0.0007193098434950199
11957,2,0,0,0.01364579637482556
11958,7,0,0,0.0005764769367680246
11959,10,0,0,0.0011740848771665214
11960,2,0,0,0.00014059586813207353
11961,2,0,0,5.333659799284825e-05
11962,4,0,0,0.0006413316255820708
11963,10,0,0,0.0029872135992376507
11964,5,0,0,0.00043397295303057993
11965,3,0,0,0.005457259279834515
11966,4,0,0,0.0005153651419766186
11967,5,0,0,0.0028680004936463667
11968,10,0,0,0.02077423608401725
11969,7,0,0,0.00043310395964783006
11970,2,0,0,0.0016248904964957663
11971,7,0,0,0.000891021639766199
11972,4,0,0,0.019759403926235493
11973,7,0,0,0.0008880400256864802
11974,4,0,1,0.6305907511713011
11975,8,0,0,0.004440017258288824
11976,2,0,0,0.0013948142693148684
11977,10,0,0,0.0009535395394571726
11978,8,0,0,0.00017317894798305242
11979,3,0,1,0.9988435482244485
11980,10,0,0,0.0016040772930041739
11981,8,0,0,0.0021986354840445727
11982,3,0,0,0.002995284259020383
11983,5,0,0,0.005490156278966052
11984,1,0,0,0.0002534928257467943
11985,4,0,0,0.010116366943837229
11986,1,0,0,0.0006106919996996025
11987,5,0,0,0.0019267314069729544
11988,2,0,0,0.4657676205285266
11989,5,0,0,0.04047225824957792
11990,4,0,0,0.05448053090991724
11991,8,0,0,0.0021883166932214083
11992,7,0,0,0.01661048804841826
11993,5,0,0,0.044933882918134854
11994,1,0,0,0.002508145306314605
11995,7,0,0,0.0006507649223031678
11996,5,0,0,0.4400283237704695
11997,2,0,0,0.00038528828223714535
11998,10,0,0,0.0018591349106976515
11999,8,0,0,0.0002148991680200809
12000,5,0,0,0.0004802800138359198
12001,7,0,0,0.0002920697669296421
12002,5,0,0,0.01156888215622785
12003,7,0,0,0.0041682686305810675
12004,1,0,0,0.0012730282965074898
12005,6,0,0,0.13162684045761747
12006,8,0,0,0.000690085983520662
12007,8,0,0,0.002944074758004166
12008,3,0,0,0.0014732643093035489
12009,3,0,0,7.987405571183398e-05
12010,5,0,0,0.017344294541111863
12011,1,0,0,0.00027866723633372713
12012,8,0,0,0.00042790903427297733
12013,8,0,0,0.007299984641161831
12014,7,0,0,0.0005177713108075739
12015,9,0,0,7.825769154729044e-05
12016,1,0,0,0.001025142640543723
12017,6,0,0,0.0003818340527966815
12018,3,0,0,0.007437295003137253
12019,3,0,0,0.002914251413541577
12020,6,0,0,0.002409963582461167
12021,5,0,0,0.00764861794781697
12022,6,0,0,0.025111329822293714
12023,3,0,0,0.0010874173917045666
12024,6,0,0,0.000980170055619366
12025,2,0,0,0.06704157411600858
12026,9,0,0,0.0005370345415246547
12027,10,0,0,0.009169827144206161
12028,7,0,0,7.704553686901979e-05
12029,9,0,0,0.0025686315492099454
12030,6,0,0,0.002573829743188016
12031,7,0,1,0.9985230819571274
12032,8,0,0,0.008908396342922308
12033,10,0,0,0.06142379323770364
12034,8,0,0,0.005997912070989209
12035,7,0,0,0.003723784531040804
12036,6,0,0,0.0020455070121011337
12037,7,0,0,0.0012651941873295667
12038,6,0,0,0.004175025000113031
12039,6,0,0,0.014169668533616531
12040,9,0,1,0.9866090403177625
12041,5,0,0,0.0003461928033934909
12042,6,0,0,0.0006423641924260875
12043,8,0,1,0.5806007833983308
12044,3,0,0,0.0004602806472711056
12045,6,0,0,0.0074040529775646615
12046,4,0,0,0.004746201507832711
12047,8,0,1,0.5421898938307701
12048,9,0,0,0.006579958670062872
12049,1,0,0,0.0026803685490716595
12050,10,0,0,0.004476844701504466
12051,6,0,0,0.04275899576202961
12052,10,0,0,0.0002532402206225697
12053,2,0,0,5.445902528341761e-05
12054,6,0,0,0.0031505806211133405
12055,9,0,0,0.0009289468720758849
12056,3,0,0,0.0006567118481097653
12057,1,0,0,0.00029167689980891633
12058,1,0,0,0.0004250293053942821
12059,7,0,0,0.20376296753591577
12060,2,0,0,0.00048499276594636683
12061,3,0,0,0.0002457161786205674
12062,6,0,0,0.0061668723546722485
12063,8,0,0,0.007511413907667476
12064,10,0,0,0.0007442293985509195
12065,7,0,0,0.0017854340010239524
12066,1,0,0,0.47057448700202675
12067,1,0,0,0.0019501089588710371
12068,8,0,0,0.0010523772113540009
12069,6,0,0,0.015720484196201135
12070,8,0,0,0.015037386824228935
12071,2,0,0,0.0076237578595206345
12072,6,0,0,0.0006975885463750084
12073,9,0,0,0.007783839325429889
12074,5,0,0,0.004440013452742995
12075,7,0,0,0.00017541158987424438
12076,9,0,0,0.0005159281541742142
12077,9,0,0,0.23841493566880204
12078,5,0,1,0.8794355438189875
12079,10,0,0,0.03747912986833613
12080,6,0,0,0.0037314639781272493
12081,10,0,0,0.003143846460117514
12082,9,0,0,0.017579031115007897
12083,8,0,0,0.0019219259287087944
12084,8,0,0,0.29829987407301317
12085,4,0,0,0.0019732845369332007
12086,5,0,0,0.00031917282022065707
12087,6,0,0,0.00041957207677497136
12088,2,0,0,0.00034643704091932306
12089,5,0,0,0.06892147170648488
12090,8,0,0,0.0023955095770187315
12091,5,0,0,0.000252293825276425
12092,10,0,0,0.0007159369452617159
12093,2,0,0,0.04154115313209236
12094,9,0,0,0.03060409817160201
12095,8,0,0,0.000706712659595366
12096,7,0,0,0.0047025903912595425
12097,4,0,0,0.0005990598621046062
12098,4,0,0,0.09821272057804038
12099,7,0,0,0.008177602224508947
12100,5,0,0,0.0005637873891294465
12101,4,0,0,0.004538526650331091
12102,1,0,0,0.0016487781900250502
12103,6,0,0,0.0008715982941167556
12104,4,0,0,0.035666275946194356
12105,4,0,0,0.36396769617896296
12106,6,0,0,0.1952025809278532
12107,2,0,0,0.0015169555334463012
12108,2,0,0,0.0731949957142906
12109,8,0,0,0.3921059211909435
12110,9,0,0,0.03840660802172162
12111,8,0,1,0.9641864802248998
12112,4,0,0,0.002630178621683057
12113,1,0,0,0.11329036632029764
12114,2,0,0,0.003284116371489014
12115,8,0,0,0.12852223130726761
12116,1,0,0,0.0022601404269354227
12117,3,0,0,0.011494810175414987
12118,6,0,0,0.07756918127247611
12119,8,0,0,0.003827731791718878
12120,8,0,1,0.8030489432819652
12121,7,0,0,0.0007969969028377729
12122,6,0,0,0.0035118988908095818
12123,2,0,0,0.006209997644603294
12124,9,0,0,0.00019335736005303433
12125,5,0,0,0.0004331178724174184
12126,6,0,0,0.46935772439539286
12127,5,0,0,0.0010926236107277006
12128,3,0,1,0.740266119448292
12129,8,0,0,0.001543410513539604
12130,4,0,0,0.012975920218792633
12131,2,0,1,0.6779326241880168
12132,8,0,0,0.0021136587140695388
12133,2,0,0,0.0021303827737590973
12134,8,0,0,0.054907016577379994
12135,3,0,0,0.0018328250071969478
12136,9,0,0,0.0003364625719356609
12137,8,0,0,0.0038623859088736906
12138,5,0,0,0.00018707314758270374
12139,2,0,0,0.2358962246423063
12140,5,0,0,0.1646994516565986
12141,1,0,0,0.0021445300685395837
12142,1,0,0,0.0024138669734066294
12143,2,0,0,0.00029026960236417255
12144,9,0,0,0.0072813610900123345
12145,3,0,1,0.7450321250153054
12146,5,0,0,0.0029547830516860906
12147,2,0,0,0.000415976783024309
12148,1,0,0,0.00045298332028064885
12149,1,0,0,0.05462123902430998
12150,6,0,0,0.00412833604719926
12151,1,0,0,0.00767865669794217
12152,8,0,0,0.0016165968412298034
12153,8,0,0,0.12730663254611274
12154,2,0,0,0.0004863145791750933
12155,10,0,0,0.0010516015582990338
12156,8,0,0,0.0007135692565596741
12157,4,0,0,0.006782475486470611
12158,3,0,0,0.00013996851142910802
12159,10,0,0,0.0009704319786460352
12160,3,0,0,0.0008310812200869801
12161,2,0,0,0.00014499662475225564
12162,7,0,0,0.0016638633840866863
12163,3,0,0,0.006174907563031935
12164,2,0,0,0.0029667647779436537
12165,2,0,0,0.0010338411870111017
12166,3,0,0,0.018315236765966462
12167,1,0,0,0.008885528943382676
12168,7,0,1,0.9661733523244451
12169,9,0,0,0.019431225725156168
12170,9,0,0,0.0016815647419123015
12171,7,0,0,0.001314010368494752
12172,8,0,1,0.7287403092591918
12173,4,0,0,0.000538027992044653
12174,2,0,0,0.0013297752021364645
12175,7,0,0,0.002229921296273203
12176,5,0,0,0.11746440916304846
12177,3,0,0,0.00033032593964164414
12178,2,0,0,0.0009746771766527098
12179,2,0,0,0.0027922770981685303
12180,4,0,0,0.0062107316962176215
12181,7,0,0,0.01233433766056214
12182,2,0,0,0.00174326477968158
12183,7,0,0,0.0016617476554038786
12184,4,0,0,0.0006854923787005167
12185,7,0,0,0.08084314308722869
12186,7,0,0,0.004160393347157398
12187,7,0,0,0.013096126935799347
12188,3,0,0,0.0037496632083200464
12189,4,0,0,0.0009428708986713761
12190,7,0,0,0.0005164829977216248
12191,8,0,0,0.0005578778668711723
12192,1,0,0,0.00040603921548164356
12193,6,0,0,0.0002966864144164522
12194,6,0,0,0.00037033739931548355
12195,7,0,1,0.7763032337167922
12196,6,0,0,0.004666347851460687
12197,4,0,0,0.00917703407126492
12198,1,0,0,0.001426391762863704
12199,7,0,0,0.0196071510532494
12200,10,0,0,0.0004103105840624205
12201,9,0,0,0.004498828365050936
12202,10,0,0,0.12998870823544048
12203,10,0,0,0.019019112040349555
12204,10,0,0,0.004706228700973953
12205,10,0,0,0.018620780554176482
12206,6,0,0,0.005935848671187732
12207,5,0,0,0.00303510850451938
12208,7,0,0,0.0012693652104487983
12209,5,0,0,0.00046803702579323943
12210,1,0,0,0.47573143906720045
12211,2,0,0,0.0035403628376777956
12212,10,0,0,0.19608898297985242
12213,8,0,0,0.00012197446679898667
12214,6,0,0,0.0006658082185424805
12215,4,0,0,0.00034104006670341875
12216,6,0,0,0.0002187518831740747
12217,10,0,0,0.014808912563194955
12218,5,0,0,0.12091792472706461
12219,5,0,0,0.0015630855005410308
12220,6,0,0,0.0002621332356671182
12221,2,0,0,0.0020984175346105446
12222,10,0,1,0.9996057977860471
12223,10,0,0,0.06878850880438558
12224,4,0,0,0.0007248057850122583
12225,4,0,0,0.02208187565250118
12226,1,0,0,0.017220519743664522
12227,10,0,0,0.0036555372071484333
12228,3,0,0,0.001336962519191584
12229,2,0,0,0.011597436273149353
12230,9,0,0,0.009506249193811447
12231,8,0,0,0.010665961545859151
12232,3,0,0,0.001594983188741709
12233,9,0,0,0.0037107363480319436
12234,8,0,0,0.01700669514207702
12235,1,0,0,0.003754065454708397
12236,1,0,0,0.0010315054785697522
12237,9,0,0,0.0008275778579460282
12238,2,0,0,0.0011030786898912986
12239,8,0,0,0.1856830573648109
12240,2,0,1,0.9971368688581773
12241,9,0,0,0.0013120401947647237
12242,3,0,0,0.0002697693803120265
12243,2,0,0,0.0010347444280913707
12244,5,0,0,0.0006290439504551107
12245,4,0,0,0.0007740076280671292
12246,10,0,0,0.001806717837649596
12247,4,0,0,0.004237718800603455
12248,2,0,0,0.00120249406770307
12249,6,0,0,0.0009876060784120254
12250,10,0,0,0.13665047854625445
12251,2,0,0,0.004822781115586166
12252,4,0,0,0.00016966214544833505
12253,1,0,0,0.003776033169247471
12254,3,0,0,0.010472791843750167
12255,10,0,0,0.0009750879333034807
12256,2,0,0,0.0002572759440911297
12257,9,0,0,0.0017315390052949355
12258,4,0,0,0.008315898493084912
12259,1,0,0,0.09097930391068379
12260,7,0,0,0.0003133542666515379
12261,2,0,0,0.0019342973663833986
12262,9,0,1,0.5776016904361624
12263,4,0,0,0.0006511668641128723
12264,5,0,0,0.0014221864607512544
12265,10,0,0,0.00021914005812068726
12266,8,0,0,0.0036472580270579466
12267,7,0,0,0.0024617915103804155
12268,9,0,0,0.011451034028138123
12269,4,0,0,0.00046088619634330173
12270,7,0,1,0.992067047382968
12271,7,0,0,0.005138394953189155
12272,10,0,0,0.00014595890486242646
12273,10,0,0,0.000569104671265427
12274,1,0,0,0.2027465136058006
12275,8,0,0,0.01635858019737792
12276,8,0,0,0.0001771445609011966
12277,1,0,0,0.0007488043223668489
12278,10,0,0,0.00012667738865550953
12279,6,0,0,0.009292506985892663
12280,8,0,0,0.00013497335136992275
12281,6,0,0,0.2437128404868091
12282,2,0,0,0.0018842711221863364
12283,8,0,0,0.004584058299623068
12284,4,0,0,0.0004154640102628982
12285,5,0,0,0.00011942060877514296
12286,4,0,0,0.0007603935346430778
12287,7,0,0,0.00013157743584625112
12288,5,0,0,0.00547748568838144
12289,4,0,0,0.005889506773684975
12290,8,0,0,0.08719827254544762
12291,3,0,0,0.00025799922726275914
12292,2,0,0,0.019962448946961395
12293,1,0,0,0.001124249018875196
12294,6,0,0,0.0012063623846695147
12295,7,0,0,0.00802956589082684
12296,4,0,0,4.880621255591755e-05
12297,3,0,0,0.0006130615388422736
12298,9,0,0,0.001094358837742278
12299,7,0,0,0.0065826273228730805
12300,4,0,0,0.004234998401914198
12301,7,0,0,0.0015995081743322118
12302,8,0,0,0.0007926726578785538
12303,9,0,0,0.0024958757220202325
12304,9,0,0,0.0015804972012159896
12305,8,0,0,0.008773770538018092
12306,3,0,0,0.0002499076294620683
12307,3,0,0,0.00038929639960331617
12308,1,0,0,0.007713684933644925
12309,2,0,0,0.0016622868446287205
12310,6,0,0,9.899415716148552e-05
12311,9,0,0,0.00031902154472232704
12312,5,0,0,0.0005353735777233319
12313,4,0,0,0.11165692532094504
12314,3,0,0,0.0004882919834914963
12315,7,0,1,0.735683733496407
12316,6,0,0,0.039901700934861416
12317,5,0,0,0.006502168062994133
12318,6,0,0,0.003440783112129709
12319,6,0,0,0.00012521325261082163
12320,9,0,0,0.01580253616874747
12321,5,0,0,0.0012614555863778064
12322,2,0,0,0.000810496714433329
12323,4,0,0,0.007878202664209693
12324,7,0,0,0.003016168183670213
12325,2,0,0,0.0006763745446170471
12326,6,0,0,0.002971791800686117
12327,4,0,0,0.23228650261555797
12328,1,0,0,0.4760449255480628
12329,9,0,0,0.0006568072542512504
12330,10,0,0,0.018184000875882483
12331,4,0,0,0.0004571991309241624
12332,6,0,0,0.008392856207838709
12333,9,0,0,0.0008922540754727746
12334,5,0,0,0.00014541686622189954
12335,9,0,0,0.17533668886066614
12336,4,0,0,0.00025427309501514507
12337,1,0,0,0.004766668832604594
12338,10,0,0,0.00027575641540899664
12339,1,0,0,0.0008722676732347726
12340,2,0,0,0.0005287802021064688
12341,6,0,0,0.0010286293138632968
12342,7,0,0,0.004201699145177836
12343,8,0,0,0.001330750503915148
12344,5,0,0,0.0010481939461399847
12345,2,0,1,0.9981880798173732
12346,9,0,0,0.00011894164407429922
12347,8,0,0,0.0010183758226184302
12348,8,0,0,0.36888737084986156
12349,3,0,1,0.6848441089183455
12350,8,0,0,0.10289738073732188
12351,9,0,0,0.011405756366170066
12352,2,0,1,0.9846541297726945
12353,5,0,1,0.9729531165864325
12354,6,0,0,0.00019939027145009575
12355,7,0,1,0.9983113721733371
12356,6,0,0,0.0001997763135458159
12357,7,0,0,0.0004753409008990495
12358,1,0,0,0.00860829452018879
12359,5,0,0,0.0002917677154597244
12360,4,0,0,0.0008081821213526532
12361,2,0,1,0.9579688151639427
12362,8,0,0,7.138403145479021e-05
12363,5,0,0,0.0002096696130376966
12364,1,0,0,0.00011450213233644464
12365,8,0,0,0.006316683969331672
12366,1,0,0,0.0002661587191760471
12367,10,0,0,0.005162995126881064
12368,8,0,0,0.014049490575465473
12369,2,0,0,0.0007343064072472301
12370,9,0,1,0.8177636698379237
12371,2,0,0,0.0002518221934935618
12372,8,0,0,0.1536869950685995
12373,1,0,0,0.0002739886380031737
12374,4,0,0,0.0005841052589358831
12375,8,0,0,0.004231932625281223
12376,10,0,1,0.9990265105974079
12377,7,0,0,0.0034328767441452073
12378,10,0,0,0.0007498892636194496
12379,2,0,0,0.0003914577154645611
12380,7,0,1,0.9505359219262196
12381,3,0,0,0.0003617790613950638
12382,8,0,0,0.00018232940733189587
12383,2,0,0,0.01582685928498629
12384,4,0,0,0.00019746291827039145
12385,2,0,0,0.0025116496476073106
12386,4,0,0,0.0011731866885257723
12387,4,0,0,0.0018875714585561952
12388,7,0,0,0.0003491596046193375
12389,5,0,0,0.018436286969002128
12390,6,0,1,0.9890141684824714
12391,10,0,0,0.0016671479854551917
12392,2,0,0,0.00022174151832505485
12393,7,0,0,0.073822915809053
12394,5,0,0,0.0005232816966609563
12395,7,0,0,0.0004811992455928684
12396,6,0,0,0.0006353937911415878
12397,9,0,0,0.0037400241083631485
12398,6,0,0,0.0002596770858537386
12399,8,0,0,7.393012563161532e-05
12400,4,0,1,0.8996590368154006
12401,10,0,0,0.002224849900584054
12402,6,0,0,0.00017247153295710572
12403,3,0,0,0.013087514092546642
12404,1,0,0,0.00034624201978093576
12405,1,0,0,0.0009947276314782347
12406,7,0,0,0.002652850368497689
12407,2,0,0,0.24082144375616876
12408,3,0,1,0.9358227888453179
12409,5,0,0,0.00234222053832397
12410,4,0,0,0.002807311938910086
12411,10,0,0,0.00019693972992523525
12412,6,0,0,0.0019287726234127204
12413,4,0,1,0.9972974869914234
12414,4,0,0,0.000501274572661861
12415,10,0,0,0.0007976202109057241
12416,7,0,0,0.0002578419842954831
12417,4,0,0,0.0017367347015987491
12418,5,0,0,0.004436811759226019
12419,7,0,1,0.999731519504589
12420,10,0,0,0.001975852941762035
12421,9,0,0,0.014286235720620603
12422,1,0,0,0.004378651821731249
12423,2,0,0,0.0038620224042715187
12424,1,0,0,0.0008538173739143162
12425,2,0,0,0.006806206314848049
12426,3,0,0,0.001025408793247713
12427,6,0,0,0.00035751291313232804
12428,3,0,1,0.9856831526323884
12429,1,0,0,0.15334054623257343
12430,1,0,0,0.0006885244020641219
12431,10,0,0,0.02321472040879225
12432,8,0,0,0.002423766904596271
12433,6,0,0,0.0005757734128173239
12434,9,0,0,0.004118665195166402
12435,5,0,0,0.002544472767492412
12436,7,0,0,0.0003732156601780292
12437,6,0,0,0.035694372236212676
12438,10,0,0,0.0005596586176965421
12439,2,0,0,0.484081214323286
12440,10,0,0,0.07869088972931249
12441,6,0,0,0.0011130680786924046
12442,7,0,0,0.004789279767804341
12443,6,0,0,0.002606307678947837
12444,8,0,0,0.2472006440409807
12445,6,0,1,0.5862636594765868
12446,9,0,0,0.00219991675149054
12447,5,0,0,0.0014620149455525343
12448,5,0,0,0.00010331954724321569
12449,6,0,0,0.37362851517072504
12450,10,0,0,0.013112532109943299
12451,10,0,0,0.0009949424064242503
12452,10,0,0,0.013428598017201556
12453,10,0,0,0.007289421996967942
12454,3,0,0,0.0003132108480794783
12455,8,0,0,0.22423775668555748
12456,8,0,1,0.8092651154601068
12457,3,0,0,0.10065797980449889
12458,5,0,0,0.0013542156030486767
12459,7,0,0,0.00022998941577457736
12460,2,0,0,0.00292890342280599
12461,5,0,0,0.004271762633477949
12462,3,0,0,0.011134335571949457
12463,5,0,0,0.0017237065132740602
12464,1,0,0,0.002029349824441328
12465,1,0,0,0.0001678671770267293
12466,5,0,0,0.0018343652242234986
12467,8,0,0,0.0010582097506456794
12468,6,0,1,0.9997109098821529
12469,8,0,0,0.00018057124241259285
12470,7,0,0,0.0028249065158028625
12471,8,0,0,0.0010471334974015579
12472,7,0,1,0.9581461829363314
12473,6,0,0,0.0018186667422611328
12474,2,0,0,0.0047634249899570855
12475,2,0,0,8.123271324790498e-05
12476,5,0,0,0.022942318557206194
12477,4,0,0,0.030443208977435656
12478,4,0,0,0.002446244039104084
12479,9,0,0,0.00019553824217415395
12480,4,0,0,0.00028007137003194406
12481,8,0,0,0.009813493804492382
12482,5,0,0,0.005758026068152201
12483,6,0,0,0.0002467922578537066
12484,7,0,0,0.000365348828548761
12485,4,0,0,0.0032137787162581305
12486,6,0,0,0.0003744161188142965
12487,8,0,0,0.024148221998890926
12488,10,0,0,0.001824276304891642
12489,1,0,0,0.03396940120763972
12490,9,0,0,0.004409925655905459
12491,2,0,0,0.003783189325667866
12492,1,0,0,0.002164508808662841
12493,4,0,0,0.10529679575371043
12494,9,0,0,0.011569316147099079
12495,2,0,0,0.0009398362210486337
12496,5,0,0,0.0009154992022593757
12497,3,0,0,0.0007655078960341414
12498,10,0,1,0.9807249830819433
12499,6,0,0,0.11568963615098495
12500,5,0,0,0.001295363593717091
12501,10,0,0,0.002087202675894952
12502,9,0,0,0.02741958142493911
12503,2,0,0,0.00044057144232329394
12504,5,0,1,0.968354658878972
12505,7,0,0,0.3434571827839167
12506,8,0,0,0.0038799648934836565
12507,1,0,0,0.004343797537548364
12508,10,0,0,0.0027636927625877693
12509,6,0,0,7.325977858282457e-05
12510,10,0,0,0.006067228523453295
12511,9,0,0,0.051206226783775295
12512,1,0,0,0.025178791714680848
12513,4,0,0,0.002244644234731438
12514,3,0,0,0.005192809834911934
12515,6,0,1,0.9933741391880484
12516,7,0,0,0.0061415717661269615
12517,6,0,0,0.0029225759803701247
12518,7,0,0,0.003282735875950921
12519,7,0,0,0.0005200192542855263
12520,5,0,0,0.005624297315825161
12521,8,0,0,0.00031490004781875336
12522,4,0,0,0.09240215841413249
12523,2,0,0,0.006240404225026397
12524,6,0,0,0.001500880950988966
12525,3,0,0,0.0003170345114443297
12526,7,0,0,0.0012619048932691968
12527,9,0,0,0.0007589494863751889
12528,1,0,0,0.004990834585945864
12529,2,0,0,0.0006372590833146623
12530,9,0,1,0.6655150945372093
12531,10,0,0,0.004717020138635693
12532,2,0,0,0.0009397222818023511
12533,8,0,1,0.9219432108573267
12534,2,0,0,0.035513216147024095
12535,4,0,0,0.02118344543273262
12536,9,0,0,0.0001693066158953023
12537,8,0,0,0.0015428614117076393
12538,6,0,0,0.0011733969014804816
12539,3,0,1,0.7428741844683584
12540,9,0,0,0.000863272023654214
12541,4,0,0,4.280649086362104e-05
12542,10,0,0,0.006016985834433547
12543,3,0,0,0.002415355862454895
12544,4,0,0,0.015613755327915892
12545,2,0,0,0.00044640590010762735
12546,4,0,0,0.005538055975988293
12547,9,0,0,0.0004980137142402828
12548,4,0,0,7.642066507207577e-05
12549,1,0,0,0.0006580404614682629
12550,7,0,0,0.13665670659842233
12551,5,0,0,0.02200150569626466
12552,4,0,0,0.0008417621332515974
12553,9,0,0,0.006023669310358264
12554,7,0,0,0.0024656530434079317
12555,7,0,0,0.002207543230158307
12556,7,0,0,0.0022563569490156653
12557,1,0,0,0.00491520979330304
12558,8,0,0,0.0014176238080238594
12559,9,0,0,0.051959154772006175
12560,4,0,0,0.0004198625834338608
12561,2,0,0,0.002973306973218092
12562,6,0,0,0.001959924745613913
12563,3,0,0,0.0009293763684957957
12564,1,0,0,0.002433662485889936
12565,1,0,0,0.00018633645855010145
12566,9,0,0,0.0002895072421603459
12567,4,0,0,0.003337547020357068
12568,6,0,0,0.12729532986620365
12569,6,0,0,0.0005645669032672109
12570,9,0,0,0.00014157414922889353
12571,9,0,0,0.0030216032713988403
12572,5,0,0,0.0010395647834563104
12573,4,0,0,0.00020486800361521848
12574,7,0,0,0.00038279704301572064
12575,6,0,0,0.00011781054574412354
12576,4,0,0,0.00011026794023802842
12577,5,0,1,0.6144139175403601
12578,1,0,0,0.19363319027931292
12579,8,0,0,0.0008101036012911367
12580,7,0,0,0.003042536020828723
12581,9,0,0,0.0023913407872203953
12582,4,0,0,0.000946580647276264
12583,7,0,0,0.17468847136100113
12584,6,0,0,0.0009723345611900773
12585,7,0,0,0.18087813072109105
12586,1,0,0,0.4950450613919285
12587,7,0,0,0.006106122550250481
12588,5,0,0,0.004714918594858144
12589,7,0,0,7.378651808392675e-05
12590,4,0,0,0.006641587548490594
12591,3,0,0,0.010681039817990796
12592,9,0,0,0.00042953160163090463
12593,9,0,0,0.000539339530142761
12594,9,0,0,0.047580728904158695
12595,10,0,0,0.018157175034158212
12596,8,0,0,0.01821385030983183
12597,2,0,0,0.01713767414433507
12598,3,0,0,0.012670148725179901
12599,2,0,0,0.18961548819186072
12600,7,0,0,0.002144607723986622
12601,5,0,0,0.0007563331542783277
12602,6,0,0,0.17195984558474914
12603,1,0,0,0.000979159039405858
12604,3,0,0,0.0016101805968893347
12605,1,0,0,0.0009822225676907272
12606,6,0,0,0.0009891331478500483
12607,5,0,0,0.0015245897762609269
12608,4,0,1,0.9456487237892757
12609,3,0,0,0.020846658155716118
12610,9,0,0,0.0004485974785209684
12611,2,0,0,0.0008911173710400616
12612,10,0,0,0.00010700367431744973
12613,8,0,0,0.001076735533374116
12614,7,0,0,0.0007346494304738819
12615,6,0,1,0.8843124167184306
12616,5,0,0,0.0015448393460203917
12617,2,0,0,0.00584107801963526
12618,6,0,0,0.026593867873995612
12619,3,0,0,0.11632185869049072
12620,5,0,0,0.0007483234521930073
12621,10,0,0,0.0003053960345368543
12622,7,0,0,0.00044224258456405523
12623,10,0,0,0.011803234891654645
12624,6,0,0,0.00028239644553439326
12625,6,0,0,0.001592950657531882
12626,7,0,0,0.0006492733803117239
12627,1,0,1,0.7385111759991413
12628,1,0,1,0.8866567480903824
12629,6,0,0,0.06041432409296275
12630,7,0,0,0.012439420899807244
12631,9,0,0,0.00013806870323653208
12632,8,0,0,0.0017479693466375193
12633,9,0,0,0.02696794719266004
12634,2,0,0,0.22015729847315169
12635,8,0,0,0.01850043189594702
12636,1,0,0,0.15165519671364214
12637,4,0,0,0.0006194351956690825
12638,1,0,0,0.023763401161071465
12639,9,0,0,0.0004470661948353054
12640,3,0,0,0.0004050027479692073
12641,7,0,0,0.005658781551154117
12642,8,0,0,0.0008263717822780643
12643,5,0,0,0.0028976896746370382
12644,8,0,0,0.06215603952317322
12645,10,0,0,0.007121728469646048
12646,3,0,0,0.00493476263469762
12647,2,0,1,0.9989528831211345
12648,3,0,0,0.006998776398080634
12649,4,0,0,0.0006154846974968447
12650,6,0,0,0.0006973292423154723
12651,9,0,0,0.04376050234065776
12652,5,0,0,0.0036098602780224535
12653,10,0,0,0.0019668751709228864
12654,5,0,1,0.7152385051789751
12655,5,0,0,0.0020642382921617604
12656,6,0,0,0.013941075575226695
12657,6,0,0,0.0020890189582316956
12658,9,0,0,0.0001955285079081306
12659,6,0,0,0.00027871247204852594
12660,5,0,0,0.0005401019595343532
12661,1,0,0,0.0002811210580385993
12662,9,0,0,5.8125371194263e-05
12663,9,0,0,0.0005005803337729894
12664,3,0,0,0.0026735498784139244
12665,1,0,0,0.0007996759007742706
12666,1,0,0,0.012268803000010601
12667,5,0,0,0.0015887096560196824
12668,6,0,1,0.6997408921694789
12669,3,0,0,0.00026609442156400146
12670,5,0,0,0.02982503365692846
12671,1,0,0,3.2735268465945097e-05
12672,3,0,0,0.011831266970584208
12673,6,0,0,0.03281524892531657
12674,2,0,0,0.0003314705361137056
12675,2,0,0,0.00013759731735788112
12676,3,0,0,0.0020412297638653988
12677,6,0,0,0.0013434957437687752
12678,4,0,0,0.006441551043912943
12679,8,0,0,0.26140733335920563
12680,2,0,0,0.0008503076043821455
12681,2,0,0,0.0022961670083960434
12682,7,0,0,0.0008740169931566963
12683,9,0,0,0.28636196058218233
12684,6,0,0,0.00034603876849848513
12685,6,0,0,0.024523388308071544
12686,2,0,0,0.00122769996941503
12687,3,0,0,0.0037401312077260536
12688,7,0,0,0.002901274268967397
12689,3,0,0,0.0004789014286684153
12690,6,0,0,0.0003660640493794046
12691,5,0,0,0.005389057713820419
12692,3,0,0,0.0015781821508941117
12693,6,0,0,0.0005863032045942522
12694,5,0,0,0.1184571270233046
12695,9,0,0,0.0043589819492888485
12696,5,0,0,0.0007350108356887187
12697,8,0,0,0.005131686327668614
12698,5,0,0,0.002079662720753484
12699,7,0,0,0.0010063747135268324
12700,5,0,0,0.0009999175871489273
12701,6,0,0,0.0016118475692360524
12702,6,0,0,0.0012936864193121742
12703,5,0,0,0.0009358698792546216
12704,10,0,0,0.003944503516889537
12705,4,0,0,0.19954978909726467
12706,1,0,0,0.0020733615679270866
12707,8,0,0,0.0013354696932114957
12708,5,0,0,0.0009348340085349358
12709,3,0,0,0.0010958921463940867
12710,6,0,0,0.0001425767245912491
12711,9,0,0,0.000983385955652949
12712,9,0,0,0.0013058794002739579
12713,4,0,0,0.01138223471199548
12714,8,0,0,0.0028150764621414264
12715,8,0,0,0.0014869196728704139
12716,5,0,0,0.004167272599800942
12717,6,0,0,0.00880058204443617
12718,5,0,0,0.10183410357665124
12719,6,0,0,0.005604207320930677
12720,2,0,0,0.001488578610604717
12721,2,0,0,0.009575291123228472
12722,7,0,0,0.005802039303615666
12723,9,0,0,0.00017031786926123338
12724,7,0,0,0.00016254748699510445
12725,3,0,0,0.00019482415096871994
12726,3,0,0,0.17101375891202564
12727,10,0,0,0.0022823629035636775
12728,4,0,1,0.9987335722398829
12729,5,0,0,0.003216623860359957
12730,10,0,0,0.0008156860456014828
12731,7,0,0,0.000354627499922545
12732,7,0,0,0.0005023368995572011
12733,4,0,0,0.0026334790342423314
12734,8,0,0,0.006158149019563023
12735,9,0,0,0.03870887082134846
12736,2,0,0,0.02757700471073992
12737,5,0,0,0.0034963103342197884
12738,3,0,0,0.001744542669391687
12739,2,0,1,0.8629516173110143
12740,4,0,0,0.026665561237886243
12741,10,0,1,0.9493562835349869
12742,6,0,0,0.000921069485345684
12743,3,0,1,0.9908841339298549
12744,7,0,0,0.01040973566167916
12745,2,0,0,0.0007227890815113531
12746,5,0,1,0.9989273622037182
12747,10,0,0,0.0020446821767277066
12748,9,0,0,0.01659012449385642
12749,5,0,0,0.003541425269247319
12750,2,0,0,0.023659317362502548
12751,7,0,0,0.000392800740392309
12752,2,0,0,0.0002554359588949518
12753,4,0,0,0.001032771286814755
12754,10,0,1,0.9463517921132716
12755,7,0,1,0.9861115142046329
12756,10,0,0,0.00021306297867687394
12757,6,0,1,0.9991984450775104
12758,8,0,0,0.0007179157075717154
12759,10,0,0,0.0021508904059228187
12760,6,0,0,0.00013515859555534023
12761,7,0,0,0.0006049764527043852
12762,8,0,0,0.0021678110289290392
12763,6,0,0,0.0025496154662472755
12764,3,0,0,0.004651338173143368
12765,9,0,0,0.0012658880660541964
12766,2,0,0,0.001713233301372391
12767,3,0,0,0.00012674702318204572
12768,1,0,0,0.0019659133027994376
12769,2,0,0,0.0002805891963405504
12770,10,0,0,9.640760177832795e-05
12771,8,0,0,0.006008121932860642
12772,2,0,0,0.0006051354220417577
12773,9,0,0,0.0001426036168277968
12774,2,0,0,0.00017835675743693483
12775,4,0,1,0.7402820953078523
12776,4,0,0,0.004798040171020741
12777,8,0,1,0.8641331356006151
12778,5,0,0,0.25039838974485396
12779,4,0,0,0.00021554070828399606
12780,2,0,0,0.0012932671630089378
12781,10,0,0,0.0022846695129539207
12782,9,0,0,0.031500527466041386
12783,3,0,0,0.0013280567990018974
12784,8,0,0,0.006498413131240614
12785,9,0,0,0.003975484420773175
12786,5,0,0,0.00094304776519512
12787,8,0,0,0.00557736503716569
12788,10,0,0,0.0004064618378759044
12789,5,0,1,0.8680695705773634
12790,4,0,0,0.00023670696039418713
12791,1,0,0,0.0001312505894837141
12792,9,0,0,0.0003654740252702427
12793,1,0,0,0.0008821521353404205
12794,1,0,0,0.001281953136076071
12795,5,0,0,0.0019593510020372426
12796,5,0,0,0.0009549541140511067
12797,3,0,1,0.9998951864067921
12798,8,0,0,0.007035390212921299
12799,3,0,0,0.0009407960796571385
12800,9,0,1,0.9660919690679779
12801,9,0,0,0.0002794338085391739
12802,7,0,0,0.0012256502133298234
12803,4,0,0,0.0002547674107463541
12804,1,0,0,0.016020202170765777
12805,3,0,0,0.02118761147666177
12806,1,0,0,0.0033945144754746175
12807,5,0,0,0.00045121862417052785
12808,6,0,0,8.2937101707846e-05
12809,9,0,0,0.000473619754718597
12810,2,0,0,0.07878199335960404
12811,7,0,1,0.8202473334445017
12812,6,0,0,0.00011169125289553879
12813,3,0,0,0.0020409256239779924
12814,7,0,1,0.6973904230753113
12815,4,0,0,0.00022471472831658393
12816,7,0,0,0.0009741175589423464
12817,6,0,0,0.000972819068328494
12818,2,0,0,0.007811857166698878
12819,5,0,0,0.0005292382109224441
12820,2,0,0,5.5152017367452735e-05
12821,3,0,1,0.5908189124581039
12822,2,0,0,0.02426332953590763
12823,3,0,0,0.3965801470373037
12824,8,0,0,0.4878302136241635
12825,9,0,0,0.0018558892125620262
12826,3,0,0,0.0010349799712511478
12827,2,0,0,0.0039733369152569
12828,4,0,0,0.021379903809046526
12829,10,0,0,0.008479704495177372
12830,9,0,0,0.002133912916942336
12831,1,0,0,0.05775151866053658
12832,3,0,0,0.03791522220157531
12833,7,0,0,0.06672182739351881
12834,2,0,0,0.0026070589348075684
12835,2,0,1,0.9502367111354382
12836,1,0,0,0.00012895896964013192
12837,6,0,0,0.0004696762984409766
12838,6,0,0,0.0018891711580822914
12839,10,0,0,0.0005477098979830244
12840,3,0,0,0.0012188877319109644
12841,10,0,0,0.0007713570231798445
12842,9,0,0,0.0003388701748133885
12843,9,0,0,0.003656758499857756
12844,4,0,0,0.0003794607504422556
12845,1,0,0,0.0005832244072830967
12846,2,0,1,0.9836204228479728
12847,5,0,0,0.010756797017339267
12848,6,0,0,0.029746991083175425
12849,5,0,0,0.00040600285317738766
12850,10,0,0,0.07402609787111358
12851,4,0,0,0.0015731027906003203
12852,4,0,0,0.01368059077025356
12853,1,0,0,0.019384387662217666
12854,2,0,0,0.0003553618315877813
12855,9,0,0,0.0018926708315327645
12856,5,0,0,0.000159369791368092
12857,1,0,0,0.04378804371361917
12858,5,0,0,0.0036611485931297132
12859,8,0,0,0.01657451627349425
12860,3,0,0,0.1536659472876606
12861,1,0,0,0.08390177704223598
12862,3,0,0,0.007080678597941658
12863,5,0,0,0.00031113733151355685
12864,1,0,0,0.0014628891207559749
12865,5,0,0,0.0007764207390742955
12866,9,0,0,0.006619988710699355
12867,7,0,0,0.0004913363217828702
12868,10,0,0,0.0025240151113416526
12869,6,0,0,0.024115134855819963
12870,9,0,0,0.0008802475786005043
12871,4,0,0,0.00011463538606266708
12872,4,0,0,0.0006463232096188585
12873,10,0,1,0.9982440107533451
12874,2,0,0,0.4996095334240112
12875,5,0,0,0.0012964837117070698
12876,4,0,0,0.00023661727542476
12877,1,0,0,0.007862751921189157
12878,10,0,0,0.0005376577724253399
12879,8,0,0,0.031126141222870926
12880,6,0,0,0.01706041344211038
12881,2,0,0,0.0012105163409736977
12882,7,0,0,0.0004930221542829182
12883,7,0,0,0.0015753158660922536
12884,3,0,0,0.00032355119614395985
12885,2,0,0,0.0018325005128464148
12886,8,0,0,0.0021544161613503946
12887,9,0,0,0.0013694991367511817
12888,4,0,0,0.0021878608234701473
12889,5,0,0,0.0005661531726444631
12890,2,0,0,0.00416947810444685
12891,2,0,0,0.002376222576453488
12892,3,0,0,0.0007302193356445093
12893,2,0,0,0.0007178579298559141
12894,5,0,0,0.0008092137330052627
12895,1,0,0,0.0028196997731671936
12896,6,0,0,0.0020132732073936776
12897,5,0,0,0.0053164000394970426
12898,7,0,0,0.01116855081267542
12899,1,0,0,0.0018948808294919736
12900,10,0,0,0.001051164689356783
12901,5,0,0,0.11175306968139191
12902,4,0,0,0.00014037310877912826
12903,5,0,0,0.31203671662329835
12904,4,0,0,0.0003316753680208535
12905,8,0,1,0.5411269048132411
12906,6,0,0,0.001284923685523276
12907,8,0,0,0.004930119569112147
12908,5,0,0,0.0013520105344588182
12909,2,0,0,0.0003014852196658973
12910,1,0,0,0.0021991733200851416
12911,6,0,0,0.001350333195456401
12912,3,0,1,0.9771693304913236
12913,2,0,0,0.001099885960969796
12914,5,0,0,0.004257179485778862
12915,5,0,0,0.00021373554662134722
12916,10,0,1,0.580682320549072
12917,5,0,0,0.0050225044473119745
12918,3,0,0,0.0009987339064831133
12919,7,0,0,0.0003109032773175247
12920,9,0,0,0.1372864583916481
12921,9,0,0,0.003220056040932105
12922,4,0,0,0.007738943724364879
12923,7,0,0,0.005964879941818834
12924,9,0,0,0.08292471080854663
12925,4,0,0,0.000447278150332052
12926,5,0,0,0.006957218243666751
12927,10,0,0,0.000302445354640526
12928,1,0,0,0.009137374689755893
12929,1,0,0,0.004526208726752588
12930,2,0,0,0.0043902918176144485
12931,9,0,0,0.0007103321625573702
12932,5,0,0,0.0028178833323578584
12933,7,0,0,0.031279040388248115
12934,3,0,0,0.016825303180252375
12935,3,0,0,0.27732375578275287
12936,3,0,0,0.00027469050729458277
12937,5,0,1,0.8375437013261823
12938,3,0,0,0.005473670466272577
12939,7,0,0,0.006624566177222621
12940,2,0,0,0.0006157369418857101
12941,4,0,0,0.18002234411937512
12942,4,0,0,0.0003873894260873203
12943,7,0,1,0.9928692162407624
12944,10,0,0,0.0010778247079160966
12945,8,0,0,0.00044804948532858505
12946,1,0,0,0.0006872171757226428
12947,9,0,0,0.0004269366076555494
12948,6,0,0,0.001991861315167785
12949,2,0,0,0.00031207656881823394
12950,2,0,1,0.9998391143279727
12951,9,0,0,0.0015487460681550026
12952,7,0,0,0.37568296925540823
12953,6,0,0,0.00034964223278870194
12954,2,0,0,0.0047202221251425765
12955,6,0,0,0.0015824397044804266
12956,5,0,0,0.0007051271210332703
12957,9,0,0,0.00015367704564122448
12958,4,0,0,0.0006253435931932645
12959,7,0,0,0.0008481340455245185
12960,9,0,0,0.0002368241905140384
12961,5,0,0,0.000734638627368353
12962,9,0,0,0.010173984837992582
12963,9,0,0,0.005730130058830652
12964,1,0,0,0.01614559665119914
12965,5,0,0,0.00039889255436829983
12966,8,0,0,9.166777547403121e-05
12967,10,0,0,0.0004995397826324336
12968,8,0,0,0.17878382833663542
12969,9,0,0,9.45216359205558e-05
12970,8,0,1,0.5309637458552936
12971,4,0,0,0.000468338600518042
12972,2,0,0,0.00033097932937796654
12973,5,0,0,0.0001403327880166353
12974,8,0,0,0.0009641552777600017
12975,6,0,0,0.0011634918911355568
12976,4,0,1,0.5790074981432464
12977,4,0,0,0.0014489890275924029
12978,6,0,0,0.0003453957404887099
12979,10,0,0,0.0006322328850210204
12980,5,0,0,0.005465228652907852
12981,10,0,0,0.0004337140872034392
12982,7,0,0,0.03040460742249362
12983,7,0,0,0.001331655817531148
12984,2,0,0,0.0005876504446331926
12985,2,0,0,0.0005613936440187295
12986,1,0,0,0.45801678000375945
12987,1,0,0,0.0005812113070786339
12988,7,0,0,0.0003455983020321236
12989,10,0,0,0.03027733914077714
12990,2,0,1,0.9023251455657114
12991,2,0,0,0.0014222755688346536
12992,9,0,0,0.0019380047365176577
12993,9,0,0,0.003451655856449544
12994,6,0,0,0.0007816592272031796
12995,9,0,0,0.016109949413057455
12996,10,0,1,0.6553345276320968
12997,1,0,0,0.0004823723112745571
12998,2,0,0,0.0017296907182454812
12999,1,0,0,0.06973425710622608
13000,8,0,0,8.36382445284075e-05
13001,1,0,0,0.006351299268944739
13002,1,0,0,0.066327035700412
13003,6,0,0,0.0001961087537682393
13004,1,0,0,0.0005061643992979439
13005,7,0,0,0.0003037948048872638
13006,10,0,0,0.00024265807932985842
13007,7,0,0,0.0007300454463440958
13008,3,0,0,0.000516830377627933
13009,5,0,0,0.030659358852487516
13010,3,0,0,0.0021127952004606496
13011,4,0,0,0.0020167757784169543
13012,10,0,0,0.23808184457416964
13013,10,0,0,0.0025162531019355594
13014,1,0,0,0.00027951223933080793
13015,7,0,0,0.020059704602577576
13016,7,0,0,0.011716732764344888
13017,10,0,1,0.6518295122158003
13018,7,0,0,0.19754240867068656
13019,6,0,0,0.002276767153617567
13020,8,0,0,0.013436305056015568
13021,1,0,0,0.0006362830719587263
13022,7,0,0,0.0014039361147567702
13023,6,0,0,0.00066907058610753
13024,7,0,0,0.009275306530604656
13025,6,0,0,0.002060486323258506
13026,8,0,0,0.0001937651029929087
13027,8,0,0,0.009986970779009903
13028,1,0,0,0.000947160632639823
13029,1,0,0,0.009128364435555267
13030,4,0,0,0.00035930996999747024
13031,5,0,0,0.0002992032490653126
13032,8,0,0,0.05167511311116678
13033,1,0,0,0.012414917860124712
13034,5,0,0,0.0019360910017344733
13035,3,0,0,0.003906954795787216
13036,6,0,0,0.001671533291899245
13037,9,0,0,0.00010653002866769486
13038,5,0,0,0.0013471027235228508
13039,1,0,0,0.003945147136812445
13040,6,0,0,0.006549042205754981
13041,7,0,0,0.0018132990122341282
13042,4,0,0,0.00034008050134554286
13043,6,0,0,0.00024389462946329137
13044,1,0,0,0.025363252965347673
13045,3,0,0,0.002886399575598194
13046,1,0,0,0.0036502220292772072
13047,2,0,0,0.0008011490358851142
13048,9,0,0,0.013584488890205004
13049,3,0,0,0.00021006266892954764
13050,1,0,0,0.12856227560127698
13051,4,0,0,0.0008124533843250012
13052,2,0,0,0.00015046052675520022
13053,8,0,0,0.006460315795364849
13054,10,0,0,0.0016069747550882857
13055,10,0,0,0.005394229507578275
13056,5,0,0,0.0007432336235793221
13057,4,0,0,0.000500431386921436
13058,10,0,0,0.0077046392362815465
13059,5,0,0,0.0011588395480345917
13060,8,0,0,0.00293843693465806
13061,2,0,0,0.20269086520066287
13062,9,0,0,0.010368686515623754
13063,6,0,0,0.06428946550516701
13064,4,0,0,0.4484661010604177
13065,4,0,0,0.0001886561102367104
13066,1,0,0,0.002381188442659305
13067,1,0,0,0.002678200190410253
13068,6,0,0,0.0006419525230487203
13069,9,0,0,0.0023993674065783135
13070,7,0,0,0.008958697852250341
13071,5,0,0,0.131957812301109
13072,9,0,0,0.0050799306943274235
13073,5,0,0,0.00025842394903869754
13074,3,0,0,0.0035092973962691323
13075,9,0,0,0.00596155495622936
13076,6,0,1,0.723194243766017
13077,1,0,0,0.0030568151586940285
13078,10,0,0,0.015722303508473857
13079,6,0,0,0.007182355956648993
13080,8,0,0,0.0007399939520121041
13081,4,0,0,0.0002146617454043893
13082,5,0,0,0.0003776647321691922
13083,5,0,0,0.005607711644553076
13084,6,0,0,0.002056785729106921
13085,4,0,0,0.0004904591046172036
13086,10,0,0,0.00037895769231695243
13087,1,0,0,0.0002634536103988729
13088,10,0,0,0.0023023240241118324
13089,10,0,0,0.001922966736585199
13090,5,0,0,0.0005972247682036676
13091,10,0,0,0.012268543424036585
13092,2,0,0,0.009749991894465144
13093,8,0,0,0.0032526652370835486
13094,7,0,0,0.009753697041418142
13095,4,0,0,0.000291684721924497
13096,3,0,0,0.0008236445687948368
13097,4,0,1,0.9997595055023516
13098,6,0,0,0.002753252923577375
13099,5,0,0,0.06509403082037452
13100,5,0,0,0.010113899606528715
13101,1,0,0,0.012379609022563942
13102,8,0,0,0.007881803218245408
13103,3,0,0,0.0023431843497574273
13104,6,0,0,0.00011691364577980903
13105,5,0,0,0.00016014438758817903
13106,3,0,0,0.0032152941699283735
13107,2,0,0,0.01416061735335556
13108,1,0,0,0.039465319756349676
13109,2,0,0,0.47559383067713723
13110,1,0,0,0.006117398109365696
13111,5,0,0,0.012174524483940331
13112,1,0,1,0.9990222575790397
13113,9,0,0,0.07885356919869455
13114,6,0,0,0.003073810526332022
13115,2,0,0,0.0003222012051101649
13116,4,0,0,0.04073556403069539
13117,7,0,1,0.8869643670434383
13118,6,0,0,0.3463571687316199
13119,3,0,0,0.0019582213576874157
13120,8,0,0,0.002102778512747163
13121,4,0,0,0.00044643135252929564
13122,4,0,0,0.0002842581107397529
13123,3,0,0,0.0007826647258032029
13124,2,0,0,0.00034144808017544186
13125,1,0,0,0.0010072905885701589
13126,4,0,0,0.0018149719113160177
13127,10,0,0,0.002032782245111064
13128,3,0,1,0.9911143123105953
13129,3,0,0,0.02403206482003142
13130,8,0,0,0.008540830134587812
13131,7,0,1,0.9932396464333004
13132,1,0,0,0.0006589177197579327
13133,3,0,0,0.030851975917861825
13134,9,0,0,0.011755584739279568
13135,1,0,0,0.0014971561784885253
13136,7,0,0,0.13105327121020344
13137,3,0,0,0.0026810059579611624
13138,1,0,0,0.017372700294517908
13139,4,0,0,0.4501786484240898
13140,5,0,0,0.014870585221772571
13141,1,0,0,0.00582368600097625
13142,5,0,0,0.0020103668818071785
13143,3,0,0,0.0004637897911897145
13144,10,0,0,0.0001276274039029185
13145,5,0,0,0.0016287369731356979
13146,5,0,0,0.024471422669175482
13147,9,0,1,0.9769988835129377
13148,10,0,0,0.0005586134423943675
13149,7,0,0,0.0004879176818249166
13150,9,0,0,0.09008578454425249
13151,8,0,0,0.0015711877013616787
13152,2,0,0,0.002677307128418571
13153,3,0,0,0.000577449632793146
13154,7,0,0,0.007722784580100317
13155,7,0,0,0.0156110034130791
13156,4,0,0,0.0006102472885100075
13157,8,0,0,0.0005481277740069247
13158,7,0,0,0.002258061272005223
13159,1,0,0,0.0006367352253077437
13160,6,0,0,0.002067032715629052
13161,1,0,0,0.03055445154843131
13162,7,0,0,0.048998915474892005
13163,2,0,0,0.0011534421933178686
13164,6,0,0,0.011124595036525744
13165,4,0,0,0.00021608128734805385
13166,4,0,0,0.0021956965219354606
13167,10,0,0,0.4621575387185979
13168,7,0,0,0.034460192015591404
13169,10,0,0,0.0009641361709543994
13170,1,0,0,0.2574384776464277
13171,7,0,0,0.008407055509704945
13172,1,0,0,0.0013232842574079074
13173,6,0,0,0.0013575583318642317
13174,10,0,0,0.0030189219363450114
13175,10,0,1,0.9679885980189802
13176,10,0,0,0.004944718864511931
13177,1,0,0,0.15902853704415315
13178,5,0,1,0.9935133640666699
13179,6,0,0,0.0034796073956820444
13180,1,0,0,0.013795263486477319
13181,5,0,0,0.002442137087842979
13182,10,0,0,0.003451460085905359
13183,10,0,0,0.021102426326345736
13184,5,0,1,0.9570089655075016
13185,7,0,0,0.0009967393545122494
13186,10,0,1,0.7861829224872239
13187,3,0,0,0.0019074841931780162
13188,3,0,0,0.010890493186679007
13189,10,0,0,0.00020761362588781016
13190,5,0,0,0.0036294475959151896
13191,3,0,0,0.00077484753250122
13192,10,0,0,0.0008569258022701769
13193,5,0,0,0.000595035514365253
13194,4,0,0,0.05017777196756347
13195,4,0,0,0.0008511010619514719
13196,2,0,1,0.9239373654742
13197,10,0,0,0.049234316277211296
13198,7,0,0,0.03486678000101002
13199,9,0,0,0.00711863400210684
13200,4,0,0,0.0009042853061544843
13201,7,0,0,0.005455609020122432
13202,3,0,0,0.00030829786820391335
13203,1,0,0,0.0016196295477243824
13204,4,0,0,0.020697525964078804
13205,8,0,0,0.003589945379706465
13206,5,0,0,0.000134439637259187
13207,9,0,0,0.007307100798241079
13208,7,0,0,0.016637426674753025
13209,9,0,0,0.002350516672537401
13210,3,0,0,0.001198372726817989
13211,3,0,0,0.00020342141884807533
13212,10,0,0,0.002042613274728575
13213,8,0,1,0.8355322955883335
13214,2,0,0,0.003352715367091091
13215,8,0,1,0.5494028466155174
13216,5,0,0,0.0004907902081510464
13217,8,0,1,0.6155793413393817
13218,10,0,0,0.0005070041969247964
13219,2,0,0,0.002081466669093592
13220,10,0,0,0.00022356225862205843
13221,6,0,0,0.00013983920698755036
13222,5,0,0,0.00018771205994069635
13223,1,0,0,0.0015323855408267961
13224,8,0,0,0.0005979431808502745
13225,1,0,0,0.0002401643327146093
13226,1,0,0,0.00019653003817037595
13227,5,0,0,0.04981778374835278
13228,8,0,0,0.0011664671315294122
13229,5,0,0,0.0002663730768084862
13230,2,0,0,0.14765566488512982
13231,1,0,0,0.006353338102063366
13232,7,0,0,0.0008170810398503094
13233,1,0,0,0.008240533540935608
13234,7,0,0,0.0002472663237548734
13235,1,0,0,0.007913023500001327
13236,7,0,1,0.9349357023153657
13237,3,0,0,0.001608945129288002
13238,6,0,0,0.0008434428583401802
13239,6,0,0,0.02215701515375302
13240,2,0,0,0.00024543371217193626
13241,1,0,0,0.013066085441475393
13242,2,0,0,0.004297556281105207
13243,10,0,0,0.011874901484620174
13244,9,0,0,0.009928261942026277
13245,7,0,0,0.007813997519135075
13246,9,0,0,0.003550373131467007
13247,7,0,0,0.003696868429832202
13248,1,0,0,0.006865001823673557
13249,4,0,0,0.0010028415800494763
13250,3,0,0,0.03139853173586851
13251,10,0,0,0.0004985032690626267
13252,8,0,0,0.0037227759021508378
13253,9,0,0,0.00641940528344544
13254,10,0,0,0.002374761607585334
13255,7,0,0,0.000765208212890373
13256,3,0,0,0.006200409941919637
13257,10,0,0,0.005261294076978203
13258,7,0,0,0.12863208961998035
13259,7,0,0,0.004619588288042493
13260,8,0,0,0.0007770823616800066
13261,4,0,0,0.000508878499539589
13262,9,0,0,0.00021343105740863387
13263,8,0,0,0.0010724197080089985
13264,6,0,0,0.002200492951746417
13265,1,0,0,0.0009781258840203075
13266,7,0,0,0.013453096164179092
13267,6,0,0,0.011364598603107482
13268,3,0,0,0.003099063861860646
13269,1,0,0,0.0006569558789229044
13270,8,0,0,0.04716419210782308
13271,8,0,0,0.04780407462838183
13272,4,0,1,0.954437766969549
13273,1,0,0,0.0011391980548389764
13274,2,0,0,0.001021414342598937
13275,2,0,0,0.020382904661039564
13276,7,0,1,0.7879998473548281
13277,4,0,0,0.0007734918286074468
13278,8,0,1,0.5715211529958535
13279,1,0,0,0.0094702208836294
13280,3,0,0,0.41854136817166265
13281,10,0,0,0.0013183627673424895
13282,1,0,0,0.2701994396706965
13283,7,0,0,0.0007075267348156507
13284,3,0,0,0.00011516345907843917
13285,2,0,0,0.08612800435539031
13286,2,0,0,0.003299295408178876
13287,7,0,0,0.0004901052298216357
13288,1,0,0,0.0001695664734538615
13289,6,0,0,0.0010277178571850996
13290,1,0,0,0.0004498546958790718
13291,9,0,0,0.000802613280680696
13292,10,0,0,0.0030616334680549206
13293,4,0,0,0.23210942895144251
13294,1,0,0,0.001959448577446649
13295,8,0,0,0.009380201641197239
13296,4,0,0,0.00024507508063352485
13297,6,0,0,0.010782142610035576
13298,3,0,0,0.22724033719409015
13299,7,0,0,0.00031029977633673095
13300,1,0,0,0.0012565284556513134
13301,7,0,0,0.001063367758156144
13302,10,0,0,0.005429322281150147
13303,7,0,1,0.952225014632782
13304,5,0,0,0.005123166095479985
13305,7,0,0,0.0007421807352237633
13306,1,0,0,0.0006232783663610161
13307,10,0,0,0.10417160013394715
13308,1,0,0,0.07764168282037588
13309,5,0,0,0.00036350247006565337
13310,1,0,0,0.006014664628728493
13311,7,0,0,0.0016699259684014437
13312,5,0,0,0.03838524593422158
13313,1,0,0,0.004717096784098339
13314,8,0,0,0.08841289027454595
13315,2,0,0,0.0029530578766759066
13316,10,0,0,0.0017599616908620325
13317,6,0,0,0.0014737405791139567
13318,3,0,0,0.038267928784717936
13319,6,0,0,0.07636429549775925
13320,8,0,0,0.0048107548989076414
13321,6,0,0,0.00514417278930737
13322,2,0,0,0.008419699546663613
13323,10,0,0,0.4650450211307162
13324,9,0,0,0.0018747790347585591
13325,8,0,0,0.0051393579508989705
13326,2,0,0,0.006450692416798017
13327,2,0,0,7.31784493564627e-05
13328,8,0,0,0.002383685641044281
13329,5,0,0,0.00031186414365193054
13330,3,0,0,0.006420431861590891
13331,8,0,0,0.003806517095515573
13332,2,0,0,0.020041051964224697
13333,3,0,0,0.005754974144668627
13334,4,0,0,0.025154388095169764
13335,5,0,0,0.002906261335951194
13336,4,0,0,0.00037732126983148963
13337,6,0,1,0.506277407165417
13338,10,0,0,0.0023706336343431566
13339,7,0,0,0.0012888433132552202
13340,4,0,0,0.001006705936321676
13341,8,0,0,0.0011363773853229901
13342,5,0,0,0.00023525764510411883
13343,10,0,0,0.0005122839348894564
13344,2,0,1,0.9957168754046638
13345,3,0,1,0.974674739565606
13346,7,0,0,0.00047424426944813
13347,9,0,0,0.0033811183144387353
13348,4,0,0,0.00039455112293129593
13349,1,0,0,0.0003184979448151399
13350,8,0,0,0.0024714653411773164
13351,3,0,0,0.00041414099653147465
13352,4,0,0,0.00036847123333876865
13353,9,0,0,0.011646526890292077
13354,10,0,0,0.0002990349744379524
13355,7,0,0,0.0007836884110409937
13356,10,0,0,0.00038397611152280603
13357,5,0,0,0.03769563228850954
13358,10,0,0,0.0009286905188468683
13359,9,0,0,0.00040845296938296107
13360,6,0,0,0.00033204413183979134
13361,6,0,0,0.00216936763782174
13362,9,0,0,0.0004674483920352257
13363,2,0,0,0.0008096461073516502
13364,8,0,0,0.0029343445956575604
13365,4,0,0,0.0025408128228587307
13366,6,0,0,0.020110442885273177
13367,6,0,0,0.23592399071566744
13368,5,0,0,0.001397656312895212
13369,7,0,0,7.913708324348865e-05
13370,1,0,0,0.0023357801889693397
13371,9,0,0,0.0014395245915247669
13372,1,0,0,0.003273274232346939
13373,8,0,0,0.009965634109314277
13374,10,0,0,0.010828004547502016
13375,7,0,0,0.00012572862206310074
13376,9,0,0,0.020360585335091993
13377,7,0,0,0.012411971726244855
13378,6,0,0,0.014290600421403697
13379,3,0,0,0.007409581412291517
13380,1,0,0,0.004092748860586564
13381,3,0,0,6.478010591888813e-05
13382,10,0,0,0.0054665934312962475
13383,10,0,0,0.0004638403588683853
13384,8,0,0,0.00023988349049009736
13385,9,0,0,0.0041410195589421704
13386,5,0,0,9.342343621417286e-05
13387,3,0,0,0.08005066316304837
13388,9,0,0,0.00858944421763826
13389,7,0,0,0.0013632538925018763
13390,4,0,0,0.00017649392610512318
13391,4,0,0,0.0016165475819063353
13392,5,0,0,0.033731812415492654
13393,8,0,0,0.0014719303354749724
13394,7,0,0,0.0009804274518134476
13395,4,0,0,0.004479805524207304
13396,3,0,0,0.005056881675515247
13397,5,0,0,0.004276698420434562
13398,5,0,0,0.0007615684638632243
13399,5,0,0,0.00022621547241520785
13400,8,0,0,0.00024391627280200391
13401,6,0,0,0.07688598762445129
13402,5,0,0,0.004904428644203971
13403,9,0,0,0.00029815091753031443
13404,7,0,0,0.0004715148082228783
13405,3,0,0,0.00016566736073972443
13406,2,0,0,0.0003475573939815967
13407,2,0,0,0.0001966496328221778
13408,5,0,0,0.00015069602912361397
13409,7,0,0,0.00748386095469155
13410,7,0,0,0.001056103052161105
13411,9,0,0,0.002126312559090961
13412,8,0,0,0.0010289947564935088
13413,7,0,0,0.005793953468699667
13414,3,0,0,0.010193832949162877
13415,8,0,0,0.022570068958345096
13416,7,0,0,0.00037652512663058466
13417,7,0,0,0.005113065316518844
13418,6,0,0,0.062216956858266795
13419,3,0,0,0.0014219536896334511
13420,4,0,0,0.0007002859023065153
13421,9,0,0,0.010040450654765576
13422,6,0,0,0.0008897747535415023
13423,6,0,0,0.07546900782790271
13424,1,0,0,0.0012402485141613155
13425,4,0,0,0.00021990672403169077
13426,2,0,0,0.002975215805053418
13427,7,0,0,0.00038755718884507767
13428,2,0,0,0.0002993620355424425
13429,2,0,0,0.0006078202040514797
13430,6,0,1,0.8343778687519419
13431,1,0,0,0.00328023956012013
13432,7,0,1,0.9066474467011822
13433,8,0,0,0.003924025349146266
13434,5,0,0,0.0005126440904499475
13435,3,0,0,0.0008102404999921988
13436,7,0,0,0.003406178259452979
13437,1,0,0,0.001078300814023815
13438,5,0,0,0.0014628969515730757
13439,4,0,0,0.011435267595867151
13440,10,0,0,0.42064315324517637
13441,6,0,0,0.000583154942266251
13442,5,0,0,0.028808144138069633
13443,10,0,1,0.6175466728227552
13444,1,0,1,0.9952203208102117
13445,2,0,0,0.0013485644029480603
13446,3,0,0,0.004880394981861037
13447,3,0,0,0.053406695042928505
13448,3,0,0,0.048378038336553436
13449,10,0,0,0.0005961755381107885
13450,8,0,0,0.00043584037866851137
13451,6,0,0,0.004813241646800373
13452,1,0,0,0.005954124940468261
13453,4,0,0,0.0028214326591562426
13454,7,0,0,0.0010181954695866924
13455,10,0,0,0.00047394499116225705
13456,8,0,0,0.011181685964613167
13457,2,0,0,0.007443041149769517
13458,1,0,0,0.07692424014947119
13459,9,0,0,0.0013398089344013684
13460,2,0,0,0.002536113753555571
13461,1,0,0,0.0007895295453912962
13462,7,0,0,0.0006414442214374875
13463,1,0,0,0.0007613475124056998
13464,3,0,0,0.30459304825324285
13465,1,0,0,0.0013596633562720972
13466,5,0,0,0.0007729833251589903
13467,6,0,0,0.27107745895854196
13468,4,0,0,0.004608885580332015
13469,3,0,0,0.017729215604078804
13470,7,0,0,0.00031753997457902245
13471,4,0,0,0.0035642118577400017
13472,6,0,0,0.04482499047415758
13473,7,0,0,0.00026481897106804043
13474,8,0,0,0.004300992895931846
13475,5,0,0,0.002911088132850711
13476,10,0,0,0.055781085598855994
13477,6,0,1,0.95295836027393
13478,4,0,0,0.0643255038794057
13479,5,0,1,0.9864186799724919
13480,7,0,0,0.004603752366731216
13481,8,0,0,0.00294504015079426
13482,2,0,1,0.9926373145786641
13483,1,0,0,0.00025472784926075477
13484,2,0,0,0.003999103502956242
13485,1,0,0,0.012857142606846195
13486,6,0,0,0.0006867787139061182
13487,1,0,0,0.008679160987262891
13488,1,0,0,0.016347702819145427
13489,1,0,0,0.0006068876570915237
13490,4,0,1,0.9829552030528195
13491,4,0,0,0.000567336474939372
13492,9,0,0,0.0007161829351983067
13493,4,0,0,0.08393164421757043
13494,9,0,1,0.8356237021939905
13495,1,0,0,0.0004721070672023181
13496,4,0,0,0.005199764996598499
13497,9,0,0,0.0009346825938535752
13498,4,0,0,0.00409429755961403
13499,4,0,0,0.04804132380245819
13500,9,0,0,0.0007425488676481323
13501,2,0,0,0.002840506111558657
13502,2,0,0,0.0005765594611438809
13503,6,0,0,0.0032141960301282227
13504,7,0,0,0.0045885721121129595
13505,7,0,0,0.000779605740738532
13506,8,0,1,0.8166388064975292
13507,9,0,0,0.004651371829929365
13508,4,0,0,0.00022925796671809811
13509,3,0,0,0.0001367451698471434
13510,4,0,0,0.11683163827168551
13511,2,0,0,0.0003177686774708839
13512,5,0,0,0.0003483246086867429
13513,4,0,0,0.0009390075713487222
13514,1,0,0,0.00046493990600749704
13515,4,0,0,0.001800804615319397
13516,10,0,0,0.00430031550461352
13517,9,0,0,0.023999175756424365
13518,7,0,0,0.0007268257964758841
13519,2,0,0,0.008606271815235699
13520,2,0,0,0.012862392570901365
13521,2,0,0,0.004712622420633214
13522,4,0,0,0.3296681342017985
13523,3,0,0,0.00029767709405555874
13524,7,0,0,0.0002381433101123535
13525,10,0,1,0.9746198570623574
13526,9,0,0,0.00774243350266619
13527,3,0,0,0.0799782994601048
13528,1,0,0,0.006655455515287722
13529,7,0,0,0.001487488943542302
13530,3,0,0,0.0002002710221998859
13531,3,0,0,0.002397742837868019
13532,4,0,0,0.0007504435751168377
13533,5,0,0,0.0004354232498582513
13534,9,0,0,0.01582110439901344
13535,1,0,0,0.001714172973360999
13536,1,0,0,0.00020828030173234438
13537,6,0,0,0.0016261252919338282
13538,8,0,0,0.04591503840829865
13539,1,0,0,0.0009586735747188155
13540,3,0,0,0.0073780128664394365
13541,1,0,0,0.0034924608468652517
13542,4,0,0,0.0039991642371491505
13543,9,0,0,0.24984826624453313
13544,7,0,0,0.0053061512180521955
13545,7,0,0,0.001095081351197053
13546,1,0,0,0.004380343898502073
13547,8,0,1,0.9965165799082045
13548,6,0,0,0.000438103695433118
13549,2,0,0,0.0005237746854767051
13550,8,0,0,0.03880166401418598
13551,8,0,0,0.0007231547379648736
13552,1,0,0,0.0019129164357133289
13553,9,0,0,0.04979150880237261
13554,9,0,0,0.07794973466038221
13555,9,0,0,0.0002329572278101736
13556,9,0,0,0.009348596980175483
13557,9,0,0,0.00047083975454950537
13558,4,0,0,0.0008601957426087355
13559,5,0,0,0.008065281686132363
13560,3,0,0,0.0005797454825302955
13561,6,0,0,0.0017150047543182212
13562,5,0,0,0.0016355199436105276
13563,8,0,0,0.0008154567052311712
13564,9,0,0,0.000371731638056173
13565,5,0,0,0.0017012323430495532
13566,10,0,0,0.0002652138084408573
13567,7,0,0,0.0014217365153567098
13568,1,0,0,0.0012396249749871712
13569,7,0,0,0.00033975656007392184
13570,8,0,1,0.6806620788030777
13571,9,0,0,0.013555833387964745
13572,10,0,1,0.9980725685523697
13573,1,0,0,0.0027308763370989986
13574,7,0,0,0.14376580729367744
13575,8,0,0,8.535460889397446e-05
13576,7,0,0,0.01386178723384685
13577,8,0,0,0.0039184178178495125
13578,2,0,0,0.0036056865025942135
13579,2,0,0,0.004748811343925772
13580,3,0,0,0.013352519593984702
13581,9,0,0,0.0026654807340440873
13582,1,0,0,0.004993967123164756
13583,6,0,0,0.000906607798570001
13584,1,0,0,0.00012170304490077782
13585,6,0,0,0.002202327151227933
13586,3,0,0,0.07399080649906199
13587,9,0,0,0.027210567886001957
13588,7,0,0,0.04674750463248906
13589,8,0,0,0.000958094001279425
13590,3,0,0,0.015185458859560002
13591,4,0,0,0.002619762969529203
13592,1,0,0,0.0013334180870620703
13593,10,0,0,0.003936484860718038
13594,7,0,0,0.012123600676984326
13595,5,0,0,0.00023570770522699877
13596,6,0,0,0.00044594615986241374
13597,10,0,0,0.0004622249630957222
13598,4,0,0,0.23039257415037817
13599,5,0,0,0.0005306988756644773
13600,10,0,0,0.001104267473142703
13601,8,0,0,0.2627244212169261
13602,3,0,0,0.037865435911600055
13603,7,0,0,0.0011902596329404162
13604,1,0,0,0.2721209733621599
13605,10,0,0,0.006275649778445082
13606,5,0,0,0.0007442432910573528
13607,2,0,0,8.803352188088806e-05
13608,5,0,0,0.005509380183793963
13609,5,0,0,0.006779258175727392
13610,6,0,0,0.48199973040635863
13611,2,0,0,0.01302320449419985
13612,2,0,0,0.0023100216050101962
13613,9,0,0,0.00038075533761620646
13614,7,0,0,0.00011560339470752103
13615,9,0,0,0.01228719718258481
13616,2,0,0,0.008364662682909458
13617,5,0,0,0.0052547521058643855
13618,8,0,0,0.0005228276649317721
13619,7,0,0,6.654994279132686e-05
13620,6,0,0,0.0014813550902634048
13621,1,0,0,0.002038789705586624
13622,4,0,0,0.006360819596271792
13623,4,0,0,0.0005668060268214675
13624,2,0,0,0.0016380429223999
13625,2,0,0,0.00037294233213939614
13626,9,0,1,0.9891480853441557
13627,4,0,0,0.001312762410823863
13628,10,0,0,0.00014138179811544116
13629,7,0,0,0.0010347077122632034
13630,3,0,0,0.0009744263618372685
13631,9,0,0,0.04112725080581781
13632,5,0,0,0.003338402363249998
13633,2,0,0,0.020983681455740685
13634,10,0,0,0.0010050309940644487
13635,2,0,0,0.0060838989428898945
13636,8,0,0,0.00023357498104175397
13637,3,0,1,0.9948492353271761
13638,6,0,0,0.0002923497927370298
13639,5,0,0,0.00010918489248941658
13640,4,0,0,0.0031433375329928794
13641,4,0,0,0.0016780017399637302
13642,7,0,0,0.00949769535012878
13643,3,0,0,0.02984498739980276
13644,8,0,0,0.004753841326958501
13645,8,0,0,0.0013624278640303935
13646,5,0,0,0.005718313131607192
13647,8,0,0,0.015175950798021108
13648,5,0,0,0.001957127779192057
13649,7,0,0,0.0002436177335940366
13650,10,0,1,0.6966493156029057
13651,1,0,0,0.0036368254244448514
13652,5,0,0,0.00025937239389280125
13653,7,0,0,0.004360025296773242
13654,3,0,0,0.008659285430259678
13655,8,0,0,0.0007930151783364494
13656,6,0,0,0.019168847388624642
13657,8,0,0,0.30565143695842834
13658,3,0,0,0.0018031576942517528
13659,2,0,0,0.0005452450360372975
13660,2,0,0,0.35374325144363583
13661,5,0,0,0.41488785849675724
13662,4,0,0,0.0006339251436188117
13663,5,0,1,0.5619096227510052
13664,1,0,0,0.049412482697900356
13665,9,0,1,0.9982432128975508
13666,4,0,0,0.0007669563761480187
13667,8,0,0,0.01153951792127733
13668,5,0,0,0.00012578908299278505
13669,1,0,0,0.0015899952027246585
13670,3,0,0,0.0011979352440485448
13671,4,0,1,0.9494702302179799
13672,9,0,0,0.0037744498928619016
13673,7,0,0,0.0008239547707806409
13674,7,0,0,0.004794026534392901
13675,1,0,0,0.000613550994410172
13676,6,0,0,0.00035124525515261234
13677,7,0,0,0.042497983335905015
13678,6,0,0,0.0015984329457165796
13679,8,0,1,0.9934464222438126
13680,9,0,0,0.00038161185252573275
13681,8,0,0,0.0002745973116419224
13682,7,0,0,0.006167692322621354
13683,4,0,0,0.001061497578930411
13684,1,0,0,0.00326244123503083
13685,2,0,0,0.002536215334377356
13686,8,0,0,0.0006990824255086534
13687,3,0,0,0.025801845333306154
13688,9,0,0,0.00039448903454466133
13689,4,0,0,0.0039424560359333505
13690,1,0,0,0.008233219300534169
13691,7,0,0,0.00016089718686227293
13692,4,0,0,0.0007918336806741754
13693,9,0,0,0.0005232262536910536
13694,3,0,0,0.0015214859672661209
13695,1,0,0,6.394202873090632e-05
13696,3,0,0,0.0038903031002522894
13697,6,0,0,0.0033160893173700035
13698,5,0,0,0.0007849428556567162
13699,5,0,0,0.003389120163386916
13700,2,0,0,0.02249268770489695
13701,3,0,0,0.0007238301005489188
13702,2,0,0,0.0018718675982226961
13703,3,0,0,0.012024640452094346
13704,9,0,0,0.014800237621044139
13705,4,0,0,0.025317279225770813
13706,9,0,0,0.00046486413312040896
13707,2,0,0,0.004113364359228888
13708,7,0,0,0.0009904662107656378
13709,9,0,0,0.0654522853154017
13710,3,0,0,0.0334092274204905
13711,7,0,0,0.10665342711136509
13712,7,0,0,0.0022431819068557068
13713,7,0,0,0.00043828982800789154
13714,4,0,0,0.0012842168381974985
13715,2,0,0,0.0015042524462068295
13716,2,0,0,0.0006108062977374475
13717,3,0,0,0.0001797394133566771
13718,3,0,0,0.001359128034792381
13719,1,0,0,0.0011863891731235185
13720,9,0,0,0.00020664597441576873
13721,6,0,0,0.00021566393203875962
13722,5,0,0,0.001245878676123055
13723,10,0,0,0.009806123085425153
13724,7,0,0,0.00024764383257179127
13725,2,0,1,0.954733293683462
13726,6,0,0,0.0032617750827453927
13727,3,0,0,0.000867178703149644
13728,6,0,0,0.0016762648112725322
13729,2,0,0,0.000542131725355726
13730,2,0,0,0.00060054365374505
13731,10,0,0,0.001362183112615374
13732,5,0,0,0.004021285224089882
13733,3,0,0,0.00018011769935804547
13734,10,0,0,0.0002112465512847534
13735,9,0,0,0.0015852465005639518
13736,3,0,0,0.0004971635920434492
13737,8,0,0,0.0002979173224520324
13738,5,0,0,0.00015148846272113693
13739,4,0,0,0.03902334538220374
13740,6,0,1,0.5513675636011837
13741,2,0,0,0.0033892657887618217
13742,3,0,0,0.017143278434529285
13743,9,0,0,0.0003564192939144552
13744,1,0,0,0.0003875626287949204
13745,7,0,0,0.009758669674201276
13746,4,0,0,0.0018293270483288001
13747,10,0,0,0.0044127904423345845
13748,4,0,0,0.0015678523094766461
13749,5,0,0,0.00030388790513665625
13750,8,0,0,0.006234709639259417
13751,3,0,0,0.00015718948183595768
13752,1,0,0,0.0031047536499629437
13753,1,0,0,0.003570005346488291
13754,3,0,0,0.00019438594464417087
13755,7,0,0,0.0025705979563321523
13756,6,0,0,0.0014807765125538282
13757,8,0,0,0.00036657510081706233
13758,1,0,0,0.0020680135581343387
13759,8,0,0,0.020132454099220636
13760,1,0,0,0.0023774770140715155
13761,5,0,0,0.0018060785434841884
13762,8,0,0,0.001907197687225618
13763,3,0,0,0.0014266604662473725
13764,10,0,0,0.015542171683272559
13765,2,0,0,0.0015097155000683578
13766,4,0,0,0.0001807642298936874
13767,9,0,1,0.9753847380396448
13768,2,0,0,0.00017412021542135078
13769,10,0,0,0.027543647377478223
13770,8,0,0,0.007095551011297995
13771,5,0,0,0.00030600131966976085
13772,4,0,0,0.0005782889716078878
13773,1,0,1,0.7998221227945032
13774,1,0,0,0.0068127665071482536
13775,3,0,0,0.001069902196532297
13776,9,0,0,0.0009074803204934846
13777,1,0,0,0.003175688491828688
13778,1,0,0,0.0012819905600074278
13779,9,0,0,0.0024736626870803203
13780,7,0,0,0.03697072602371272
13781,9,0,0,0.012442158605731158
13782,5,0,0,0.00011985958646282057
13783,2,0,0,0.00012548294154274937
13784,8,0,0,0.14398826482267285
13785,4,0,0,0.0002964625117809777
13786,6,0,0,0.00029735420321348814
13787,5,0,1,0.736913195522788
13788,10,0,0,0.0015260832357595958
13789,2,0,0,0.011305596361497305
13790,1,0,0,0.002876509156746812
13791,8,0,0,0.01520393759554393
13792,7,0,0,0.00642859060488487
13793,5,0,0,0.00043420142663094677
13794,1,0,0,0.0028803774112091296
13795,8,0,0,0.0010743170951613712
13796,2,0,0,0.0034304204106375843
13797,7,0,0,0.007503294677560301
13798,9,0,0,0.005297415798274461
13799,7,0,0,0.011143942102396175
13800,6,0,0,0.018833814822465513
13801,2,0,0,0.000263668787068894
13802,8,0,0,0.005746397108953703
13803,8,0,0,0.003411057595194205
13804,5,0,0,0.00019564011054005686
13805,9,0,0,0.0022429239298358797
13806,7,0,0,0.0019790438369767004
13807,3,0,0,0.0015974914570940947
13808,1,0,0,0.0010914609627744344
13809,4,0,0,0.012777395228574186
13810,9,0,1,0.9526767406403976
13811,3,0,0,0.002662011812636914
13812,4,0,0,0.002623956422022736
13813,7,0,0,0.4008838602399625
13814,8,0,0,0.0037258343158908247
13815,4,0,0,0.025696172558322485
13816,8,0,0,0.00039319022928724167
13817,10,0,0,0.000694913393171803
13818,5,0,0,0.0012686993147888988
13819,6,0,0,9.146977420691196e-05
13820,8,0,0,0.0007409618607853597
13821,7,0,0,0.0016092750339185135
13822,4,0,0,0.031588508342451825
13823,8,0,0,0.036955818494462785
13824,4,0,0,0.005368119118690527
13825,8,0,0,0.47136116358043356
13826,1,0,0,0.029871121613789263
13827,8,0,0,0.0005672803561121707
13828,8,0,0,0.001273831495485554
13829,10,0,0,0.005415090356057604
13830,5,0,0,0.004132719078376697
13831,5,0,0,0.004814840033014416
13832,4,0,0,0.0007628317168188771
13833,2,0,0,0.0031912019026999775
13834,8,0,0,0.0019118816358616921
13835,3,0,0,0.023057827009098752
13836,3,0,0,0.002948183633759557
13837,3,0,0,0.0007101869238896443
13838,5,0,0,0.0011458792843671804
13839,4,0,0,0.006376180916646694
13840,10,0,0,0.01046042416964848
13841,2,0,0,0.09156234183559672
13842,4,0,0,0.0010504227111985123
13843,8,0,0,0.0061614385637257215
13844,10,0,0,0.018278602236453168
13845,4,0,0,0.00027397965379422507
13846,10,0,0,0.0024575210292195025
13847,8,0,1,0.995112071839046
13848,6,0,0,0.00019425278082230976
13849,5,0,0,0.003414049994433335
13850,5,0,0,0.04744989585012919
13851,6,0,0,0.002023370420630551
13852,9,0,0,0.0026449233091339936
13853,2,0,0,0.017174881519300772
13854,10,0,0,0.02160873142469751
13855,10,0,0,0.004712698666045018
13856,10,0,0,0.000827408561482128
13857,3,0,0,0.009040665292645368
13858,7,0,0,0.45680943903253746
13859,8,0,1,0.9155706168903757
13860,10,0,1,0.758149142647746
13861,5,0,0,0.00035839076677253906
13862,7,0,0,0.05443179761558949
13863,5,0,0,0.0006255617836805359
13864,4,0,0,0.0018336500238795466
13865,10,0,0,0.004442286924259483
13866,1,0,0,0.25720647353338444
13867,9,0,1,0.6190254618371152
13868,10,0,0,0.0009177546863461017
13869,1,0,0,0.023982161984370795
13870,10,0,0,0.0047340405253478764
13871,7,0,0,0.0009436688844556833
13872,8,0,0,0.0010863409319052022
13873,10,0,0,0.028430730229935627
13874,8,0,0,0.00011477494691486246
13875,3,0,0,0.0008616671187616008
13876,8,0,0,0.0018235703699914475
13877,8,0,0,0.04431389016322355
13878,4,0,0,0.14663996333877394
13879,1,0,0,0.0017443709456492296
13880,7,0,0,0.0007796879901716635
13881,9,0,0,0.003092099124773337
13882,3,0,0,0.00047050938164799644
13883,9,0,0,0.41068855506294455
13884,9,0,0,0.0037345448861512806
13885,10,0,0,0.0010276202826204088
13886,9,0,0,0.0011649622663870143
13887,7,0,0,0.02899408883139199
13888,5,0,0,0.026912248441789067
13889,2,0,0,0.007181855854473558
13890,10,0,0,0.025269737193083754
13891,6,0,0,0.023326017896191698
13892,7,0,0,0.00016833600796742655
13893,4,0,0,0.0003785784897953595
13894,10,0,0,0.00040026020849553035
13895,7,0,0,0.0005435242636642636
13896,7,0,0,0.000533610344507364
13897,4,0,0,0.0006258781136262207
13898,1,0,0,0.0006998950776448366
13899,3,0,0,0.07755001140894795
13900,4,0,0,0.00229580329135594
13901,1,0,0,0.0044067941158121215
13902,3,0,0,0.10937621916584561
13903,9,0,0,0.0015411818454432937
13904,6,0,0,0.00040245963271609445
13905,10,0,0,0.006881041565916769
13906,6,0,0,0.009098170379751533
13907,2,0,0,7.92689652924299e-05
13908,3,0,0,0.007010723034762135
13909,1,0,0,0.0007634828160592367
13910,1,0,0,0.0020022079880747134
13911,8,0,0,0.0006295584824422742
13912,3,0,0,0.005796575635847122
13913,9,0,0,0.00191442068428682
13914,2,0,0,0.00402707059951642
13915,8,0,1,0.7509891491974608
13916,4,0,0,0.0014188115263363385
13917,9,0,0,0.00036397637681215853
13918,2,0,0,0.0006069384773804448
13919,9,0,0,0.00046149199976043087
13920,8,0,0,0.0159157600540307
13921,9,0,0,0.0008363283693661907
13922,5,0,0,0.0010821733418262959
13923,2,0,0,0.0010790771235629569
13924,9,0,1,0.5475150906515843
13925,3,0,0,0.0026233270890967833
13926,1,0,0,0.20943317544269677
13927,3,0,0,0.12479240418469367
13928,5,0,0,0.00552703274425467
13929,2,0,0,0.007722313298464022
13930,10,0,0,0.066315190785715
13931,5,0,0,0.00012305567569795192
13932,2,0,0,0.005908133012466417
13933,4,0,0,0.016030921901162398
13934,10,0,0,0.00045598183798059057
13935,6,0,0,0.0012028004749812327
13936,1,0,1,0.7466939271863102
13937,10,0,0,0.00021774868311998544
13938,6,0,0,0.02115018251044549
13939,9,0,0,0.0017998614255746615
13940,8,0,0,0.00022759337225274144
13941,5,0,0,0.0002550813222860902
13942,10,0,0,0.0017209029164074055
13943,3,0,0,0.006374564487273624
13944,2,0,0,0.00035195219045663077
13945,7,0,0,0.000739113617645907
13946,7,0,0,0.03782457958511515
13947,2,0,0,0.05806810277292877
13948,9,0,0,0.0004750125490134107
13949,7,0,0,0.0030031686881827045
13950,2,0,0,0.009334286360498587
13951,1,0,0,0.0008083382030577701
13952,3,0,0,0.0005315507141225211
13953,3,0,0,0.037117475761630936
13954,3,0,0,0.00022630659938552552
13955,7,0,0,0.04318386287400398
13956,6,0,0,0.00046281387213790537
13957,3,0,0,0.003923354510060915
13958,1,0,0,0.001026886523115668
13959,7,0,0,0.07451050553560597
13960,2,0,1,0.9922592153240732
13961,1,0,0,0.0075314948574447
13962,2,0,0,0.04172025997301847
13963,5,0,1,0.9556991907087303
13964,1,0,0,0.0006130555638935032
13965,3,0,0,0.0008144832861483002
13966,10,0,0,0.054776890986901125
13967,3,0,1,0.7196041338794585
13968,9,0,0,0.0008365273321179832
13969,2,0,0,0.048563434191930974
13970,6,0,0,0.0010758794347385447
13971,4,0,0,0.0027997643297790475
13972,5,0,0,0.006239372475717961
13973,7,0,0,0.00015724603601003078
13974,3,0,1,0.7940122512780914
13975,8,0,0,0.009814498957887793
13976,4,0,0,0.0036873180650687947
13977,8,0,0,0.00828789939379908
13978,3,0,0,0.0006066455089636558
13979,2,0,0,0.0001983779514037027
13980,6,0,0,0.0005183922220524059
13981,9,0,0,0.1377782168180266
13982,4,0,0,0.013230638091248909
13983,4,0,0,3.39349947102181e-05
13984,4,0,0,0.005534733498110297
13985,9,0,0,0.005140419829047244
13986,3,0,0,0.004322139841970704
13987,7,0,0,0.006519770003217386
13988,2,0,0,0.0019204675898515655
13989,9,0,0,0.001496618224391088
13990,1,0,0,0.0038561442812061805
13991,6,0,0,0.00032407928720167695
13992,3,0,0,0.21801058469271112
13993,8,0,0,0.03450495815086864
13994,5,0,0,0.0017848757483602306
13995,9,0,0,0.2421635979273135
13996,7,0,0,0.000544582469076967
13997,1,0,0,0.0026845282952795983
13998,1,0,0,0.00016341655694180612
13999,10,0,0,0.06263082433641802
14000,1,0,0,0.010215586456151797
14001,9,0,0,0.00041318345743298783
14002,5,0,0,0.0007025884468760139
14003,7,0,0,0.00035279565234093126
14004,2,0,0,0.0004476704226971649
14005,4,0,0,0.0014213476344544225
14006,8,0,0,0.19928821916441666
14007,7,0,0,0.0007669316747848356
14008,3,0,0,0.003827662498500255
14009,10,0,0,7.741153305938856e-05
14010,2,0,0,0.0026707965894454894
14011,4,0,0,0.004965475712289532
14012,10,0,0,0.0021423965810220135
14013,9,0,0,0.0022980777073020858
14014,2,0,0,0.002465930058964465
14015,8,0,0,0.00010957972400618269
14016,5,0,0,0.050431671026086325
14017,1,0,0,0.0006081435465809368
14018,1,0,0,0.017856203186616473
14019,7,0,0,0.17812237235167372
14020,10,0,0,0.000751579604904329
14021,8,0,0,0.0006210904133792415
14022,4,0,0,0.03351426043060243
14023,2,0,0,0.00926665326533994
14024,9,0,0,0.008146376297339079
14025,7,0,1,0.5651270087106949
14026,1,0,0,0.001117280895424567
14027,4,0,0,0.0022687860501280546
14028,6,0,0,0.003708769797434257
14029,2,0,0,0.008666382849515597
14030,8,0,0,0.00014287353016770272
14031,1,0,0,0.0030496051929613135
14032,6,0,1,0.9965521432964761
14033,8,0,0,0.00020891155096958765
14034,5,0,0,0.010574099775158502
14035,3,0,0,0.0019545129675661264
14036,9,0,0,0.008480719799915312
14037,1,0,0,0.0012402950393327796
14038,1,0,0,0.02626309580510449
14039,10,0,0,0.001103675715016782
14040,9,0,0,0.000611801410314488
14041,2,0,0,0.0002847966947539541
14042,7,0,0,0.004844658169160502
14043,6,0,0,0.021819231231454295
14044,7,0,0,0.0008703912068778708
14045,6,0,0,0.007077570980702227
14046,7,0,0,0.0027073896240009418
14047,6,0,0,0.0029793377427863917
14048,3,0,0,0.0003564599885652115
14049,8,0,0,0.0005560727846989082
14050,9,0,0,0.05652632615612631
14051,6,0,0,0.002807924483232883
14052,5,0,0,0.0523564319041024
14053,9,0,0,0.0026428440143089448
14054,6,0,0,0.00031389231407737985
14055,9,0,0,0.00014174569206305048
14056,3,0,0,0.006446433055637017
14057,2,0,0,0.06581142366149054
14058,10,0,0,0.0021681796280706364
14059,3,0,0,0.05374426873368262
14060,7,0,0,0.00017182428081933133
14061,7,0,0,0.0006081005101728342
14062,10,0,0,0.00668194747050874
14063,4,0,0,0.0016905274735263677
14064,1,0,0,0.0035762322290783686
14065,3,0,0,0.0004286473089229288
14066,2,0,0,0.0006109574479898952
14067,8,0,0,0.00014686801250435162
14068,6,0,0,0.00019612416529421936
14069,10,0,0,0.0006308388132611908
14070,1,0,0,0.009752460256514476
14071,5,0,0,0.00268595496623598
14072,4,0,0,0.0029681969593811143
14073,2,0,0,0.0007841571539127999
14074,8,0,0,0.0008054237047257609
14075,7,0,1,0.9832010454849743
14076,9,0,0,0.0020389208437511758
14077,2,0,0,0.01152720346965231
14078,9,0,0,0.022767961400224107
14079,9,0,0,0.1253881706508892
14080,7,0,0,0.0010242522979432493
14081,7,0,0,0.0021324336648955904
14082,4,0,0,0.00012797773055333783
14083,9,0,0,0.0003951408724490243
14084,9,0,0,0.0016317843340582989
14085,6,0,0,0.00025893671569865873
14086,6,0,0,0.09963527126613439
14087,3,0,0,0.00036602694451230375
14088,9,0,0,0.000447849992636465
14089,7,0,0,0.007864810561112415
14090,9,0,0,0.033553131520409715
14091,1,0,0,0.0021704209542335556
14092,7,0,0,0.002750967730005738
14093,6,0,0,0.0012181539318769422
14094,1,0,0,0.07146924910560642
14095,3,0,0,0.0016569736194099588
14096,1,0,0,0.0024053741536612756
14097,8,0,0,0.01306223078238452
14098,8,0,0,0.08430770334533953
14099,7,0,0,0.012996237912635177
14100,7,0,0,0.18426547869350568
14101,7,0,0,0.0037060735066114622
14102,9,0,1,0.8471151763063478
14103,1,0,0,0.00042833176785635543
14104,7,0,0,0.0007316813223374337
14105,2,0,0,0.0002934073715799093
14106,3,0,0,0.001309965540096685
14107,10,0,0,0.02715025876371594
14108,4,0,0,0.0005269354124844718
14109,4,0,0,0.0001396967626346614
14110,10,0,0,0.0016520560318998494
14111,7,0,0,0.01409183317505283
14112,8,0,0,0.2953421285468293
14113,9,0,0,0.49013423546657736
14114,4,0,0,0.2715914299520525
14115,4,0,0,0.004539899405260798
14116,6,0,0,0.015202625052447186
14117,9,0,0,0.0029590332302236954
14118,6,0,1,0.9937262076913418
14119,4,0,1,0.9706012787779551
14120,3,0,0,0.002748144367042469
14121,8,0,0,0.0015260004651261078
14122,5,0,0,0.0007617919511638942
14123,9,0,0,0.0010737124539701695
14124,10,0,0,0.0016826275310039905
14125,5,0,0,0.18407716632526105
14126,2,0,0,0.1394576785065371
14127,2,0,1,0.9620342992157627
14128,6,0,0,0.09637838462807609
14129,5,0,0,0.0004528605961476932
14130,3,0,0,0.0019353790583075388
14131,3,0,0,0.00028882628436117957
14132,8,0,0,0.000873487437381047
14133,2,0,0,0.003484586774148208
14134,4,0,0,0.00526820721924767
14135,10,0,0,0.0005635421107897907
14136,4,0,0,0.1027648050290226
14137,8,0,0,0.00420365899696327
14138,4,0,0,0.002063658311719934
14139,10,0,0,0.004842246495817924
14140,7,0,0,0.0454081849666413
14141,3,0,0,0.001984006439132277
14142,9,0,0,0.00018103418818183017
14143,9,0,0,0.01719846395567948
14144,9,0,1,0.9530098106481537
14145,9,0,0,0.06058082980276921
14146,6,0,0,0.024176554416551005
14147,9,0,0,0.003690567607347743
14148,7,0,0,0.00033356728792916516
14149,10,0,0,0.0007805299970627446
14150,4,0,0,0.002291492140494305
14151,10,0,0,0.0012170747890055049
14152,2,0,0,0.0008516894354405248
14153,4,0,1,0.8864346520557136
14154,7,0,0,0.0020519907231987375
14155,3,0,0,0.00015422932254643886
14156,2,0,0,0.0011596592331592666
14157,8,0,0,0.04437612597321603
14158,3,0,0,0.0008070043091222972
14159,4,0,0,0.3191728880442992
14160,1,0,0,0.3604665874124431
14161,4,0,0,0.00034638697409215694
14162,9,0,1,0.9995071468432296
14163,5,0,0,0.01735837891020971
14164,1,0,0,0.0038002359200262356
14165,8,0,0,0.0025332515539947757
14166,8,0,0,0.0005493704664210018
14167,6,0,0,0.016817179095205775
14168,5,0,1,0.9772329710116106
14169,7,0,0,0.005482913616401617
14170,1,0,0,0.0007602805369069509
14171,1,0,0,0.012805316782588626
14172,4,0,0,0.020624624035346817
14173,8,0,0,0.0009040367431768574
14174,4,0,0,0.0004759209829132181
14175,4,0,0,0.0021874501383738858
14176,9,0,0,0.059896198299173004
14177,1,0,0,0.0023091115075735604
14178,10,0,1,0.8155706190205225
14179,9,0,1,0.9741623323076043
14180,10,0,0,0.027104232248491754
14181,3,0,0,0.003668353484895066
14182,3,0,0,0.016287460311640564
14183,1,0,0,0.00020875804570759748
14184,6,0,0,0.0014810538073863203
14185,4,0,0,0.0063660291281683185
14186,5,0,0,0.008895102013573056
14187,8,0,0,0.0009563121123995888
14188,4,0,0,0.10380893850980594
14189,2,0,0,0.023286313438796256
14190,8,0,0,0.0012029457754835632
14191,7,0,0,0.0019157342700494846
14192,5,0,0,0.004588806917998902
14193,4,0,0,0.000104096279758326
14194,10,0,0,0.0011464809894839367
14195,6,0,0,0.0008836224944784838
14196,5,0,0,0.10268884852028898
14197,2,0,0,0.003958539610128069
14198,9,0,0,0.0033984936015314143
14199,7,0,0,0.029471721598665086
14200,2,0,0,0.012720435460449372
14201,4,0,0,0.004117396145857093
14202,6,0,0,0.0001228279503400806
14203,10,0,0,0.00021009099607326338
14204,2,0,0,0.0003863012959279115
14205,1,0,0,0.0005914992120449714
14206,5,0,0,0.0021857609340689733
14207,3,0,0,0.002800127742183088
14208,3,0,0,0.24696378786191858
14209,4,0,0,0.13162424220427849
14210,3,0,0,0.0023315783669390173
14211,1,0,0,0.00014357265542400528
14212,9,0,0,0.00014757161593339808
14213,8,0,0,0.008705956337505816
14214,2,0,1,0.9851573149889941
14215,10,0,0,0.006528202529377283
14216,4,0,0,0.0056006284738318165
14217,4,0,0,0.0036820764706499837
14218,9,0,0,0.024829958120846193
14219,3,0,0,6.593354697835628e-05
14220,4,0,0,0.14651536644752367
14221,4,0,0,0.0774765151209186
14222,9,0,0,0.0014675362371098736
14223,8,0,0,0.0027284940432322556
14224,3,0,0,0.0029171997288582057
14225,3,0,0,0.004139208722209108
14226,9,0,0,0.00021162106005420857
14227,7,0,0,0.010024951487270017
14228,9,0,0,0.0165398516884674
14229,7,0,0,0.00023003005798507883
14230,8,0,0,0.010664260576770827
14231,8,0,0,0.00011844552317492037
14232,4,0,1,0.9827831223575715
14233,8,0,0,0.0015446346340900732
14234,7,0,0,0.00023958226568782136
14235,10,0,0,0.12259419142788328
14236,7,0,0,0.04125369462912875
14237,1,0,1,0.9971216569024268
14238,9,0,0,0.0008221010363776969
14239,3,0,0,0.00047595079698048383
14240,3,0,0,0.0006228971359419613
14241,4,0,0,0.005714414812786755
14242,4,0,0,0.009194385605666908
14243,6,0,0,0.0031202679824265255
14244,5,0,0,0.0008271273025921825
14245,3,0,0,0.23972484992661436
14246,8,0,0,0.00023218441756835492
14247,3,0,0,0.00016759180860503813
14248,8,0,0,0.36635188073978603
14249,5,0,0,0.013851673889940302
14250,7,0,0,0.0033933757287756845
14251,8,0,0,0.005299367083260107
14252,5,0,0,0.001063597655128246
14253,2,0,0,0.0004843254634990726
14254,8,0,0,0.007251386864750608
14255,5,0,0,0.0009646389666893456
14256,1,0,0,0.00017801559021218643
14257,4,0,0,0.0010838653044192834
14258,6,0,1,0.5907080848722688
14259,1,0,0,0.0029767450808719483
14260,1,0,0,0.0032662874790189518
14261,1,0,0,0.00028678028851986153
14262,1,0,0,0.0008542547499841065
14263,4,0,0,0.0010867763208844096
14264,9,0,0,5.800499148128851e-05
14265,10,0,0,0.032641695566595096
14266,9,0,0,0.0068361260873094545
14267,2,0,0,0.002686319705784703
14268,10,0,0,0.0003677495290388225
14269,8,0,0,0.023349046090520836
14270,6,0,0,0.0004208145947002326
14271,1,0,0,0.00011762120893348301
14272,5,0,0,0.23308238940051043
14273,1,0,0,0.002589204231283177
14274,1,0,0,0.0015280111743757661
14275,3,0,0,0.03400545232827195
14276,1,0,0,0.0015067958416521846
14277,10,0,0,0.0019811974627307305
14278,1,0,0,0.0002537899705561138
14279,4,0,0,0.0008059072886897647
14280,7,0,0,0.004757559382059171
14281,1,0,0,0.0004527913380265279
14282,3,0,0,0.00034945299694798514
14283,4,0,0,0.002766440570150849
14284,1,0,1,0.9986638421379346
14285,2,0,0,0.0009559615183561423
14286,4,0,0,0.0005403284926085264
14287,1,0,0,0.0012838324821293793
14288,7,0,0,9.052521256907242e-05
14289,1,0,0,0.00010472273148618254
14290,6,0,0,0.0974187603798092
14291,10,0,0,0.00041373142812423444
14292,6,0,0,0.0027515880422240807
14293,5,0,0,0.0009481541284800023
14294,8,0,0,0.0016808542023423005
14295,7,0,0,0.0005578312492302671
14296,10,0,0,0.011051996001747114
14297,10,0,0,0.0028111490123533807
14298,6,0,0,0.0005653071556107421
14299,8,0,1,0.9998214220442969
14300,1,0,0,0.00211138645093459
14301,8,0,0,0.0024233033388490356
14302,7,0,0,0.0006603071943810717
14303,10,0,1,0.9987947249748947
14304,7,0,0,0.0007143675353655328
14305,7,0,0,0.0039738679446280865
14306,9,0,0,0.0006695255453987964
14307,6,0,0,0.026424838513244345
14308,4,0,0,0.00043738126441056764
14309,4,0,0,0.005035980845344624
14310,4,0,0,0.03685434470628873
14311,6,0,0,6.443826828343856e-05
14312,3,0,1,0.9967805614622175
14313,5,0,0,0.005296355411773118
14314,8,0,0,0.00021809705507637084
14315,8,0,0,0.0010678437406690373
14316,7,0,0,0.00015278152801161325
14317,6,0,0,0.007666554214858843
14318,5,0,0,0.0001879777293875326
14319,7,0,1,0.8627623437223902
14320,9,0,0,0.00037010134834407246
14321,1,0,0,0.0003387774155804867
14322,6,0,0,0.00392288694740309
14323,3,0,0,0.00137955061365889
14324,10,0,0,0.020753579692754556
14325,4,0,0,6.836557226001502e-05
14326,10,0,0,0.33554083135939083
14327,8,0,0,0.0005404106724443969
14328,3,0,0,0.0014351752518904674
14329,6,0,0,0.0662063651526982
14330,4,0,0,0.015509643180754172
14331,1,0,0,0.002061648872584062
14332,4,0,0,0.011597230964731097
14333,6,0,0,0.04063391724956094
14334,3,0,0,0.0014339467690833395
14335,7,0,0,0.011258430817280085
14336,4,0,0,0.0016302950749440207
14337,5,0,0,8.779847982279836e-05
14338,6,0,0,0.001178854978194554
14339,7,0,0,0.00043493274488601795
14340,8,0,0,0.32367096328085765
14341,5,0,0,0.0006570054170838116
14342,8,0,0,0.0006045626230854297
14343,5,0,0,0.001064115909901603
14344,8,0,0,0.00040239758181551783
14345,9,0,0,0.29224156269589996
14346,10,0,0,0.0014244846985945997
14347,8,0,0,0.014192024761379984
14348,2,0,0,0.059930209926988276
14349,10,0,0,0.013745415219130488
14350,1,0,0,0.0007870376929139768
14351,8,0,0,0.0019523405230005028
14352,2,0,0,0.001888662759156566
14353,9,0,0,0.0011226100120357517
14354,2,0,0,0.0027186784943666717
14355,4,0,0,0.0038392833813158107
14356,1,0,0,0.0015818930909968414
14357,5,0,0,0.00021675096214799562
14358,9,0,0,0.0024620855750927635
14359,9,0,0,0.0006515690194373458
14360,6,0,0,0.0018295612752313273
14361,5,0,0,0.0018662497448762995
14362,8,0,0,0.004482635254622203
14363,4,0,0,0.0024828945894274017
14364,7,0,0,0.012010968109708208
14365,2,0,0,0.0007723853053694742
14366,4,0,0,0.0006874494784356738
14367,8,0,0,0.0006351706404821041
14368,4,0,0,0.0007335003478106575
14369,9,0,0,0.45247772362706634
14370,2,0,0,0.007693990947214874
14371,6,0,0,0.0014555099599239166
14372,3,0,0,0.0001391137668235621
14373,1,0,0,0.010867726247851912
14374,10,0,1,0.9918766748491648
14375,4,0,0,0.0026052761084286065
14376,1,0,0,0.0034109710778718505
14377,5,0,0,0.020149085490338687
14378,6,0,0,0.014721496433936615
14379,7,0,0,0.014260363610880645
14380,7,0,0,0.0005930441081533133
14381,10,0,0,0.0034199198977447696
14382,5,0,0,0.0012060645674696919
14383,2,0,0,0.010008191887151345
14384,1,0,0,0.014144611885108283
14385,9,0,0,0.0017381549101204738
14386,3,0,0,0.15287739347566917
14387,10,0,0,0.03809854202668256
14388,6,0,0,0.0003497477343918916
14389,1,0,0,0.133466969598509
14390,3,0,0,0.022472257669387062
14391,4,0,0,0.04496222285150564
14392,4,0,0,0.006106346507753343
14393,2,0,1,0.994676319730692
14394,4,0,0,0.09632398985744622
14395,2,0,0,0.002754877449002217
14396,10,0,0,0.0004856523128298125
14397,9,0,0,0.002653628944118847
14398,4,0,1,0.5570464550187741
14399,2,0,0,0.004495933085615705
14400,9,0,1,0.5650163473519456
14401,5,0,0,0.00010041581191006378
14402,7,0,0,0.07307660873021544
14403,1,0,0,0.0003390551130120979
14404,5,0,0,0.0006682403324168766
14405,1,0,0,0.017210172465678096
14406,2,0,0,0.001076567227405303
14407,10,0,0,0.0027515584796306354
14408,4,0,0,0.05426508556094607
14409,9,0,1,0.9330545215140613
14410,6,0,0,0.0007000604419051961
14411,4,0,0,0.0014409522566157784
14412,4,0,0,4.221898116699933e-05
14413,6,0,0,0.0001621698471584168
14414,10,0,0,0.008698441767203028
14415,6,0,0,0.00037948428261535
14416,3,0,0,0.0015323362532866217
14417,8,0,0,0.0003583400521158853
14418,9,0,1,0.754733727222683
14419,2,0,0,0.0004880576916559173
14420,4,0,0,0.090807661515781
14421,2,0,0,0.002314743869569852
14422,5,0,1,0.994019484665258
14423,5,0,0,0.0052365551653701424
14424,4,0,0,0.004651352720765176
14425,1,0,0,0.0015778049169202831
14426,6,0,0,0.00101754690902233
14427,10,0,0,0.04156621484279958
14428,9,0,0,0.008194661001501808
14429,7,0,1,0.9872762067242735
14430,3,0,0,0.00730653520223521
14431,2,0,0,0.002424841364695351
14432,10,0,0,0.009374087715088726
14433,7,0,0,0.00010763710043925431
14434,3,0,0,0.0034772314326681625
14435,5,0,0,0.004076172826375712
14436,10,0,0,0.038368164663960445
14437,2,0,0,9.798350306857937e-05
14438,10,0,0,0.0015602824563417546
14439,6,0,0,0.00011599946025687531
14440,10,0,0,0.0013251695935468989
14441,9,0,0,0.0005807397857627882
14442,6,0,0,0.008994314506593774
14443,1,0,0,0.009232747393089142
14444,8,0,0,0.0006056929365438276
14445,10,0,0,0.4730579943709725
14446,10,0,0,0.008072486356100205
14447,9,0,0,0.0012818268155575542
14448,5,0,0,0.00022541717384272705
14449,5,0,0,0.0019070516549217873
14450,4,0,0,0.029506705189344923
14451,9,0,1,0.9848388733389872
14452,9,0,0,0.0004361102799823035
14453,1,0,0,0.005001111556011034
14454,4,0,0,0.0017749241575771768
14455,1,0,0,0.00017455862371218412
14456,2,0,0,0.00014654075728775425
14457,5,0,0,0.0015063197515075405
14458,5,0,0,0.00030884192385134386
14459,8,0,0,0.06239028168142038
14460,4,0,0,0.0011148359616418584
14461,8,0,0,0.013089444449029215
14462,7,0,0,0.013413664089090881
14463,2,0,0,0.00018742147539833973
14464,7,0,0,0.0026721733266926373
14465,5,0,0,0.012900868450625613
14466,6,0,0,0.000774451768322034
14467,8,0,0,0.00100359767443737
14468,2,0,0,0.0002576759199446655
14469,8,0,0,0.0007121308939371568
14470,4,0,0,0.00023369068141947807
14471,3,0,0,0.0016644038290544896
14472,6,0,0,0.008085624085100301
14473,10,0,0,0.022454968979059197
14474,6,0,0,0.0951669254133683
14475,1,0,0,0.038425426327316985
14476,10,0,0,0.0008425694732178187
14477,4,0,0,0.00584491619145001
14478,2,0,0,0.0003610348952306746
14479,8,0,0,0.001051119919647761
14480,7,0,0,0.00017025602375805174
14481,7,0,0,0.0002950211245637176
14482,7,0,0,0.004051092407494938
14483,6,0,0,0.0036418235953479313
14484,3,0,0,0.023328762487322522
14485,2,0,0,7.0026969036177e-05
14486,1,0,0,0.011517044807956761
14487,4,0,0,0.0015489982739869124
14488,4,0,0,0.00021742085019635227
14489,8,0,0,0.001638237370973258
14490,9,0,0,0.03749648240523574
14491,6,0,0,0.00012240173663064828
14492,6,0,0,0.00497842403644608
14493,7,0,0,0.0024416620189335794
14494,7,0,0,0.0009224669843571151
14495,3,0,0,0.0003991425950467223
14496,2,0,0,0.0007020311989943188
14497,10,0,0,0.0004337891282901376
14498,2,0,1,0.9881220667543278
14499,3,0,0,0.0018788774111102688
14500,1,0,0,0.06446244794863323
14501,9,0,0,0.0029296355011652047
14502,1,0,1,0.8656917849907599
14503,8,0,0,0.0051208234955415054
14504,5,0,0,0.0007944038073235635
14505,3,0,0,0.040595223659116886
14506,5,0,0,0.0030223624444542965
14507,2,0,0,0.0013004653403967362
14508,3,0,0,0.00020057957233168844
14509,9,0,0,0.0023306175042652854
14510,3,0,0,0.0025737277896531307
14511,9,0,1,0.7483407693873029
14512,10,0,0,0.09558141374803023
14513,2,0,1,0.9725479614878008
14514,2,0,0,0.24489938086308588
14515,9,0,0,0.004440402673081813
14516,10,0,0,0.00048160334778983403
14517,6,0,0,0.001917475853995148
14518,7,0,0,0.000461541413571812
14519,6,0,0,0.05145226478816974
14520,2,0,0,0.003925082148066551
14521,8,0,0,0.01851904600484711
14522,5,0,0,0.0009737421190321155
14523,2,0,0,0.004478601791883032
14524,6,0,0,0.00018177687263833413
14525,1,0,0,0.006020312568777013
14526,6,0,0,0.0016345347670164209
14527,5,0,0,0.026640065945971136
14528,10,0,0,0.0034517035574654735
14529,4,0,0,0.00028419367677239905
14530,8,0,0,0.017459202102221575
14531,2,0,0,0.001750287422591605
14532,10,0,0,0.0010653952391726572
14533,8,0,0,0.0006254545629824226
14534,8,0,0,0.0006478937179047089
14535,6,0,0,0.002020945816204675
14536,3,0,0,0.0020699571477357077
14537,9,0,0,0.0004015682464741083
14538,9,0,0,0.00028482894359577974
14539,4,0,0,0.0042020546037109955
14540,2,0,0,0.0003204451299009728
14541,3,0,0,0.013853057603343419
14542,7,0,0,0.0009029577150907438
14543,5,0,0,0.0010573672280894029
14544,2,0,0,0.0009365407650820776
14545,6,0,0,0.005077356745334438
14546,5,0,0,0.0008534953121125189
14547,7,0,0,0.0003639044700713311
14548,4,0,0,0.0022121323926237056
14549,6,0,0,0.0009506600474686563
14550,3,0,0,0.0015759670060607317
14551,4,0,0,0.024382363944565593
14552,8,0,0,0.00431251051103306
14553,2,0,0,0.2646632486381816
14554,4,0,1,0.716403600033271
14555,1,0,0,0.00024155741901277748
14556,3,0,0,0.0007049973093882732
14557,9,0,0,0.0006015805205899054
14558,9,0,0,0.009769402529855625
14559,8,0,0,0.00038035911208564104
14560,9,0,0,0.010093743707877556
14561,8,0,0,0.018234079668712374
14562,8,0,0,0.010901123176495879
14563,5,0,0,0.00018788273425699402
14564,5,0,0,0.013378462321838145
14565,6,0,0,0.0011864951323651341
14566,4,0,0,7.379971169925219e-05
14567,3,0,1,0.9997872712715072
14568,1,0,0,0.0010743337223427117
14569,7,0,0,0.0010105058682552482
14570,10,0,0,0.03058305511315426
14571,1,0,0,0.00038438919476177925
14572,7,0,0,0.004128156365108928
14573,6,0,0,0.13276582480583213
14574,3,0,0,0.00024057596949266468
14575,6,0,0,0.0013307050936933126
14576,1,0,0,0.002944266469385781
14577,3,0,0,0.13141220305644744
14578,9,0,0,0.015948530394024538
14579,7,0,0,0.006835787788970093
14580,6,0,0,0.0012780783589759859
14581,7,0,0,0.00047929213172467737
14582,4,0,0,0.0057319587231160155
14583,10,0,0,0.31985015730361777
14584,9,0,0,0.0002014061297210329
14585,9,0,0,6.0076034852612826e-05
14586,7,0,0,0.0015494015974732679
14587,3,0,0,0.0005507612584090492
14588,9,0,0,0.0003774385337018624
14589,6,0,0,0.0007815245187664506
14590,5,0,0,0.0002834416367959447
14591,2,0,0,0.0011565846961995965
14592,5,0,0,0.0022536104859285826
14593,7,0,0,0.04001184587537601
14594,2,0,1,0.759241823609225
14595,5,0,0,0.0002514035931846511
14596,7,0,0,0.015354707547572528
14597,9,0,0,0.0006570460752236093
14598,5,0,0,0.019848333586821396
14599,4,0,0,0.0005268062844861604
14600,10,0,0,0.0035920153621160165
14601,6,0,0,0.06980632117435821
14602,7,0,0,0.004421736533615266
14603,9,0,0,0.00733688836521839
14604,1,0,0,0.010373461874076097
14605,6,0,0,0.0003877997565756214
14606,7,0,1,0.860191082518363
14607,2,0,0,0.004621983255923269
14608,6,0,0,0.007235236846708024
14609,9,0,0,0.00860806858339366
14610,8,0,0,0.08531204251817653
14611,10,0,0,0.12993161986192267
14612,10,0,0,0.0008346044691472027
14613,5,0,0,0.004487087701748169
14614,3,0,0,0.008800745191881097
14615,5,0,0,0.021036171810357752
14616,8,0,0,0.004812312756574406
14617,2,0,0,0.0002378081516979091
14618,10,0,0,0.0003265266555509957
14619,4,0,0,0.00047306756272976505
14620,10,0,0,0.0006439650250684547
14621,1,0,0,0.10392311221252166
14622,3,0,0,0.0028076511015705167
14623,8,0,0,0.001403365072848787
14624,3,0,0,6.3121314733776e-05
14625,10,0,0,0.004973292670909255
14626,6,0,0,0.000637411952133903
14627,10,0,0,0.000506398745253186
14628,7,0,0,0.010059350744314927
14629,9,0,0,0.003937304455413069
14630,7,0,0,0.006705465901938661
14631,4,0,0,0.07141362639595851
14632,2,0,0,0.003255755222636674
14633,8,0,0,0.01628172687201245
14634,10,0,0,0.0005281141810704959
14635,3,0,0,0.0016713971132529418
14636,8,0,0,0.0006971265358001271
14637,10,0,0,0.0026508092700424655
14638,9,0,0,0.001192433549148738
14639,2,0,0,0.005668334315581452
14640,4,0,0,0.002121024773555708
14641,3,0,0,0.00939588866568038
14642,9,0,0,0.0014684557950024998
14643,2,0,1,0.6694628521727308
14644,10,0,0,0.012635736499709796
14645,7,0,0,0.00011613592881243965
14646,3,0,0,0.028633142451776845
14647,8,0,0,0.008300157166977667
14648,10,0,0,0.000693594239742575
14649,5,0,0,0.00015609482153614536
14650,4,0,0,0.003198603962740099
14651,9,0,0,0.0006798311429196881
14652,5,0,0,0.006733156573872251
14653,2,0,0,0.016098428019168772
14654,7,0,0,0.003299018168755898
14655,8,0,0,0.002462852238430025
14656,1,0,0,0.0003567154432337576
14657,2,0,0,0.0012988071488521777
14658,4,0,0,0.001838957631376709
14659,8,0,0,0.002267545634384867
14660,1,0,0,0.00036481287506157735
14661,6,0,1,0.9992688968339923
14662,3,0,0,0.000779854722207781
14663,6,0,1,0.9998018044169226
14664,10,0,0,0.0018146137073705502
14665,1,0,0,6.964963497367555e-05
14666,9,0,0,0.001751427424651441
14667,2,0,0,0.0012591723739106813
14668,3,0,0,0.004898076524985764
14669,5,0,0,0.00015340691433104366
14670,6,0,0,0.002714090287662739
14671,8,0,0,0.03111359860548841
14672,10,0,0,0.006827372098455207
14673,8,0,0,0.0040542878529627735
14674,2,0,0,0.044771506554349444
14675,8,0,0,0.003140646428468748
14676,8,0,0,0.008770891480684157
14677,9,0,0,0.0005333028168594557
14678,1,0,0,0.029026297804373047
14679,8,0,0,0.0004592796720014575
14680,1,0,0,0.019956860560431538
14681,10,0,0,0.02203496929487418
14682,7,0,0,0.004483614141828354
14683,8,0,0,0.008363039206302676
14684,10,0,0,0.0006101199556962213
14685,7,0,0,0.08481218016752066
14686,3,0,0,0.24830558507849781
14687,8,0,0,0.0020825297547792418
14688,1,0,0,0.0005682580309468902
14689,1,0,0,0.0003904006512889358
14690,8,0,0,0.0024823101152130467
14691,1,0,0,4.601701079479561e-05
14692,5,0,0,0.004134624431429519
14693,9,0,0,0.002219288470460512
14694,7,0,0,0.03585455642515721
14695,6,0,0,0.07245299815050589
14696,3,0,0,0.000415066975218837
14697,10,0,0,0.0002220572677924256
14698,1,0,0,0.0006283994718832407
14699,9,0,0,0.00021898070393733672
14700,2,0,0,0.0019261232798318557
14701,1,0,0,0.00015612880805255397
14702,8,0,0,0.000536490139117281
14703,9,0,0,0.04395347538930453
14704,2,0,0,0.0008940411655607886
14705,5,0,0,0.018710931308234348
14706,4,0,0,0.005694204685758625
14707,5,0,0,0.004600363379440169
14708,3,0,0,0.00863230774077377
14709,1,0,0,0.00811489659458337
14710,2,0,0,0.00944944053930608
14711,10,0,1,0.972614030975653
14712,7,0,0,0.0002570398284350653
14713,6,0,0,0.1169891692807303
14714,1,0,0,0.0026115051077758643
14715,8,0,0,0.03635297280637918
14716,8,0,0,0.0031528571686685117
14717,7,0,0,0.0008746708239257705
14718,3,0,0,0.23471626240271354
14719,1,0,0,0.0034740580956470523
14720,3,0,0,0.004676696276408084
14721,10,0,0,0.14839080798498716
14722,1,0,0,0.000566190354120912
14723,8,0,0,0.010516984608836346
14724,10,0,0,0.0017008891913691013
14725,5,0,0,0.00012801562852505203
14726,4,0,0,0.0005972006182354524
14727,7,0,1,0.9994324304283679
14728,8,0,0,0.0007093994817212715
14729,7,0,0,0.0011367858574037866
14730,5,0,0,0.001155402835226942
14731,8,0,0,0.3034976678354323
14732,7,0,0,0.0001622958269085057
14733,8,0,0,0.0015508090237289925
14734,4,0,0,0.001481466122652747
14735,5,0,0,0.006417599432318386
14736,8,0,0,0.023044691804185294
14737,2,0,0,0.004939555547030697
14738,7,0,0,0.0003386534848648294
14739,9,0,0,0.04429560689269056
14740,9,0,0,0.003883136801901456
14741,9,0,0,0.00250984871759269
14742,7,0,0,0.006373904387335653
14743,5,0,0,0.005790375577097774
14744,8,0,0,0.010711557883072497
14745,8,0,0,0.016082346132589406
14746,8,0,0,0.015967129714615093
14747,6,0,0,0.0002789735252229314
14748,2,0,0,0.00018990690253004646
14749,6,0,0,0.00018911269759601108
14750,3,0,0,0.4735231851812088
14751,4,0,0,0.06011338642836275
14752,10,0,0,0.000695558408229445
14753,1,0,0,0.0004353003131015031
14754,9,0,0,0.003545563350946625
14755,3,0,0,0.001986370346844063
14756,1,0,0,0.0012280078164131163
14757,2,0,0,0.024307606669171564
14758,8,0,0,9.020619089506586e-05
14759,6,0,0,0.011236891661630348
14760,3,0,0,0.016760334436146676
14761,10,0,0,0.006136726346133315
14762,2,0,0,0.00018144992909349363
14763,8,0,0,0.0034836808682237107
14764,7,0,0,0.004539015017627986
14765,9,0,0,0.002724629315507506
14766,8,0,1,0.991620633175089
14767,10,0,0,0.26648799191740946
14768,7,0,0,0.006370834467077854
14769,5,0,1,0.9788669321438722
14770,4,0,0,0.0017135917966707328
14771,7,0,0,0.0009072603400095247
14772,6,0,0,0.0001290819849575794
14773,7,0,0,0.0013099336913739955
14774,7,0,0,0.00019722956620275633
14775,4,0,0,0.0010341204510945546
14776,5,0,0,0.004009813330811994
14777,7,0,0,0.0320122647922189
14778,10,0,0,0.0018243600517044468
14779,4,0,0,0.0019537860128043855
14780,7,0,0,0.0004661723387885102
14781,8,0,0,0.00034192442620466814
14782,9,0,0,0.006814655710765784
14783,7,0,0,4.323915686413472e-05
14784,10,0,0,0.00041399055793678796
14785,3,0,0,0.0004869317473141293
14786,2,0,0,0.0013220052936204524
14787,5,0,0,0.0007222711852897263
14788,7,0,0,0.0022060432474165234
14789,6,0,0,0.041635634365024383
14790,4,0,0,0.00029176307300639266
14791,1,0,0,0.006501910498152519
14792,4,0,0,0.0030501295425481552
14793,3,0,1,0.9232803136618042
14794,4,0,0,0.0002376203614696034
14795,4,0,0,0.18672376485972664
14796,7,0,0,0.038461834196486924
14797,10,0,1,0.6988533040796215
14798,4,0,0,0.0001991168097369854
14799,4,0,0,0.06685223213996118
14800,1,0,0,0.0004096625700174072
14801,8,0,0,0.0002818866012475901
14802,3,0,0,0.0004460254952554086
14803,10,0,0,0.0005244349006879553
14804,2,0,0,0.00471881891994801
14805,10,0,0,0.0017171695957662009
14806,9,0,0,0.02021241673048293
14807,6,0,0,0.014698447958958052
14808,4,0,0,0.003490006464898459
14809,3,0,0,0.0006659246475353885
14810,7,0,0,0.00047747345275441573
14811,4,0,0,0.00581074862149259
14812,6,0,0,0.010975037564051368
14813,2,0,0,0.11151569171745374
14814,5,0,0,0.19030296797611393
14815,5,0,0,0.003371341337552852
14816,3,0,0,6.350176919108549e-05
14817,4,0,0,0.0008092288102186666
14818,10,0,0,0.01919881701472484
14819,8,0,0,0.010524367101699367
14820,3,0,0,0.00031890105949808497
14821,6,0,0,0.00026010044439393873
14822,8,0,0,0.07050294396691362
14823,6,0,0,0.0007846313550602742
14824,10,0,0,0.16110909935377704
14825,1,0,1,0.9727812495490165
14826,2,0,0,0.00020209233539546657
14827,8,0,0,0.0007594486789526798
14828,5,0,0,0.0029676769133542787
14829,8,0,1,0.7072798541284342
14830,8,0,0,0.2659268137430007
14831,4,0,0,0.0011572610368227822
14832,4,0,0,0.03148363727365974
14833,9,0,0,0.0019553284804826117
14834,10,0,0,0.012119388864833335
14835,3,0,0,0.004806735206396351
14836,8,0,0,0.00121696270878251
14837,9,0,0,0.0004451432858739549
14838,1,0,0,0.003162189794442099
14839,3,0,0,0.00307250924068774
14840,2,0,0,0.00036556865824590855
14841,1,0,0,0.00013341909979665956
14842,2,0,0,0.03422239320938432
14843,5,0,0,0.0016793525803200488
14844,4,0,1,0.9610896609840556
14845,8,0,0,0.0005370132064166746
14846,7,0,0,0.0010799602266710557
14847,9,0,0,0.04422023871848794
14848,10,0,0,0.004789540829326207
14849,9,0,0,0.0008670276078120831
14850,5,0,0,0.00014718305839264207
14851,6,0,0,0.22448242225965492
14852,5,0,0,0.0011517167656657629
14853,9,0,0,0.027072721796176726
14854,4,0,0,0.000674564119226299
14855,3,0,0,0.0028716832646636203
14856,7,0,0,0.0024283951570803807
14857,1,0,0,0.0005401840236942013
14858,5,0,0,0.0005682982446430725
14859,8,0,0,0.056106081503782365
14860,1,0,0,0.0013163904646362411
14861,2,0,0,9.094438570291362e-05
14862,3,0,0,0.0035530675003414363
14863,1,0,0,0.002577419544191251
14864,9,0,0,0.0005740111672229173
14865,4,0,0,0.003179950449904605
14866,1,0,0,0.02416288782091324
14867,6,0,1,0.9997889521261022
14868,6,0,0,0.007817779410703454
14869,10,0,0,0.004954613510607187
14870,5,0,0,0.0020317067367194067
14871,6,0,0,0.003654293350768038
14872,1,0,0,0.0021935940368907553
14873,9,0,0,0.0038395842481343664
14874,1,0,0,0.0007581768113582817
14875,10,0,0,0.008531975284740584
14876,10,0,0,0.0004258395301511617
14877,2,0,0,0.0019218909725601172
14878,2,0,0,0.00038978563808643126
14879,9,0,0,0.0020779028079972424
14880,6,0,0,0.10550285609128104
14881,5,0,0,0.0656638390684156
14882,7,0,0,0.0013887442766419014
14883,1,0,0,0.0004395022090047691
14884,5,0,0,0.002537617879961547
14885,4,0,0,0.009595887895993834
14886,5,0,0,0.0004957090825456529
14887,5,0,0,0.0033601760389937495
14888,10,0,0,0.018320796302496337
14889,8,0,0,0.36547239285237343
14890,6,0,0,0.004728085358058773
14891,5,0,0,0.00043165134015116366
14892,6,0,0,0.00019930957176875167
14893,8,0,0,0.0005563650102028995
14894,9,0,0,0.00040583130670510283
14895,6,0,0,0.00682686517796221
14896,5,0,0,0.0037033131018688746
14897,6,0,0,0.06774025486145005
14898,3,0,0,0.08688904443911907
14899,1,0,0,0.0007376026446151919
14900,2,0,1,0.9646718072224649
14901,7,0,0,0.003195989768000511
14902,6,0,0,0.00010828792687778771
14903,8,0,0,0.4419555488965046
14904,3,0,0,0.00016499246398339265
14905,5,0,0,0.0008621184858789172
14906,7,0,0,0.0052830727507139075
14907,10,0,0,0.054293324527024435
14908,3,0,0,0.0013805762290655117
14909,3,0,1,0.8406765346835603
14910,3,0,0,0.0006415146169005908
14911,1,0,0,0.00010761373069608446
14912,7,0,0,0.0030784896563612594
14913,8,0,0,0.0005517126717927067
14914,3,0,0,0.011702201745581255
14915,1,0,0,0.00019755719105930437
14916,3,0,0,0.00014823774498590598
14917,10,0,0,0.012385741618153059
14918,3,0,0,0.00016778598151542007
14919,1,0,1,0.70374283789488
14920,6,0,0,0.008604610642792183
14921,8,0,0,0.0007237031393165347
14922,2,0,0,0.008940361018737157
14923,3,0,0,0.0005853647681023155
14924,5,0,1,0.6019274709604556
14925,5,0,0,0.0007046518871617068
14926,10,0,0,0.0005747802695639043
14927,7,0,0,0.007899859202941896
14928,4,0,0,0.0009436076982969039
14929,3,0,0,0.0008689544630894235
14930,8,0,0,0.33473895571341095
14931,5,0,0,0.001843370969971446
14932,6,0,0,0.004349706795320613
14933,7,0,0,0.002041192087000677
14934,8,0,0,0.0014113425561096088
14935,7,0,0,0.0009059703572442822
14936,6,0,0,0.0001022065090145228
14937,10,0,1,0.9979814303606439
14938,7,0,0,0.003454546037222246
14939,8,0,0,0.0006666493240112945
14940,7,0,0,0.00035974040558967344
14941,3,0,0,0.005247771609926863
14942,7,0,0,0.04926486203649712
14943,4,0,0,0.09815842584639753
14944,8,0,0,0.0013935237508412208
14945,2,0,0,0.0017320229035997401
14946,10,0,1,0.8991032044770568
14947,7,0,0,0.011624803089943663
14948,4,0,0,0.0007450499987531761
14949,7,0,0,0.0010772479727305091
14950,5,0,0,0.003261737126186321
14951,1,0,1,0.6267732732790285
14952,8,0,0,0.0001619119065190552
14953,9,0,0,0.1673379604996047
14954,5,0,0,0.3949208862048519
14955,4,0,0,0.0011721403699721307
14956,2,0,1,0.5050683862473615
14957,2,0,0,0.005446469445195185
14958,3,0,0,0.012839011263073982
14959,2,0,0,0.0020872910021771797
14960,3,0,0,0.0003998142937168611
14961,3,0,0,0.0007507439773582974
14962,9,0,0,0.0004798578646274755
14963,3,0,0,0.038599894971427955
14964,9,0,0,0.07225324730528229
14965,3,0,0,0.0006114297034367211
14966,7,0,0,0.0071200905798792955
14967,8,0,0,0.0006253289229723284
14968,2,0,1,0.8691834024931002
14969,2,0,0,0.0018249472362149445
14970,8,0,0,0.002893478523518561
14971,8,0,0,0.40465681542069204
14972,10,0,0,0.006598829794774556
14973,7,0,0,0.00040567245963726275
14974,1,0,0,0.00017074924645677362
14975,2,0,0,0.015384048203863954
14976,9,0,0,0.010709269088606681
14977,7,0,0,0.0005343610627222793
14978,8,0,0,0.005167107654567357
14979,9,0,0,0.0027378762839454967
14980,7,0,0,0.0022932875785119625
14981,9,0,0,0.18403505437106982
14982,4,0,0,0.021786950277786685
14983,4,0,0,0.007001211001648495
14984,3,0,0,0.00022441677338086652
14985,3,0,0,0.010062735536306624
14986,5,0,0,0.0016187652974679492
14987,3,0,0,0.0027664537837091656
14988,7,0,0,0.0014199348921767904
14989,10,0,0,0.0018546208274580677
14990,8,0,0,0.006943894759678672
14991,9,0,0,0.009080047224334482
14992,1,0,0,0.0002813628791039599
14993,1,0,0,0.003619418812230594
14994,4,0,0,0.002401696056252411
14995,1,0,0,0.0020163197568001364
14996,5,0,0,0.00474752100955197
14997,6,0,0,0.04277127711112753
14998,7,0,0,9.046859895342188e-05
14999,8,0,0,8.9097275078039e-05
15000,7,0,0,0.008513941487933415
15001,2,0,0,0.020499187718455436
15002,5,0,0,8.73314741155331e-05
15003,2,0,0,0.005253040605898081
15004,2,0,0,0.00022274458529763908
15005,10,0,1,0.9011688534512501
15006,3,0,0,0.0025079727119299428
15007,7,0,0,0.001028186388403345
15008,9,0,0,0.0034724035443694096
15009,8,0,0,0.08559294105011882
15010,10,0,0,0.0016901915929682459
15011,3,0,0,0.021096369563054874
15012,9,0,0,0.0004219913589077685
15013,9,0,0,0.0061978855388603316
15014,7,0,0,0.0008339758283330036
15015,5,0,0,0.00046005309470951495
15016,6,0,0,0.00021174152990387663
15017,7,0,0,0.024727847190402583
15018,5,0,1,0.9550925753730387
15019,5,0,0,0.022531909406711022
15020,5,0,0,0.00011688516796447054
15021,3,0,1,0.691240355175027
15022,1,0,0,0.001709259918745965
15023,1,0,0,0.013147354458279113
15024,8,0,0,0.00043454065166924447
15025,2,0,0,0.00040858365239503786
15026,7,0,0,0.002542919951805501
15027,7,0,0,0.0035014035963970083
15028,10,0,1,0.9888998884544729
15029,6,0,0,7.680158434028512e-05
15030,5,0,0,0.0001432779309583252
15031,7,0,0,0.0003672308325514315
15032,10,0,0,0.001362289126450689
15033,8,0,0,9.045106877417593e-05
15034,8,0,0,0.0018839841674034362
15035,2,0,0,0.012154435218293227
15036,7,0,0,0.012852751284236102
15037,7,0,0,0.0042657018447581655
15038,5,0,0,0.005584470825407558
15039,10,0,0,0.0011369834010671168
15040,10,0,0,0.006650097518823986
15041,2,0,0,0.0011478110193103245
15042,3,0,0,0.00021583269776879026
15043,8,0,1,0.8591658488185977
15044,9,0,0,0.0030502634076508737
15045,1,0,0,0.00014585780323077516
15046,7,0,0,0.001197810094381373
15047,1,0,0,0.002103868552775149
15048,6,0,0,0.00705748180083182
15049,7,0,0,0.00039106610000750415
15050,9,0,1,0.9986661030459728
15051,5,0,0,0.0005656761056059043
15052,1,0,1,0.9654577839715599
15053,7,0,0,0.002348338919994191
15054,5,0,0,0.0028317294339093154
15055,7,0,0,0.000160010382614468
15056,10,0,0,0.0007082441061343981
15057,3,0,0,0.0010963332983711211
15058,8,0,0,0.00047552287463632276
15059,6,0,0,0.00015225589936264386
15060,3,0,0,0.004793194289097266
15061,1,0,0,0.0007154763774405145
15062,9,0,0,0.004085034843166037
15063,6,0,0,0.006530546535459394
15064,1,0,0,0.007729968511662556
15065,3,0,1,0.9825366687956465
15066,6,0,0,0.0014646200835155667
15067,5,0,0,0.0001562275730764565
15068,4,0,0,0.004319949790270796
15069,8,0,0,0.07777054208159315
15070,10,0,0,0.0025069083552810532
15071,6,0,0,0.00155419786619896
15072,8,0,0,0.1091878314790299
15073,8,0,0,0.08052936208696237
15074,3,0,0,8.214513251883268e-05
15075,7,0,0,0.051936765616625406
15076,9,0,0,0.0010415365372408616
15077,4,0,0,0.0018658824005871684
15078,10,0,0,0.0009169183339879479
15079,3,0,0,0.0003349417272366683
15080,3,0,0,0.008448354118231503
15081,3,0,0,0.008605056522082037
15082,7,0,0,0.004277354487389347
15083,5,0,0,0.00025626062250812905
15084,9,0,0,0.0010066014581533427
15085,2,0,0,0.00018338403206033226
15086,10,0,0,0.0021122711461806095
15087,3,0,0,0.4343399492764684
15088,6,0,0,0.0029475592152982876
15089,2,0,0,0.004091966251738438
15090,9,0,0,0.004131386779073817
15091,4,0,0,0.004816466543384482
15092,9,0,0,0.003938147608483217
15093,5,0,0,0.09914610646282461
15094,3,0,0,0.00010708463270013585
15095,9,0,0,0.00035109504129759056
15096,10,0,0,7.212500607619209e-05
15097,4,0,0,0.0012614635701083084
15098,5,0,0,0.004154990899057558
15099,9,0,0,0.0011785954427071502
15100,2,0,0,0.0002056972482665077
15101,5,0,0,0.03034436992476383
15102,1,0,0,0.0012943854187806383
15103,5,0,0,0.027034264470822314
15104,4,0,0,0.00037772302861896213
15105,6,0,0,0.0072634049661194425
15106,1,0,0,0.001084383814529153
15107,2,0,0,0.0009785810293535737
15108,2,0,0,0.0038936384290229873
15109,8,0,0,0.0006104401116398324
15110,1,0,0,0.0028127619127295616
15111,6,0,0,0.06775311920349425
15112,3,0,1,0.9951448294547651
15113,3,0,0,0.0017617158794688936
15114,7,0,0,0.0008107725501988437
15115,7,0,0,0.0012627082686267666
15116,3,0,0,0.0022144785138361166
15117,9,0,0,0.004243710607847597
15118,9,0,0,0.004887226949291612
15119,10,0,0,0.0017356718579211922
15120,3,0,0,0.000492072679035662
15121,6,0,0,0.0002305874831932487
15122,1,0,1,0.9101634294535352
15123,4,0,0,0.013471530582367814
15124,3,0,0,0.003597360578853788
15125,1,0,0,0.011647026633039894
15126,8,0,0,0.04434570530082255
15127,3,0,0,0.0007783846143590183
15128,10,0,0,0.0005133820759258344
15129,10,0,0,0.0034147796209619296
15130,1,0,0,0.0013601598438156412
15131,10,0,0,0.00040534795867408664
15132,1,0,0,0.0008347237798631912
15133,10,0,0,0.004309075148517854
15134,6,0,0,0.0007110387627176238
15135,10,0,0,0.01510591311288496
15136,6,0,0,0.0023984668333278717
15137,2,0,0,0.0020576133167767977
15138,2,0,0,0.005486444822950376
15139,1,0,0,9.189626644688311e-05
15140,1,0,0,0.002050548380782356
15141,6,0,0,0.0014719770448375065
15142,10,0,0,0.0023863696593652423
15143,3,0,0,0.002215933771898025
15144,9,0,0,0.013567410353978782
15145,6,0,0,0.0004219643190962806
15146,7,0,0,0.00035149987180419683
15147,5,0,0,0.005364740782592391
15148,9,0,0,0.004504651396746442
15149,6,0,1,0.8964010708717528
15150,2,0,0,0.0003404924364118271
15151,9,0,0,0.1748163343824346
15152,4,0,0,0.0035859608927381074
15153,9,0,0,0.0031878476632842354
15154,9,0,0,0.01606229221012476
15155,6,0,0,0.003963700154349199
15156,7,0,0,0.011075052792617873
15157,10,0,0,0.0009230778222424215
15158,3,0,0,0.00034682295166672795
15159,9,0,0,0.02173796887669072
15160,8,0,0,0.0024318698825424125
15161,4,0,0,0.0004002107418083659
15162,4,0,0,0.011150034797688032
15163,5,0,0,0.003772650045090718
15164,6,0,1,0.9800879302417635
15165,10,0,0,0.0022331644472984575
15166,4,0,0,0.009031208418953376
15167,3,0,0,0.0006616606760567678
15168,7,0,0,0.0002147365730465082
15169,6,0,0,0.4943774119976159
15170,1,0,0,0.0053183105384726915
15171,1,0,0,0.00021304876038258488
15172,3,0,0,0.00024417951331064493
15173,2,0,0,0.0045137346761773625
15174,3,0,0,0.000402692410568052
15175,8,0,0,0.006351891110005648
15176,4,0,0,0.005760952402054883
15177,8,0,0,0.0016704720981348662
15178,1,0,0,0.0022354351968812097
15179,10,0,0,0.010103124000237945
15180,5,0,0,0.010519092738387666
15181,10,0,0,0.00037021724519756657
15182,9,0,0,0.00059749883685285
15183,5,0,0,0.027075567775557793
15184,3,0,0,0.0009876079192190068
15185,1,0,0,0.007591077963443934
15186,7,0,0,0.0001557026196803748
15187,10,0,0,0.0007129780738577017
15188,9,0,0,0.0007218947445800495
15189,3,0,0,0.0008283565220927638
15190,4,0,0,0.007220104187560306
15191,1,0,0,0.012667743191983188
15192,8,0,0,0.017649804692591333
15193,9,0,0,0.053765609284427515
15194,6,0,0,0.2683738457599696
15195,8,0,0,0.003336532436340919
15196,10,0,1,0.5661531170276441
15197,2,0,0,0.0016397390615173644
15198,6,0,0,0.000632530219722397
15199,1,0,0,0.008676672167887353
15200,1,0,0,0.0007425525973133223
15201,7,0,0,0.18029210030642578
15202,10,0,0,0.061755166455632546
15203,7,0,0,0.00031961430258946305
15204,1,0,0,0.28974152620860205
15205,3,0,0,0.00017671288356582433
15206,8,0,0,0.012894501085454152
15207,10,0,0,0.003448021762256468
15208,2,0,0,0.00012983107208715754
15209,9,0,0,0.0010114825735717079
15210,4,0,0,0.002470954115304909
15211,3,0,0,0.007434325646699297
15212,5,0,0,0.25518057424839224
15213,2,0,0,0.00482078554513816
15214,10,0,0,0.0011811474957042739
15215,2,0,0,0.0011986905881602166
15216,4,0,0,0.0005909138551767364
15217,10,0,1,0.7347393397419597
15218,3,0,0,0.0009452370593582799
15219,10,0,0,0.00012475708658884414
15220,2,0,0,0.058057622061347305
15221,10,0,0,0.004175295187894196
15222,2,0,0,0.0003447956449539719
15223,2,0,0,0.000258185372788139
15224,6,0,0,0.0015835367029072979
15225,1,0,0,0.0011542317098529732
15226,2,0,0,0.1557774323662917
15227,7,0,0,0.006854636328656455
15228,8,0,0,0.0006648966305606933
15229,7,0,0,0.00034744438338698587
15230,4,0,1,0.9130037953166126
15231,9,0,0,0.016780429476922536
15232,6,0,0,0.2166731812338693
15233,9,0,1,0.7815849040893387
15234,8,0,0,0.012164155955409955
15235,8,0,1,0.9875429266058933
15236,1,0,0,0.005326837835536375
15237,6,0,0,0.004504049091661632
15238,2,0,0,0.04882474926806174
15239,8,0,0,0.006039145457095226
15240,6,0,0,0.004697028148288535
15241,4,0,0,0.04602703019396207
15242,5,0,0,0.008587934545665678
15243,7,0,0,0.0011720106390429718
15244,8,0,0,0.0038595339940859074
15245,8,0,0,0.007059246186742802
15246,1,0,0,0.0014719111915336583
15247,2,0,0,0.0005563129935649409
15248,7,0,0,0.004449913552415868
15249,10,0,0,0.0685938526584138
15250,10,0,0,0.04731180626727533
15251,8,0,0,0.0014779025903892717
15252,9,0,0,0.0031653722401236766
15253,8,0,0,0.0011735186216973185
15254,6,0,0,0.00019219293218798633
15255,5,0,0,0.040345383286413426
15256,5,0,0,0.00680216015851782
15257,3,0,0,0.00013457285263772777
15258,1,0,0,0.032075539399878804
15259,5,0,0,0.0003689340038627921
15260,4,0,0,0.0002775395660774046
15261,1,0,0,0.05036015857872606
15262,5,0,1,0.8154608903620053
15263,2,0,0,0.00040622162009582263
15264,8,0,0,0.00039271785503406585
15265,1,0,0,0.0857269581361209
15266,1,0,0,0.0001477905285389354
15267,9,0,0,0.00012319761384598556
15268,10,0,0,0.007124202427363316
15269,6,0,0,0.0008164483590487975
15270,4,0,0,0.0004892965779358694
15271,3,0,0,0.03751493532940852
15272,3,0,0,0.002176066752286944
15273,9,0,0,0.12472072602791642
15274,8,0,0,0.062101959336467116
15275,3,0,0,0.0005942547696506208
15276,4,0,1,0.9983611641966703
15277,10,0,0,0.0017114130579993897
15278,6,0,0,0.00023109203021046416
15279,8,0,0,0.001818952925010283
15280,2,0,0,0.020459155781140374
15281,4,0,0,0.2995051120244959
15282,4,0,0,0.0013428277652872001
15283,7,0,0,0.0012102169202218602
15284,8,0,0,0.0012764177683205731
15285,4,0,0,0.0073063268812136265
15286,2,0,0,0.001147094390695504
15287,1,0,0,0.002453454103248655
15288,6,0,0,0.009533184771764989
15289,8,0,0,0.000918393361056984
15290,3,0,0,0.006238640481333543
15291,1,0,0,0.001893073016299171
15292,4,0,0,0.0002787050940620708
15293,7,0,0,0.0015655429408172542
15294,6,0,1,0.7438790280701215
15295,2,0,0,0.06106453759284286
15296,3,0,0,0.019473192701314812
15297,1,0,0,0.0021715452967142348
15298,1,0,0,0.017587913728404757
15299,9,0,1,0.8755707925780273
15300,8,0,0,0.00011455257841823686
15301,7,0,1,0.8756583450074966
15302,1,0,0,0.0030503464729528655
15303,7,0,0,0.03222636388870386
15304,9,0,0,0.3897290105930012
15305,10,0,0,0.002510137043346331
15306,3,0,0,0.004516597635653755
15307,9,0,0,0.0024273518943111983
15308,7,0,0,0.0022234503992391184
15309,2,0,0,0.00042198949402780223
15310,5,0,0,0.0006644898147833906
15311,10,0,0,0.0013942270336177382
15312,8,0,1,0.9934701726174607
15313,1,0,0,0.0034645757206998662
15314,6,0,0,0.001926768302518759
15315,6,0,0,0.0007106972278608856
15316,10,0,0,0.002954849264809782
15317,7,0,0,0.0002259347772467817
15318,7,0,0,0.47415096389008926
15319,4,0,0,0.003904320563428902
15320,7,0,0,0.0008775256497689015
15321,1,0,0,0.003342579623270442
15322,7,0,0,0.0005686672326286538
15323,8,0,0,0.0002146733955715199
15324,5,0,0,0.0006840376529666176
15325,1,0,0,0.005021517580917993
15326,2,0,1,0.9641928489242708
15327,4,0,0,0.001815319510521155
15328,4,0,0,0.0002344004907011454
15329,8,0,0,0.0008566456523132861
15330,10,0,1,0.7324572453782188
15331,2,0,0,0.0004450081329578431
15332,9,0,0,0.34512632329842335
15333,5,0,0,0.0006086341944227736
15334,2,0,0,0.00042313717321699904
15335,3,0,0,0.00025243954310080226
15336,5,0,0,0.004856615275889027
15337,8,0,0,0.11648499018749914
15338,10,0,0,0.021162627084777817
15339,4,0,1,0.8679297789211379
15340,10,0,0,0.012104907936599251
15341,3,0,0,0.001547824528702258
15342,7,0,0,0.0019574615112619527
15343,10,0,0,0.01166849037967399
15344,9,0,0,0.0004994926280192458
15345,5,0,0,0.004968573672056827
15346,6,0,0,0.011980353018498723
15347,6,0,0,0.00345224102211797
15348,5,0,0,0.0001667749055669739
15349,10,0,0,0.00037341590998410016
15350,2,0,0,0.026112484338747393
15351,6,0,0,0.0025507431077990707
15352,2,0,0,0.004246791519680306
15353,3,0,1,0.9665127135343223
15354,8,0,0,6.085533506050964e-05
15355,5,0,0,0.02035789726985363
15356,9,0,0,0.0004773394788931036
15357,8,0,0,0.00017084066602794483
15358,10,0,0,0.05644558096353103
15359,10,0,0,0.002890328549275042
15360,4,0,0,0.000956128376378917
15361,6,0,0,0.0006267024818225426
15362,7,0,0,0.001632000226430448
15363,7,0,0,0.004166288085333665
15364,10,0,0,0.0005838919850419603
15365,8,0,0,0.007798069191401411
15366,9,0,0,0.0012411231061037376
15367,1,0,0,0.000545671322806454
15368,4,0,0,0.0018733655586565315
15369,10,0,0,0.00030872145127084516
15370,8,0,0,0.0030538547373993746
15371,9,0,0,0.0010936491939023594
15372,10,0,0,0.34624395290186716
15373,3,0,0,0.00012782746764349574
15374,8,0,0,0.003520083459744679
15375,3,0,0,0.038830229920638275
15376,7,0,0,0.005997100958770979
15377,7,0,0,0.0010190078586011075
15378,8,0,0,0.0007855620548956498
15379,6,0,0,0.009780925861874448
15380,1,0,0,0.008309547720916745
15381,7,0,1,0.5407390003223661
15382,8,0,0,0.00032966156968318607
15383,6,0,0,0.4245888792286474
15384,9,0,0,0.014053904857880205
15385,4,0,0,0.00029100124810994577
15386,7,0,1,0.8190537705257155
15387,4,0,0,0.4484533457889774
15388,7,0,0,0.01855732653089419
15389,8,0,0,0.0011534056116701812
15390,10,0,0,0.006958310487277007
15391,9,0,1,0.6836176863506734
15392,2,0,0,0.005048921217520981
15393,9,0,0,0.0002842287325856441
15394,9,0,0,0.0016688996920245112
15395,2,0,0,0.019842331070771692
15396,6,0,0,0.0006835514210716291
15397,1,0,0,0.00033633174179042356
15398,1,0,0,0.00264207997430745
15399,10,0,0,4.687800939282971e-05
15400,9,0,0,0.003197862222516333
15401,9,0,0,0.000409610309402468
15402,3,0,0,0.004004027473206485
15403,7,0,0,0.0010169684537491975
15404,8,0,0,0.24342153746718068
15405,2,0,0,0.0012813924311590448
15406,8,0,0,0.04913304169945916
15407,5,0,0,0.0021611440874215516
15408,4,0,0,0.0029243003737183717
15409,2,0,0,0.0006239219272362103
15410,6,0,0,0.015707429411176504
15411,5,0,0,0.0006493260465979359
15412,4,0,0,0.0018579040518339246
15413,3,0,0,0.003199513492255348
15414,6,0,0,0.0029906322026370113
15415,7,0,0,0.009350830431680108
15416,6,0,0,0.04235802995557543
15417,7,0,0,0.0014451657413872025
15418,7,0,0,0.0006017388455162292
15419,7,0,0,0.0017451866675547599
15420,8,0,0,0.00018181741817161113
15421,9,0,0,0.0011450545849475053
15422,6,0,1,0.7005275293175595
15423,5,0,0,0.0015658305028678448
15424,6,0,0,0.019997244865700432
15425,3,0,0,0.010666239444108654
15426,1,0,1,0.9991449806990855
15427,4,0,0,0.00020925642731574993
15428,4,0,1,0.9995404978423925
15429,7,0,0,0.0010761597249259525
15430,6,0,0,0.009794064981514437
15431,9,0,0,0.0009857374971850932
15432,6,0,0,0.001447645614221691
15433,5,0,0,0.0018172496749582219
15434,7,0,0,0.0006639167228322971
15435,7,0,0,0.0020467037123003593
15436,3,0,0,0.0012837512404342039
15437,7,0,0,0.016270450671488607
15438,2,0,0,0.0051615416326491505
15439,5,0,0,0.0025512108611249313
15440,8,0,0,0.0013064529767382977
15441,1,0,0,0.003594028683344286
15442,8,0,0,0.03297137614838343
15443,3,0,0,0.000878207977090973
15444,7,0,0,0.0008840400651165233
15445,7,0,0,0.0014440030874919066
15446,6,0,0,0.0004618500100561102
15447,7,0,1,0.9469403343882177
15448,10,0,0,0.0009197416186746748
15449,9,0,0,0.015766187486450173
15450,1,0,0,0.0014044066427425256
15451,9,0,0,0.00043380848435769755
15452,9,0,0,0.016523341627869347
15453,6,0,0,0.00018047732179066973
15454,7,0,0,0.0005942341776728086
15455,3,0,0,0.0006427461353515651
15456,9,0,0,0.2101628502860014
15457,10,0,0,0.2607858191917687
15458,3,0,0,0.0019523012685821622
15459,2,0,0,0.0030157360873062965
15460,4,0,0,0.00460836628949755
15461,2,0,0,0.017652060774379846
15462,10,0,0,7.519320908937038e-05
15463,1,0,0,0.01510386991111754
15464,1,0,0,0.0014416603775305127
15465,5,0,0,0.0034120439482229308
15466,4,0,0,0.012248376665170105
15467,7,0,1,0.9974132885667308
15468,10,0,0,0.0009194148968125251
15469,3,0,0,0.00030105026910442584
15470,7,0,0,0.000407923727639544
15471,2,0,0,0.00044551132568669647
15472,2,0,0,0.17308060091451033
15473,7,0,0,0.00204125983013694
15474,10,0,0,0.0021734451781900074
15475,4,0,0,0.01988054518075684
15476,10,0,0,0.035853495683827646
15477,4,0,0,0.0051589832695837275
15478,3,0,0,0.001263991940677165
15479,5,0,0,0.0007719858661152492
15480,2,0,0,0.0025003869218469476
15481,6,0,0,0.32857014772609694
15482,7,0,0,0.0005685540742593029
15483,4,0,1,0.718917598454169
15484,3,0,0,0.005465708192534
15485,6,0,0,0.004922251936788133
15486,8,0,0,0.17254012201399943
15487,2,0,0,0.0009016985186053315
15488,4,0,0,0.0019753863582584676
15489,9,0,0,0.0004112294359779122
15490,3,0,0,0.0013825392269582546
15491,9,0,0,0.363474911746997
15492,9,0,0,0.06360857584887457
15493,6,0,0,0.0005758505197344523
15494,4,0,0,0.010735600921508206
15495,5,0,1,0.7925239159881418
15496,6,0,0,0.00028360476867972704
15497,9,0,0,0.0040475022634625145
15498,1,0,0,0.0005817462659044175
15499,9,0,0,0.04466362271092501
15500,3,0,0,0.000469969168474984
15501,3,0,0,0.0193113400264384
15502,7,0,0,0.006597690584756452
15503,6,0,0,0.0005659161548753578
15504,8,0,0,0.0018682261670777906
15505,7,0,0,0.01873483969926315
15506,2,0,0,0.0016878129433959518
15507,1,0,0,0.011386495151301088
15508,9,0,0,0.006034197691271347
15509,4,0,0,0.27595444005243014
15510,8,0,0,0.005122268635659196
15511,9,0,0,0.15409602217868187
15512,8,0,1,0.9767841060109628
15513,4,0,1,0.987566018170198
15514,3,0,0,0.08603868369684917
15515,2,0,0,0.008442301433533615
15516,9,0,0,0.04376026148259162
15517,8,0,0,0.00012748294991858826
15518,9,0,0,0.0003234480903898727
15519,3,0,0,0.43981265371517997
15520,5,0,0,0.0061555357738250355
15521,8,0,0,0.0001435195607182707
15522,7,0,0,0.0007781282981360412
15523,5,0,0,0.000291502700618556
15524,7,0,0,0.0014889463762053042
15525,10,0,0,0.006430039389843501
15526,9,0,1,0.9759244073651554
15527,10,0,0,0.004781933552982105
15528,7,0,0,0.0010261368581490535
15529,10,0,0,0.00026503252753038413
15530,8,0,0,8.964321888458364e-05
15531,6,0,0,0.000460896685125181
15532,7,0,0,0.0008685669572305935
15533,10,0,0,0.00034390772272703356
15534,8,0,0,0.001990166283042518
15535,3,0,0,0.0006774827031995557
15536,7,0,1,0.9744345845888116
15537,6,0,0,0.0029993617700315176
15538,5,0,0,0.004399209319159654
15539,4,0,0,0.005046426019418165
15540,1,0,0,0.02246487008754262
15541,9,0,0,0.005448579750290941
15542,3,0,0,0.003974411173802962
15543,6,0,0,0.0004163870814894909
15544,6,0,0,0.0005447524552064373
15545,1,0,0,0.002757563113949843
15546,9,0,0,0.002064005982521749
15547,6,0,0,0.0008220919210363598
15548,6,0,0,0.01822925796859538
15549,7,0,0,0.006796889755569678
15550,7,0,1,0.9935258929456188
15551,10,0,0,0.00029926306794308814
15552,2,0,0,0.0001942383391604515
15553,7,0,0,0.04599810567426644
15554,10,0,0,0.041764060854083115
15555,9,0,0,0.011484768004838357
15556,10,0,0,0.0016314281098398678
15557,5,0,0,0.00022751361328967424
15558,7,0,0,0.010182024308129235
15559,6,0,0,0.011786437422114524
15560,2,0,0,0.0007675854263887456
15561,5,0,0,0.00016424889430405462
15562,4,0,0,0.002277807222452838
15563,5,0,0,0.0016970073959345876
15564,6,0,0,0.002464176081667382
15565,4,0,0,0.0009292136262962318
15566,4,0,0,0.00017838102696208857
15567,10,0,0,0.0007074101157314547
15568,2,0,0,0.0016687149528019894
15569,7,0,0,0.0055172148904487385
15570,6,0,0,0.00012502706857439269
15571,6,0,0,0.00019076135811595956
15572,1,0,0,0.0018224835176885914
15573,8,0,0,0.4091213040973296
15574,10,0,0,0.0004311224814081847
15575,8,0,0,0.07269045495439938
15576,7,0,0,0.07486006268771205
15577,8,0,0,0.004769061344704872
15578,10,0,0,0.00379631642054161
15579,10,0,0,0.0010057783502703467
15580,9,0,0,0.009197050587733147
15581,3,0,0,0.06651951654164129
15582,4,0,0,0.0158936722621459
15583,5,0,0,0.021152573521637512
15584,3,0,0,0.0008956462629849076
15585,5,0,0,0.07607238371679431
15586,6,0,0,0.007803006339232177
15587,2,0,0,0.0006910899957582207
15588,1,0,0,0.0017630732329751754
15589,10,0,0,0.0005228307870478442
15590,10,0,0,0.010119624111218747
15591,8,0,0,0.00014012090280189914
15592,5,0,1,0.9916561444836228
15593,4,0,0,0.0029087836919709153
15594,1,0,0,0.03183144184510438
15595,9,0,0,0.024752159864601095
15596,4,0,0,0.0023593689863473225
15597,1,0,0,0.004145165811935276
15598,10,0,0,0.0029802311431741564
15599,9,0,0,0.00037853025187388836
15600,6,0,0,0.025380816186016696
15601,6,0,0,0.0002491203965667536
15602,9,0,1,0.5580501206536896
15603,5,0,0,0.0002414498748226239
15604,1,0,0,0.0003684162945234386
15605,5,0,0,0.000809485178428111
15606,10,0,1,0.9218739538607122
15607,6,0,0,0.003414835564090711
15608,1,0,0,0.0012482757352370087
15609,7,0,0,0.007859992258003334
15610,9,0,0,0.0007457512177345062
15611,5,0,0,0.00033242068874826615
15612,2,0,1,0.8197385111461493
15613,3,0,0,0.0009074319937173812
15614,1,0,0,0.0002804643014527058
15615,8,0,0,0.002194528571105157
15616,2,0,0,0.007278545935205407
15617,2,0,0,0.011511932024635586
15618,5,0,0,0.014170130770709131
15619,4,0,0,0.009663704890689087
15620,7,0,0,0.004203460990554991
15621,6,0,1,0.6690465972990286
15622,10,0,1,0.9744260544161513
15623,5,0,0,0.0009388307389971939
15624,7,0,0,9.545304414816362e-05
15625,10,0,0,0.0016025914025751264
15626,8,0,0,0.005408394011635777
15627,10,0,0,0.052333000684200534
15628,9,0,0,0.005072025475366742
15629,1,0,0,0.0010200201586965528
15630,8,0,0,0.00040196383045954583
15631,1,0,0,0.0011646294627928296
15632,8,0,0,0.0007790005218778037
15633,4,0,0,0.008042566971285543
15634,6,0,0,0.0007587336802849765
15635,7,0,0,0.07528753043541994
15636,1,0,0,0.0017853020962045707
15637,10,0,0,0.05250614756288032
15638,2,0,0,0.0005555104404269936
15639,7,0,0,0.0011400330568964341
15640,3,0,0,0.006897557998914344
15641,7,0,0,0.03958277587145956
15642,7,0,0,0.0012360392620844624
15643,1,0,0,0.37819685713803597
15644,3,0,0,0.0002579277715980938
15645,8,0,0,0.0005610749266388602
15646,1,0,0,0.0015740363489560399
15647,1,0,0,0.025079339084789654
15648,2,0,0,0.007361945999367086
15649,7,0,0,0.0025098686790723953
15650,8,0,0,0.0008401700444983535
15651,10,0,0,0.00021906208115026642
15652,8,0,1,0.9950007982893541
15653,10,0,0,0.0015856833826381781
15654,6,0,0,0.00015513170303255698
15655,3,0,0,0.0006926943625146888
15656,1,0,0,0.011823552813592507
15657,6,0,0,0.0042465596640291065
15658,6,0,0,0.0009914912944744246
15659,6,0,0,0.00936945555950532
15660,5,0,0,0.000443554917524664
15661,4,0,1,0.9283035056144551
15662,3,0,0,0.003477444491824847
15663,5,0,0,0.05314938723349098
15664,9,0,0,0.0019230425631446687
15665,9,0,0,0.08347931269461206
15666,8,0,0,0.0031307432436233026
15667,9,0,0,0.015454678624168963
15668,9,0,0,0.001362902822967758
15669,4,0,0,0.010000021773094961
15670,10,0,0,0.000181801050667449
15671,1,0,1,0.9680592071202446
15672,1,0,0,0.004735401865794891
15673,7,0,0,0.024195365243655956
15674,3,0,0,0.0008724451078816473
15675,8,0,0,0.0015799557897298408
15676,10,0,0,0.005613728041914455
15677,9,0,1,0.9907517236164782
15678,4,0,0,0.4555338458142883
15679,4,0,0,0.008070180454315491
15680,3,0,0,8.62492045755339e-05
15681,10,0,0,0.006833209380799224
15682,2,0,0,0.0006235454585936644
15683,2,0,0,0.0010371631979267867
15684,2,0,0,0.00012144373835565587
15685,1,0,0,0.0022807881555267752
15686,2,0,0,0.0017331641325681307
15687,6,0,0,0.0007101373013972221
15688,1,0,0,0.00028661934860507027
15689,3,0,0,0.03732292366015043
15690,3,0,0,0.0007332083241964728
15691,5,0,0,0.0004520288403176838
15692,9,0,0,0.010162790722996256
15693,1,0,0,0.029939768328313056
15694,10,0,0,0.026337153679680383
15695,10,0,0,0.14240979150246352
15696,1,0,0,0.025882932955595843
15697,9,0,1,0.9915382487415443
15698,1,0,0,0.0010569999159549127
15699,9,0,0,0.00028341200141517996
15700,4,0,0,0.0003444104037780949
15701,7,0,0,0.0561709846168612
15702,9,0,0,0.002784591576349137
15703,6,0,0,0.0009315596292855347
15704,5,0,0,0.0028001198167876933
15705,2,0,0,0.00025354384072897364
15706,7,0,0,0.0006910695022198244
15707,1,0,0,0.0005049458968385163
15708,3,0,0,0.0011683781659984323
15709,6,0,0,0.0006844990590012014
15710,8,0,0,0.00046682429435934106
15711,7,0,0,0.0027747680670982826
15712,4,0,0,0.009875623027533175
15713,7,0,0,0.003835600122732918
15714,9,0,0,0.002373838297491679
15715,10,0,0,0.0010949772775380214
15716,10,0,0,0.05830055856519699
15717,6,0,0,0.007939267218518798
15718,8,0,0,0.0005984653854089045
15719,1,0,0,0.0022995556789778193
15720,1,0,0,0.005377799468704085
15721,10,0,0,0.30248689972252574
15722,1,0,0,0.013890516895802011
15723,7,0,0,0.389418852288495
15724,3,0,0,0.0083688403361895
15725,1,0,0,0.00032722192823483203
15726,1,0,0,0.03674298567722032
15727,4,0,0,0.0004526276475894757
15728,6,0,0,0.1015288775431158
15729,4,0,0,0.001169364875074077
15730,5,0,0,0.051335725285790716
15731,10,0,0,0.0001611137671020372
15732,9,0,0,0.05684580358189268
15733,3,0,0,0.001440397667486595
15734,3,0,0,0.006125787907800514
15735,1,0,0,0.0003498593550854189
15736,5,0,0,0.12540846037683012
15737,1,0,0,0.0004656212777675052
15738,5,0,0,0.007661946462533903
15739,3,0,0,0.004449725823883044
15740,4,0,0,0.0007506333503943447
15741,1,0,0,0.00210517491176931
15742,4,0,0,0.00040378506594725323
15743,3,0,0,0.036260302003002925
15744,2,0,1,0.992488527382939
15745,4,0,0,0.1284762500220339
15746,2,0,0,0.0036773807205863116
15747,9,0,0,0.003021993146012565
15748,8,0,0,0.0008440396717181752
15749,8,0,0,0.003578756829390723
15750,6,0,1,0.6735495735865924
15751,8,0,0,0.004387450114626632
15752,2,0,0,0.00024202375866426852
15753,4,0,0,0.002561152118307827
15754,4,0,0,0.001408748765347103
15755,1,0,0,0.00019619039643502034
15756,8,0,0,0.005113873803269868
15757,5,0,0,0.0007462461018229125
15758,8,0,0,0.0018583235315267357
15759,3,0,0,0.00953595248501542
15760,1,0,0,0.0012298168318540135
15761,7,0,0,0.002063739558857353
15762,8,0,0,0.02541216352020241
15763,3,0,0,0.00011723519206979129
15764,2,0,0,0.001412903597329927
15765,9,0,0,0.011067973659214473
15766,5,0,0,0.004755597380425458
15767,8,0,1,0.9957356474052363
15768,1,0,0,0.0006581666982197129
15769,7,0,0,0.00207162606570842
15770,4,0,0,0.0005555988346244428
15771,1,0,0,0.001068262520846476
15772,4,0,0,9.251338462259271e-05
15773,9,0,0,0.002137169634583595
15774,7,0,0,0.0006602378058105236
15775,10,0,0,0.0065180601601298295
15776,7,0,0,0.00011759161475518016
15777,10,0,0,0.10506279991580267
15778,10,0,0,0.00010868342194300433
15779,2,0,0,0.00016514580888985018
15780,4,0,0,0.06553175427496274
15781,7,0,0,0.0013521539489770886
15782,5,0,0,0.006863838324389913
15783,9,0,0,0.0006143624545652729
15784,3,0,0,0.0007069735300009165
15785,2,0,0,0.1976623526496541
15786,8,0,0,0.0009285428765465405
15787,1,0,0,0.01245292417695859
15788,4,0,0,0.0007174466105333578
15789,2,0,0,3.5206739173894254e-05
15790,8,0,0,0.0004924646566438443
15791,1,0,0,0.30875317243774536
15792,1,0,0,0.016854660653256644
15793,8,0,0,0.004443986827957583
15794,5,0,0,0.0027575077958489425
15795,1,0,0,0.0006741798046978184
15796,8,0,0,0.0005547669779735329
15797,1,0,0,0.013391579479681982
15798,10,0,0,0.004527612010788627
15799,3,0,0,0.022680410892581493
15800,2,0,0,0.0012059409327074063
15801,5,0,0,0.0006146812745035238
15802,3,0,0,0.00023645627323805706
15803,9,0,0,0.005306570008389147
15804,7,0,0,0.009305453892249724
15805,2,0,1,0.996252926854371
15806,4,0,0,0.25818392309348537
15807,4,0,0,0.002296139689509354
15808,8,0,0,0.00023183204413975935
15809,2,0,1,0.9406627982366593
15810,4,0,1,0.6540468838813086
15811,6,0,0,0.0005420863677038218
15812,7,0,0,0.00168069855304623
15813,5,0,0,0.0043739043223432975
15814,9,0,0,0.0005191231712892573
15815,4,0,0,0.039338841284612194
15816,4,0,0,0.0003248984774073615
15817,3,0,0,0.009850487058948785
15818,4,0,1,0.9997672758139321
15819,6,0,0,0.0009521073983857839
15820,9,0,0,0.00040730976416975147
15821,9,0,0,0.0007484092529418902
15822,6,0,0,0.0006608224623778991
15823,6,0,0,0.0016486583900469584
15824,3,0,1,0.9314041443144685
15825,9,0,0,0.00044581451460322505
15826,8,0,0,0.01893577416363008
15827,5,0,0,0.0008646062360005784
15828,6,0,0,0.0005618276082363007
15829,7,0,0,0.00036638165794307626
15830,1,0,0,0.0006148286878424392
15831,5,0,0,0.0007895751303673584
15832,8,0,0,0.05598281036742685
15833,6,0,0,0.0018523540393786278
15834,5,0,1,0.7672720686213321
15835,8,0,0,0.08357443943753058
15836,3,0,0,0.005444779190145946
15837,5,0,1,0.979539936772847
15838,5,0,0,0.0007839466433632435
15839,4,0,1,0.9994442259333506
15840,7,0,0,0.001869687855890295
15841,3,0,0,0.00118324202399432
15842,10,0,0,0.0016826343101179046
15843,7,0,0,0.001625809871991326
15844,2,0,0,0.0028275611672576007
15845,9,0,0,0.0009976232702903452
15846,7,0,0,0.00020448684181456427
15847,7,0,0,0.00026615148398662157
15848,6,0,0,0.06310202341861537
15849,4,0,0,0.00015518820203685933
15850,2,0,0,0.0008237590263233876
15851,3,0,0,0.00038226107741053686
15852,9,0,0,0.0005414440748000234
15853,3,0,0,0.0008497436684500942
15854,2,0,0,0.001668445478423854
15855,6,0,0,0.0021130568412828592
15856,10,0,0,0.019306003096940035
15857,4,0,1,0.9802731287944398
15858,8,0,0,0.0010517228620531538
15859,9,0,0,0.0011189490811291758
15860,2,0,0,0.007534850378050053
15861,6,0,0,0.00024881376607600587
15862,2,0,0,0.0039305984639143
15863,10,0,0,0.0001760079039817638
15864,7,0,0,0.0023437360210873145
15865,10,0,0,0.00021827896507294563
15866,7,0,0,0.006052812232928368
15867,10,0,0,0.001413324687196878
15868,8,0,0,0.00019072797224648232
15869,8,0,0,0.0017780517868205149
15870,5,0,0,0.00017564882504117314
15871,7,0,0,0.0007067812107941378
15872,1,0,0,0.0023002469059348195
15873,4,0,0,0.000568056998131835
15874,9,0,0,0.01266889044450127
15875,1,0,0,0.0022570598232346394
15876,2,0,0,0.0006858215562331838
15877,7,0,0,0.013496988359646377
15878,3,0,0,0.00028530775422956975
15879,3,0,0,0.0010478856169644246
15880,6,0,0,0.0008177834992408865
15881,1,0,0,0.0005960850240830653
15882,7,0,1,0.7743632251653041
15883,2,0,0,0.06672368458875579
15884,9,0,0,0.0008941506826204156
15885,7,0,1,0.8638348687444254
15886,3,0,1,0.9904560524724983
15887,6,0,0,0.0007049615044970245
15888,3,0,0,0.002471756430128827
15889,1,0,0,0.0018100851055427303
15890,9,0,1,0.9905808004457775
15891,8,0,0,0.0003154239596789134
15892,6,0,0,0.015537252098904698
15893,2,0,0,0.0030982278639480475
15894,6,0,0,0.011785702122686039
15895,8,0,0,0.00011411489561707794
15896,7,0,0,0.05976400895225009
15897,9,0,0,0.0007381700609005698
15898,6,0,0,0.0014367311443091535
15899,10,0,0,0.07455344128326824
15900,6,0,0,0.00025448816932795626
15901,1,0,0,0.01736796997296926
15902,7,0,0,0.2967104091069283
15903,1,0,0,0.006229763084958654
15904,7,0,0,0.0009656755666252426
15905,2,0,0,0.004265201432340302
15906,4,0,0,0.009062398120601646
15907,8,0,0,0.02363259783038231
15908,2,0,0,0.0022603383558618653
15909,9,0,0,0.0020299209100886634
15910,4,0,0,0.00299664402138514
15911,2,0,0,0.0005121564278791309
15912,4,0,0,0.00411662481149879
15913,8,0,0,0.011716732248110763
15914,9,0,0,0.002511454989588802
15915,2,0,0,0.0005399785570636315
15916,1,0,0,0.0018518750810914474
15917,4,0,0,0.006537385803715618
15918,5,0,0,0.008053326056766806
15919,7,0,0,0.0025735336080199853
15920,7,0,0,0.02881501299342792
15921,10,0,0,0.40998879141765043
15922,4,0,0,0.003205048266950045
15923,8,0,0,0.00028048910621757166
15924,7,0,0,0.033611839744789464
15925,5,0,0,0.056073044176661306
15926,9,0,0,0.004522549632114749
15927,4,0,0,0.019628500281539486
15928,3,0,0,0.0002302662043590624
15929,1,0,1,0.7410855282232376
15930,7,0,0,0.01426059096597999
15931,3,0,0,0.0006196498667543801
15932,6,0,0,0.0053896692838312785
15933,6,0,0,0.021189118253480327
15934,5,0,0,0.0034974798829304813
15935,8,0,0,0.0007383360268135516
15936,3,0,0,0.0007549448902151499
15937,5,0,0,0.19355802433547437
15938,7,0,0,0.45422252695490023
15939,7,0,0,0.0010683915444488709
15940,2,0,0,0.03041923718097581
15941,6,0,0,0.012789088095408723
15942,8,0,0,0.03846485613200441
15943,7,0,0,0.04812670436729013
15944,7,0,0,0.003973582978764837
15945,1,0,0,0.0027192157092137447
15946,10,0,0,0.0003405897364780341
15947,5,0,0,0.06940149446271451
15948,8,0,0,0.0001892608046301013
15949,9,0,0,0.002384559613306206
15950,7,0,0,0.4115351144101581
15951,9,0,1,0.8942161059040874
15952,9,0,0,0.00021994228924267488
15953,4,0,0,0.2536007512810979
15954,10,0,0,0.0044267012519470135
15955,4,0,1,0.7382198783451055
15956,2,0,0,0.0078117885394682444
15957,5,0,0,0.002432061843544978
15958,7,0,0,0.000760818832553325
15959,9,0,0,0.0011211176464557158
15960,3,0,0,0.000630946176660633
15961,3,0,0,0.002375918835924888
15962,7,0,0,0.0004472441975450126
15963,9,0,0,0.027688991051516555
15964,6,0,0,0.0012571412250436248
15965,3,0,0,0.03274883699967568
15966,9,0,1,0.6972095419588464
15967,10,0,0,0.00019034565917197774
15968,9,0,0,0.10899840730043056
15969,4,0,0,0.0008546566064466022
15970,6,0,0,0.0011447836664654942
15971,6,0,0,0.00020416400352126342
15972,4,0,0,0.0005306871856900039
15973,1,0,0,0.0020626866822883562
15974,3,0,0,0.0010528535327197122
15975,4,0,0,0.00027079108909648956
15976,6,0,0,0.011183260016217045
15977,9,0,0,0.014311297610273069
15978,10,0,0,0.032027189754360134
15979,1,0,0,0.002201816351043953
15980,9,0,0,0.024639565304150794
15981,7,0,0,0.002318044721593374
15982,2,0,0,0.0010813608708241038
15983,5,0,0,0.002563935275198925
15984,9,0,0,0.0003517417617662003
15985,8,0,0,0.003102068547706665
15986,4,0,1,0.7729161278702972
15987,9,0,0,0.0004183335697311969
15988,10,0,0,0.02992419850415059
15989,1,0,0,0.01571628561125158
15990,3,0,0,0.0003882135867891106
15991,4,0,0,0.0004586045037448061
15992,5,0,1,0.9994270600652766
15993,1,0,0,0.29680677375470466
15994,9,0,0,0.00221657026863839
15995,5,0,1,0.9977292323490766
15996,10,0,1,0.9711594979943594
15997,8,0,0,0.001244972526443057
15998,4,0,0,0.002296588609912975
15999,4,0,0,6.569785125143552e-05
16000,5,0,0,0.001085585554231221
16001,10,0,0,0.00060632757256824
16002,6,0,0,0.0015400256119847886
16003,10,0,0,0.00028748605266259525
16004,1,0,0,0.008000868520243664
16005,2,0,0,0.0005633861158061924
16006,6,0,0,0.00343231654354751
16007,2,0,0,0.0007755521676025109
16008,1,0,0,0.008757427987028794
16009,2,0,0,0.001573684821922073
16010,7,0,0,0.001432519872643071
16011,4,0,0,0.0002572322995527032
16012,6,0,0,0.00012620881592696157
16013,1,0,0,0.05291008479021264
16014,6,0,0,0.0010639153447529566
16015,8,0,0,0.0004120930873443824
16016,7,0,0,0.0032884847236286244
16017,7,0,0,0.022239114836903953
16018,4,0,0,0.0009457302587403163
16019,4,0,0,0.010785006019062763
16020,1,0,0,0.003537060465512235
16021,1,0,0,0.00042776759758692614
16022,3,0,0,0.0002299071414768372
16023,9,0,0,0.0009441543980198166
16024,2,0,0,0.31916466926566944
16025,2,0,0,0.4497825462073094
16026,2,0,0,0.028289708928382333
16027,7,0,0,0.008302596835257015
16028,2,0,0,0.0021374961752820853
16029,9,0,0,0.3005467833329412
16030,2,0,0,0.00019932705411091243
16031,2,0,0,0.36312113880299746
16032,6,0,0,0.00029078423190872273
16033,10,0,0,0.00017487773583248713
16034,1,0,0,0.02849796256751182
16035,5,0,0,0.002565407208311119
16036,3,0,0,0.013160736925056883
16037,10,0,0,0.0021624602847772813
16038,1,0,0,0.00940453605162043
16039,4,0,0,0.028139983929409935
16040,2,0,0,0.09083715043465838
16041,6,0,0,0.0011233335103669145
16042,8,0,0,0.0085816878340839
16043,2,0,0,0.0005502415849682648
16044,8,0,0,0.04869162455739367
16045,4,0,0,0.001761491543833716
16046,5,0,0,0.0008012039917280527
16047,1,0,0,0.0028111268556468465
16048,4,0,0,0.00040553634438132203
16049,2,0,0,0.00012156115191759992
16050,2,0,1,0.8895221519894341
16051,3,0,0,5.670866564724556e-05
16052,7,0,0,0.0009817867713325021
16053,10,0,0,0.026435148432043386
16054,9,0,0,0.0037430538723046305
16055,7,0,0,0.001238586931737506
16056,9,0,0,0.00024304263932686297
16057,4,0,0,0.0005162087233611847
16058,1,0,0,0.00023208539346100028
16059,2,0,1,0.9565092815311329
16060,8,0,0,0.0736635957702381
16061,1,0,0,0.13089309717014974
16062,2,0,0,0.0032406945135863598
16063,7,0,0,0.0007157966922381517
16064,6,0,0,0.01257906680032238
16065,8,0,0,0.032051327258828304
16066,3,0,0,0.0016251178924636513
16067,1,0,1,0.6441367650795281
16068,2,0,0,0.0013530072190112523
16069,3,0,0,0.0008421764313502613
16070,2,0,0,0.004405968218783416
16071,1,0,0,0.0005336935482327547
16072,9,0,0,0.0046476730162940474
16073,2,0,0,0.006907806060965036
16074,9,0,0,0.02275789078876913
16075,4,0,0,0.03880597653192037
16076,8,0,0,0.0007015132143059537
16077,8,0,0,0.00031967009797402395
16078,8,0,0,0.0008230480994184951
16079,9,0,0,0.0044191715338906465
16080,8,0,0,0.005206378033072241
16081,7,0,0,0.0013871394752712975
16082,4,0,0,0.16956814841484488
16083,9,0,1,0.9975977906372101
16084,4,0,0,0.00453127516223313
16085,7,0,0,0.011251039449245904
16086,5,0,0,0.00012925773679777427
16087,3,0,0,0.01658024929646456
16088,6,0,0,0.0004286443852095726
16089,3,0,0,0.006963696848285857
16090,4,0,0,0.005016105844118776
16091,5,0,0,0.0035723178160295853
16092,5,0,0,7.588822816153776e-05
16093,1,0,0,0.013176689009469118
16094,7,0,0,0.00048449561344752123
16095,9,0,0,0.0012524382715623625
16096,8,0,0,0.0021190796389125516
16097,1,0,0,0.005930061135985635
16098,2,0,0,0.1622876348795514
16099,7,0,0,0.0024054873049143316
16100,3,0,0,0.0005524752326611374
16101,9,0,1,0.9991635512460109
16102,10,0,0,0.04987193855431712
16103,8,0,0,0.0013428529745034973
16104,6,0,0,0.001811497501754959
16105,10,0,0,0.007914399719753582
16106,9,0,0,0.10834541292447067
16107,7,0,0,0.3483052799914652
16108,4,0,1,0.9988169547045367
16109,1,0,0,0.0017401257398520613
16110,5,0,0,0.0009946065526262597
16111,9,0,0,0.0005523529031953007
16112,2,0,0,3.3111880002541555e-05
16113,9,0,0,0.26860827703736273
16114,9,0,0,0.0020215433010107977
16115,3,0,0,0.09543015829023031
16116,1,0,0,0.022032845543799813
16117,1,0,0,0.1872285495356123
16118,10,0,0,0.007345933281212632
16119,5,0,0,0.002675511402614995
16120,9,0,0,0.0023888607284688044
16121,1,0,0,0.0036297680705243596
16122,8,0,0,0.12423911562181741
16123,8,0,0,0.014765700333891033
16124,5,0,0,0.00024129831160692403
16125,4,0,0,0.0002538808992185582
16126,2,0,0,0.24192044791187245
16127,2,0,0,0.0020379617406673755
16128,3,0,0,9.661509465953302e-05
16129,7,0,0,0.0006700760126564968
16130,3,0,0,0.00010292644785215226
16131,4,0,1,0.8065447544511466
16132,8,0,0,0.0002409392687983729
16133,3,0,0,0.00047521389534173147
16134,4,0,0,0.0003536813201228417
16135,7,0,0,0.007623502114263881
16136,3,0,0,0.024285743056214323
16137,4,0,0,0.001504513877898304
16138,5,0,0,0.00021533145542998298
16139,3,0,0,0.0007194673616035008
16140,4,0,0,0.42870444055825685
16141,1,0,0,0.00045343687026750784
16142,9,0,0,0.0008687807736542691
16143,1,0,0,0.00039310263453115466
16144,6,0,0,5.131498871962851e-05
16145,8,0,0,0.002238693516778794
16146,5,0,0,0.0037279164348908117
16147,6,0,0,0.004105763685843937
16148,4,0,0,0.26844705404938507
16149,7,0,0,0.02027986684584373
16150,4,0,0,0.0015971613305571413
16151,6,0,0,0.0012718518100924435
16152,1,0,0,0.009674617891584738
16153,9,0,0,0.1814769090544125
16154,7,0,0,0.0014229602342855701
16155,5,0,0,0.002491887119281155
16156,2,0,0,0.0005617108139596748
16157,10,0,0,0.0010420630795017352
16158,9,0,0,0.0018765161544648707
16159,2,0,0,0.001029864254772453
16160,6,0,0,0.00016930786554580533
16161,6,0,0,0.03187876848790703
16162,8,0,0,7.639279188341984e-05
16163,4,0,0,0.0017304753378278078
16164,2,0,0,0.0022627021830939472
16165,4,0,0,0.0002471370403821378
16166,4,0,1,0.9506007128714518
16167,8,0,0,0.0005483315854988827
16168,3,0,0,0.004582208317036667
16169,6,0,0,0.0009368462098919639
16170,8,0,0,0.003888156754415151
16171,3,0,0,0.0017640515488263253
16172,10,0,0,0.0062467062154789865
16173,9,0,0,0.0012571118424861698
16174,6,0,0,0.0007314882376090808
16175,1,0,1,0.9995581076086378
16176,8,0,0,0.003275090905644086
16177,6,0,0,0.3339740741439987
16178,6,0,1,0.9985009493451698
16179,1,0,0,0.001511500663645624
16180,4,0,0,0.0010421604582892352
16181,7,0,0,0.0002802963927546792
16182,6,0,0,0.0009006482397567293
16183,3,0,0,0.00041100723286896203
16184,7,0,0,0.0012035438093133562
16185,10,0,0,0.000948984053187476
16186,1,0,0,0.0035889075594892255
16187,3,0,0,0.002272623711926338
16188,10,0,0,0.00031186355170164135
16189,9,0,1,0.6779148823878635
16190,2,0,0,0.12376571141278062
16191,5,0,0,0.09108379949174948
16192,3,0,0,0.0043236598667595345
16193,4,0,0,0.023421301937585504
16194,7,0,0,0.0016183424363343205
16195,8,0,0,9.631176908719571e-05
16196,1,0,0,0.005417942912504673
16197,6,0,0,0.0009949427093103589
16198,3,0,0,0.005226351140158267
16199,3,0,0,0.0017439997270607894
16200,1,0,0,0.0008741278278667608
16201,7,0,0,0.00032489599526746524
16202,1,0,0,0.013177733038516631
16203,3,0,0,0.0004665090713665556
16204,9,0,0,4.777328570172853e-05
16205,1,0,0,0.07282723554280927
16206,9,0,0,0.0003070797362790251
16207,2,0,0,0.00045135685865675934
16208,6,0,0,0.016201553808904427
16209,10,0,0,0.00199445117852335
16210,2,0,0,0.0025423508064439625
16211,3,0,1,0.8571283456464119
16212,1,0,0,0.04049705030802332
16213,8,0,0,0.029027845239071634
16214,10,0,0,0.0066835128149189274
16215,9,0,0,0.011354705977552056
16216,6,0,0,0.0021963765692803415
16217,5,0,0,0.002138824322606226
16218,2,0,0,0.0005871239795106334
16219,8,0,0,0.004855831742927906
16220,8,0,0,0.0012694807198680744
16221,10,0,0,0.2238745020626972
16222,2,0,0,0.034784585995195946
16223,6,0,0,0.0011432304645108522
16224,7,0,0,0.0002083642885495638
16225,3,0,0,0.0025284241243622185
16226,10,0,0,0.0009972681700550455
16227,3,0,0,0.0009728851929164675
16228,3,0,0,0.0466607592549622
16229,1,0,1,0.938634106917463
16230,5,0,0,0.0014181908808517522
16231,6,0,0,0.008091448914622481
16232,7,0,0,0.003221353049183431
16233,8,0,0,0.0029405953130972255
16234,4,0,0,0.006778475158282408
16235,10,0,0,0.007422815534127516
16236,9,0,0,0.00012323924143591418
16237,2,0,0,0.0038346505609414376
16238,5,0,0,0.0018530452162829327
16239,5,0,0,0.03308113186749793
16240,10,0,0,0.0008244249489259829
16241,9,0,0,0.0018255578081424223
16242,1,0,0,0.00036715278194647267
16243,9,0,0,0.031211458028745052
16244,6,0,0,0.0012913695383214483
16245,6,0,0,0.0007198721331266594
16246,2,0,0,0.009977707886158114
16247,5,0,0,0.0003744088851045019
16248,1,0,0,0.008016912209705277
16249,9,0,0,0.0006613085788714154
16250,1,0,0,0.0004665797861701418
16251,4,0,0,0.00014920821104328507
16252,3,0,0,0.0006048611627491256
16253,5,0,0,0.00020662551183232896
16254,7,0,0,0.00032778201687959146
16255,10,0,0,0.00023067781465148805
16256,2,0,1,0.5908912703080791
16257,8,0,0,0.00030070957434287873
16258,10,0,0,0.004112807134662917
16259,1,0,0,0.0019398640708202818
16260,7,0,0,0.0004559902889994685
16261,7,0,0,0.004242796704332999
16262,6,0,0,0.0006831068828358056
16263,1,0,0,0.0006928488215664361
16264,10,0,1,0.9998742787980441
16265,3,0,0,0.00041428870989983896
16266,3,0,0,0.0009400027388128803
16267,6,0,0,0.00046451422450524113
16268,2,0,0,0.002120045575555409
16269,2,0,0,2.8866784519865725e-05
16270,3,0,0,0.004579509281592446
16271,10,0,0,0.43370496765441574
16272,3,0,1,0.9942292043267459
16273,8,0,0,0.0031116475622215037
16274,10,0,0,0.00025436870162473464
16275,10,0,1,0.9981271700478338
16276,6,0,0,0.001669217985529687
16277,1,0,0,0.00038878411545508954
16278,5,0,0,0.11314271916290414
16279,1,0,1,0.9985294167945893
16280,7,0,0,0.0012019012572648774
16281,5,0,0,0.0007602487803715275
16282,6,0,0,0.06057577644691426
16283,6,0,0,0.0006186874466654735
16284,10,0,0,0.0010776026880291469
16285,4,0,0,0.0009797594826491138
16286,8,0,0,0.03955896971207147
16287,6,0,0,0.0003498046898060827
16288,6,0,0,0.0016179150805040801
16289,10,0,0,0.14643982252554852
16290,4,0,0,0.00045402042577151415
16291,2,0,0,0.0002793763777998269
16292,8,0,0,0.00585552970075788
16293,7,0,0,0.001681076607138138
16294,5,0,0,0.0009822318152284853
16295,10,0,1,0.9184418227145017
16296,4,0,0,0.026499672505874518
16297,6,0,0,8.973757906896785e-05
16298,8,0,0,0.0004662433472059892
16299,10,0,0,0.2477501190201398
16300,7,0,0,0.0008276647567131186
16301,8,0,0,0.004290113052764707
16302,6,0,0,0.00023228052615737572
16303,2,0,0,0.00027375362519934033
16304,3,0,0,0.0025580023646992567
16305,2,0,0,0.0025467575387283677
16306,1,0,0,0.008304433451604025
16307,7,0,1,0.9845825964940031
16308,4,0,0,0.07619712719855394
16309,4,0,0,0.0003280357864022848
16310,3,0,0,0.0002645193724903017
16311,6,0,0,0.003540670492660044
16312,7,0,0,0.00034605164087189624
16313,4,0,0,0.019197695508157697
16314,10,0,0,0.013215157069283764
16315,8,0,0,0.18584745197704572
16316,5,0,0,0.0012453556202513686
16317,10,0,0,0.00028652169745039017
16318,10,0,0,0.0016823376647439538
16319,10,0,0,0.012809237979964421
16320,9,0,0,0.0044178400538884745
16321,9,0,0,0.011316074408468864
16322,9,0,0,0.0014707446985468239
16323,3,0,0,0.005781707375287275
16324,1,0,0,0.1104654475120123
16325,9,0,0,0.030481087907102862
16326,8,0,0,0.001567665825715461
16327,4,0,1,0.918338230860267
16328,10,0,0,0.00042938857319546326
16329,2,0,0,0.0029159416871548044
16330,6,0,0,0.003927711950724355
16331,10,0,0,0.4554829124965294
16332,4,0,0,0.0004009553917571049
16333,3,0,0,0.10319877033371308
16334,7,0,0,8.760335450855659e-05
16335,2,0,0,0.006536859826185634
16336,2,0,0,0.0006096210964420244
16337,7,0,0,0.0007235623225560044
16338,6,0,0,0.0019808256745622262
16339,6,0,0,0.031263892996056954
16340,3,0,0,0.013407319236160328
16341,8,0,1,0.9623509072082372
16342,4,0,0,9.881791042981415e-05
16343,1,0,0,0.0010471584157800936
16344,1,0,0,0.02263448356503165
16345,8,0,0,0.0019875219552640084
16346,10,0,0,0.00022596153616401748
16347,5,0,0,0.045882257103433244
16348,9,0,0,0.00025939292223131757
16349,4,0,1,0.9997681067434281
16350,7,0,0,0.0005833878308593312
16351,2,0,0,0.002563985447659326
16352,5,0,0,0.008504096385582569
16353,10,0,0,0.004687019574936813
16354,8,0,1,0.8218220094712856
16355,7,0,0,0.008386049811171746
16356,10,0,0,0.2764605125297951
16357,6,0,0,3.697648041961969e-05
16358,2,0,0,0.012016995018111425
16359,10,0,0,0.04948020522639907
16360,6,0,0,0.0018549527573801115
16361,6,0,0,2.9483076315379792e-05
16362,2,0,0,0.0030952012546715656
16363,7,0,1,0.79092824613774
16364,7,0,0,0.01568894131026423
16365,10,0,0,0.002217148736175464
16366,8,0,1,0.6797501117363405
16367,6,0,0,0.0006120917706662307
16368,3,0,0,0.00010582313380718853
16369,2,0,0,0.0005584098761421242
16370,2,0,0,0.1666622424864161
16371,2,0,0,0.05798950216549922
16372,1,0,0,0.08751769921113534
16373,4,0,0,0.0035253545801613483
16374,9,0,0,0.0011204157354605022
16375,10,0,0,0.021234192734069807
16376,1,0,0,0.0013512294532015854
16377,1,0,0,0.0010485018969878465
16378,6,0,1,0.8830450017249687
16379,3,0,0,0.023896466903637628
16380,10,0,0,0.0370301988372017
16381,10,0,1,0.7439297782618366
16382,3,0,0,0.49831571178121065
16383,7,0,0,0.00040594052925562287
16384,6,0,0,0.00010668677148483038
16385,9,0,0,0.019151177569550273
16386,7,0,0,0.02090564177446505
16387,5,0,0,0.002427800483530096
16388,7,0,0,0.001551997623565932
16389,3,0,0,0.009643760343701093
16390,1,0,0,0.27231364251757156
16391,9,0,0,0.0025069255546746323
16392,3,0,0,0.003188813928682558
16393,8,0,0,0.002967504961489468
16394,8,0,0,0.0020335013003790043
16395,8,0,0,0.06129221218932919
16396,7,0,1,0.734748904607624
16397,1,0,0,0.0006610003393249126
16398,6,0,0,0.0009175248066622369
16399,4,0,0,0.038159153695229056
16400,4,0,0,0.005373122420238669
16401,5,0,0,0.0002365915948851539
16402,5,0,0,0.0020136081910274253
16403,3,0,0,0.017550695703110915
16404,8,0,0,0.0015120359818363003
16405,4,0,0,0.0003699805087302193
16406,10,0,1,0.5840795032123431
16407,4,0,0,0.013772968351027143
16408,6,0,0,0.0010802244909015367
16409,8,0,0,0.0007871011733580808
16410,2,0,0,0.0045181643560834855
16411,1,0,0,0.0004901487336411945
16412,6,0,0,0.0004864311376295268
16413,9,0,0,0.06659353560328181
16414,5,0,0,0.0010289173139768507
16415,5,0,0,0.004766938010096162
16416,6,0,0,0.02406724629990587
16417,8,0,0,0.0020242618435523923
16418,6,0,0,0.00025860426692949755
16419,3,0,0,0.009571679804454176
16420,1,0,0,0.0016916388278823006
16421,9,0,0,0.0015428517041741186
16422,6,0,0,0.039831569131188155
16423,6,0,0,0.006770398966608204
16424,3,0,0,0.0003227141415328758
16425,3,0,0,0.0003081740333809779
16426,1,0,0,0.0010957656441641847
16427,1,0,0,0.011349580744346631
16428,7,0,0,0.004296070056253192
16429,4,0,0,0.0019976129228269305
16430,2,0,0,0.0012616497716885669
16431,5,0,0,0.00667302737548911
16432,5,0,0,0.001665503492490232
16433,8,0,0,0.0031077585857972154
16434,1,0,0,0.0069399578293559226
16435,9,0,0,0.0004202555748232133
16436,4,0,0,0.03135303143004889
16437,2,0,0,0.01115100340072703
16438,5,0,0,0.007829828843766836
16439,6,0,0,0.0017439041567103458
16440,4,0,0,0.0003809453018140469
16441,5,0,0,0.009138135934148948
16442,7,0,0,0.00037210106505299696
16443,9,0,0,0.2633002672579871
16444,3,0,0,0.013180308634641294
16445,4,0,0,0.009022146613048817
16446,5,0,0,0.002902734486684345
16447,4,0,0,0.0008867691072647596
16448,4,0,0,0.0010794895155483257
16449,9,0,0,0.00034357021929205605
16450,1,0,0,0.0038902214770865588
16451,6,0,0,0.000853141023561713
16452,3,0,0,0.00014705290398096685
16453,3,0,0,0.002359415683779888
16454,8,0,0,0.004702658873118587
16455,1,0,0,0.07516103923328855
16456,4,0,0,0.0036894806100727234
16457,8,0,0,0.3339230164314678
16458,8,0,0,0.06549150632998543
16459,7,0,0,0.0004878627983408497
16460,2,0,0,0.00189066315478651
16461,5,0,0,0.04155865985022933
16462,2,0,1,0.7843316062760789
16463,10,0,0,0.00021823012619254768
16464,3,0,0,0.0011230881015767836
16465,10,0,0,0.16214222336671305
16466,5,0,0,0.04667213027979801
16467,7,0,0,0.0074416115624339075
16468,7,0,0,0.00963727133670506
16469,4,0,0,0.0009639874058857086
16470,2,0,0,0.02248191658344664
16471,4,0,0,0.05514739366674121
16472,2,0,0,0.008407574168831023
16473,7,0,0,0.00588361407605887
16474,9,0,0,0.0005165190501271982
16475,5,0,0,9.641672894813394e-05
16476,10,0,1,0.7871688888082697
16477,10,0,0,0.001059614381811237
16478,5,0,0,0.002453637313959247
16479,1,0,1,0.5268912002299504
16480,4,0,0,0.0006233772114927821
16481,4,0,0,0.0013805060501109851
16482,10,0,0,0.00036302732705186967
16483,1,0,0,0.037274753820894894
16484,8,0,0,0.004546069106121982
16485,7,0,0,0.0023586016337794552
16486,8,0,0,0.36075772435171305
16487,1,0,0,0.053286112779459965
16488,1,0,0,0.0002187712636731115
16489,5,0,0,0.00023842241664496916
16490,4,0,0,0.011107718924782389
16491,5,0,1,0.9198572392177184
16492,7,0,0,0.009601755252573329
16493,10,0,0,0.0003226457181135827
16494,4,0,0,0.00017252219408750194
16495,2,0,0,0.0019319019236984961
16496,5,0,0,0.008007904562507915
16497,1,0,0,0.00011069616802047064
16498,9,0,0,0.020476849071929155
16499,5,0,0,0.03340866379415518
16500,8,0,0,0.009106389312358803
16501,2,0,0,0.0033807380875069564
16502,3,0,0,0.001978134394157026
16503,1,0,0,0.0010119748928553232
16504,5,0,0,0.000561921659520615
16505,8,0,0,0.0005892805379351646
16506,2,0,1,0.9990152207010043
16507,1,0,0,0.0008351914245856337
16508,10,0,0,0.001660630467908872
16509,4,0,0,0.006324103904959792
16510,9,0,0,0.0007574529876949027
16511,7,0,0,0.0007450413927444342
16512,8,0,0,0.0002568349409462103
16513,7,0,0,0.007126122863672482
16514,7,0,0,0.008368848237774689
16515,10,0,0,0.0066742593913728
16516,4,0,0,0.04157246932981387
16517,6,0,1,0.6430092283894426
16518,9,0,1,0.561518245331077
16519,10,0,0,0.0008272639835910665
16520,9,0,0,0.09971939092994651
16521,4,0,0,0.0007550359615442659
16522,6,0,0,0.0013792885228969718
16523,6,0,0,0.003402919969643835
16524,1,0,0,0.00034669277145599447
16525,4,0,0,0.0009341803319466115
16526,7,0,0,0.0017465201506648763
16527,2,0,0,0.004074760608181636
16528,3,0,0,0.0012156479785585738
16529,2,0,1,0.8016520049300799
16530,6,0,0,0.0039047815677069435
16531,2,0,0,0.000860074425445053
16532,2,0,0,0.09099799393603758
16533,7,0,0,0.00013484360529127546
16534,10,0,0,0.003579804282722333
16535,1,0,0,0.0014356246058921818
16536,9,0,0,0.001229824367387374
16537,9,0,0,0.0027734405216338154
16538,5,0,0,0.00114252514682661
16539,3,0,0,0.00014558262943002988
16540,5,0,0,9.619032856892414e-05
16541,6,0,0,0.0015964727209931162
16542,4,0,1,0.9579079895784798
16543,7,0,0,0.0042315279708408215
16544,9,0,0,0.0020332715092459207
16545,2,0,0,8.909761704212932e-05
16546,6,0,0,0.00019677618532570272
16547,4,0,0,0.06927237147460955
16548,9,0,0,0.0006306001479088749
16549,7,0,0,0.0012207664751279397
16550,1,0,0,0.0030866380213288736
16551,6,0,0,0.001654679907783185
16552,8,0,1,0.5510074628493697
16553,3,0,0,0.004464263836061119
16554,7,0,0,0.00012827325961331165
16555,2,0,0,0.003514989093541334
16556,10,0,0,0.005656708857912317
16557,3,0,0,0.0021047752880946373
16558,6,0,0,0.0034626912700605455
16559,8,0,0,0.0008371447505599659
16560,6,0,0,0.0001827923414905195
16561,6,0,0,0.0004281040074091907
16562,5,0,0,0.0025362360331655652
16563,7,0,0,0.0005532026595076256
16564,8,0,0,0.012350613391732441
16565,1,0,0,0.013744754921378569
16566,2,0,0,0.000284060159350719
16567,4,0,0,0.00016948886372182025
16568,6,0,0,0.014716256378094848
16569,4,0,0,0.39004963051024144
16570,5,0,0,0.00034136321216850696
16571,6,0,0,0.0007607673011943718
16572,4,0,0,0.010590621160322772
16573,3,0,0,0.0009995921014241632
16574,8,0,0,0.21638503099198297
16575,9,0,0,0.00017341505822855393
16576,5,0,0,0.0026081004600834517
16577,3,0,0,0.009929754881663411
16578,1,0,0,0.0001979582019902454
16579,3,0,0,0.0007567651475900238
16580,7,0,0,0.005238410999113903
16581,8,0,0,0.0005494802955093086
16582,1,0,0,0.0016948928105855656
16583,5,0,0,0.061481706225311586
16584,3,0,0,0.0016494249507129806
16585,3,0,0,0.0002691820781541637
16586,9,0,0,9.651951960147415e-05
16587,8,0,0,0.00041598099160827735
16588,6,0,0,0.00023533544227542595
16589,1,0,0,0.006445303860198336
16590,4,0,0,0.0005887817650279507
16591,2,0,0,0.00022519470595449775
16592,10,0,0,0.0011364068140919403
16593,10,0,0,0.008166416562233585
16594,1,0,0,0.0004849082337330536
16595,8,0,0,0.0012282419489050578
16596,4,0,0,0.0009988531926040383
16597,3,0,0,0.11529198640797986
16598,7,0,0,0.0004188003300388751
16599,8,0,1,0.695938720571659
16600,3,0,0,0.050152714081752175
16601,3,0,0,0.00013275561884106945
16602,6,0,0,0.0016407662298984975
16603,7,0,0,0.47699994676739843
16604,3,0,0,0.045044455336510185
16605,10,0,0,0.15916829774311303
16606,7,0,0,0.009455235942483072
16607,1,0,0,0.00017459945327813286
16608,5,0,0,0.0016979101802841302
16609,8,0,0,0.003442029211777731
16610,4,0,0,0.00045548744561109205
16611,10,0,0,0.00031053903290751507
16612,3,0,0,0.0024793384172913492
16613,3,0,0,0.0036026617457680108
16614,10,0,0,0.1673240193025297
16615,1,0,0,0.0011483487228666333
16616,5,0,0,0.013711955920621896
16617,4,0,0,0.00031960593731472094
16618,3,0,0,0.00014806085496327768
16619,7,0,0,0.0003679218713476053
16620,5,0,0,0.0007061000622985617
16621,3,0,0,0.0030415513003266828
16622,3,0,0,0.003505287890740444
16623,8,0,0,0.0056074561183255016
16624,2,0,1,0.8125975306005775
16625,3,0,0,0.0009606145221433941
16626,9,0,0,0.045311297973606765
16627,1,0,0,0.005682685441558936
16628,3,0,0,0.0028028925125353774
16629,6,0,0,0.010974350635006827
16630,6,0,0,0.01015484857703271
16631,3,0,0,0.000256357657743383
16632,1,0,0,0.003642257351883714
16633,5,0,0,0.004882980597798739
16634,7,0,0,0.007109775785974036
16635,5,0,0,0.0019103035774954682
16636,2,0,0,0.00687930829470703
16637,1,0,0,0.0008628087158687747
16638,6,0,0,0.02159121319224544
16639,1,0,0,0.00022220239847138754
16640,5,0,0,0.0013261995393156329
16641,1,0,0,0.02115572432168681
16642,3,0,0,0.004176861730481185
16643,3,0,0,0.00034353250884007876
16644,3,0,0,0.010185513922641252
16645,10,0,0,0.0066526196034985725
16646,10,0,0,0.00027158107488418567
16647,6,0,0,0.00019727065869483098
16648,1,0,0,0.002116026593308483
16649,5,0,0,0.00026446560178889695
16650,5,0,0,0.00022333112382494022
16651,1,0,0,0.0008753486447269133
16652,9,0,0,0.00214685231168212
16653,1,0,0,0.0001765176854018461
16654,8,0,0,0.002369265087336178
16655,3,0,0,0.0009566707943804199
16656,5,0,0,0.00030339744617463495
16657,9,0,0,0.00358688800374485
16658,6,0,0,0.13845155174358015
16659,1,0,0,0.01599172914122364
16660,3,0,0,0.00045188825784111246
16661,7,0,0,6.298849535696495e-05
16662,3,0,0,0.007899528258894478
16663,7,0,0,0.001660265149368691
16664,5,0,0,0.013678739979381054
16665,1,0,1,0.8725780837922628
16666,5,0,0,0.00019853546791370424
16667,7,0,0,0.03386370134622407
16668,8,0,0,0.0052347766023839734
16669,3,0,0,0.0009798212810300045
16670,6,0,0,0.052749183899803466
16671,9,0,0,0.023565307703333736
16672,5,0,1,0.7566210104818198
16673,2,0,0,0.0006240991195594559
16674,4,0,0,0.0015281642983761379
16675,1,0,0,0.003202931853657076
16676,6,0,1,0.8466134395273737
16677,5,0,0,0.0009490958341304594
16678,4,0,0,0.0009954190483259734
16679,6,0,0,0.0008388858814742115
16680,8,0,0,0.0018108571165060424
16681,4,0,0,0.002630759400419099
16682,5,0,0,0.0014619504474982978
16683,1,0,0,5.475888675335246e-05
16684,3,0,0,0.0543371796174342
16685,4,0,0,0.002189150125722799
16686,6,0,1,0.7093408475495356
16687,6,0,0,0.0006036741656413589
16688,5,0,0,0.0002792491022282035
16689,4,0,0,0.0023099862305751063
16690,8,0,0,0.0008588525162536511
16691,3,0,0,0.0006631852436925508
16692,5,0,0,0.01781771128333009
16693,4,0,0,0.035959020169495905
16694,8,0,0,0.0017947983107765887
16695,3,0,0,0.0020287498138747643
16696,9,0,0,0.0033515532519515757
16697,7,0,0,0.00042258460065618635
16698,2,0,0,0.00010912141354247248
16699,4,0,0,0.0008962745601579176
16700,8,0,0,0.14148917570778302
16701,7,0,0,0.01067037634753517
16702,8,0,0,0.0002300926002511609
16703,10,0,1,0.9913574552978159
16704,2,0,0,0.0013014427902355839
16705,1,0,0,0.004763051606917923
16706,3,0,0,0.0003828033275829261
16707,9,0,0,0.0006428610614774337
16708,8,0,0,0.00017443777484539647
16709,6,0,0,0.04220393680354621
16710,2,0,0,0.00562420543758607
16711,7,0,0,0.0160826004990421
16712,1,0,0,0.00031266690666847594
16713,6,0,0,0.0037993045097813624
16714,10,0,0,0.018198025494799784
16715,1,0,0,0.004957728366753778
16716,7,0,0,0.0024302818326700903
16717,5,0,0,0.0077905375010144055
16718,9,0,0,0.0002450836057129964
16719,9,0,0,0.0003499629755133479
16720,10,0,0,0.0038108255838268834
16721,4,0,0,0.005526298332209056
16722,10,0,0,0.00021181365916534214
16723,6,0,0,0.0006101582563936678
16724,4,0,0,0.000887322463224769
16725,1,0,0,0.00022738527453839327
16726,9,0,0,0.0028906943229324734
16727,6,0,0,0.001384560418182795
16728,2,0,0,0.0029491500651453425
16729,5,0,0,0.013064206485906872
16730,2,0,0,0.43757966781205526
16731,9,0,0,0.00018666483926949726
16732,10,0,0,0.037580880607990697
16733,6,0,0,0.0019247004111491164
16734,5,0,0,0.0011857969043468876
16735,3,0,1,0.9981508048193277
16736,8,0,0,0.0007625784293651146
16737,8,0,0,0.022738090739378887
16738,6,0,0,0.0005756046996158301
16739,9,0,0,0.0034011530996926856
16740,5,0,0,0.004614886678192464
16741,6,0,0,0.16046442381214004
16742,2,0,0,0.0025512337675970788
16743,3,0,0,0.014283490211409533
16744,10,0,0,0.000987517758852331
16745,8,0,0,0.004853003167407086
16746,4,0,1,0.9994598942759996
16747,3,0,0,0.02987150450686211
16748,9,0,0,0.058677250780669765
16749,4,0,0,0.030721527181996357
16750,7,0,0,0.0012266387548780207
16751,10,0,0,0.0010505976873791136
16752,9,0,0,0.018596149095975043
16753,3,0,0,0.0007418891124911307
16754,7,0,0,0.00028360679424137503
16755,3,0,1,0.9917482250264557
16756,2,0,0,0.00048350453195953073
16757,3,0,1,0.9760150801872425
16758,5,0,0,0.04578283908074612
16759,9,0,1,0.9985932432415903
16760,3,0,0,0.0008866524096899754
16761,10,0,0,0.0043008420743987155
16762,7,0,0,0.006413323543069178
16763,9,0,0,0.00014371041820783524
16764,2,0,0,0.027649503768645778
16765,3,0,0,0.0097851989428184
16766,3,0,0,0.04565547040906875
16767,3,0,1,0.9997302316259865
16768,6,0,0,0.0018051687418212832
16769,4,0,0,0.017019484186526216
16770,2,0,0,0.0005068921388743322
16771,5,0,0,0.000379778817266621
16772,9,0,0,0.005690905328862857
16773,5,0,0,0.0028763201432982755
16774,8,0,0,0.03814159892486042
16775,5,0,0,0.0059058592518469915
16776,6,0,0,0.00032815222667392747
16777,3,0,0,0.01103844750992483
16778,1,0,0,0.00034494412295667416
16779,9,0,0,0.0004799990486533543
16780,1,0,0,0.0003328757633403674
16781,1,0,0,0.003916220823098846
16782,9,0,0,0.0008443330906543768
16783,6,0,0,0.0011586053800903197
16784,7,0,0,0.05069186888273932
16785,5,0,0,0.0016742901030838602
16786,2,0,0,0.0059084140746089335
16787,6,0,1,0.9487866673017284
16788,9,0,0,0.0006122508662641658
16789,1,0,0,0.0007342702983116414
16790,2,0,0,0.025573906151531475
16791,2,0,0,0.016252633437771627
16792,1,0,0,0.00023526142944761553
16793,8,0,0,0.0003140012006086112
16794,6,0,0,0.006487497243492506
16795,1,0,0,0.00022835345519907544
16796,8,0,0,0.0010544500149969429
16797,3,0,0,0.046083456891241346
16798,8,0,0,7.378330507503886e-05
16799,2,0,0,0.002868202397783081
16800,8,0,0,0.002150376961116229
16801,3,0,1,0.8587366545236874
16802,8,0,0,0.2770460727264016
16803,6,0,0,0.0026153539487764887
16804,10,0,0,0.00011572517989158742
16805,5,0,0,0.0008456648381801535
16806,1,0,0,0.01632866785756955
16807,6,0,0,0.0720433154194807
16808,3,0,0,0.005923364876062295
16809,6,0,0,0.0004994265082365803
16810,5,0,1,0.9993159726730625
16811,5,0,0,0.0007293837900526462
16812,4,0,0,0.0002559826168804375
16813,9,0,0,0.03952202308815276
16814,1,0,0,0.03200548016837341
16815,5,0,0,0.003801162592403713
16816,2,0,0,0.0008131570238364752
16817,9,0,0,0.0005641806165901042
16818,2,0,1,0.909605106134648
16819,9,0,0,0.012693571884735577
16820,7,0,0,0.0008852227849372532
16821,3,0,0,0.016053462387142323
16822,10,0,0,0.01715703947558563
16823,10,0,0,0.0024396735418076663
16824,4,0,0,0.0006732950652917854
16825,5,0,0,0.011902602600015862
16826,4,0,1,0.9875147747456714
16827,7,0,0,0.0016538143216532958
16828,3,0,0,0.0010789678853752832
16829,9,0,1,0.9959639326966931
16830,8,0,0,0.005973759741738696
16831,6,0,0,0.016938146313182332
16832,5,0,0,0.0003200312450043106
16833,8,0,0,0.1949103920840395
16834,8,0,0,0.22995774728763083
16835,2,0,0,0.00030057065944684604
16836,10,0,0,0.4994605649549689
16837,4,0,0,0.0008904643058242827
16838,6,0,0,0.01732878849187939
16839,9,0,0,0.007943745888875827
16840,8,0,0,0.0003367760974361126
16841,4,0,0,0.0019509517849290977
16842,2,0,0,0.0015512148877164492
16843,10,0,0,0.0022118820004128153
16844,1,0,0,0.015142799293113357
16845,4,0,1,0.9998091007084593
16846,1,0,0,0.002126426997623947
16847,4,0,0,0.037932640119724886
16848,4,0,0,0.051858893885139735
16849,2,0,0,0.00048602589516796087
16850,8,0,0,0.009112681997047864
16851,4,0,0,0.0002371638521878838
16852,7,0,0,0.0003309626641712836
16853,3,0,0,0.0031862022043129146
16854,8,0,0,0.0007079481294352305
16855,8,0,0,0.10302911033337812
16856,6,0,0,0.0005068403965731681
16857,4,0,0,0.004007233760613436
16858,6,0,0,0.0125605066417666
16859,5,0,0,0.006949584424210051
16860,5,0,0,0.003289920820703527
16861,9,0,0,0.0005973627606150118
16862,4,0,0,0.0017877100402931693
16863,4,0,0,0.005401228274261639
16864,8,0,0,0.033161302977396126
16865,8,0,0,0.04500372490637277
16866,8,0,0,0.023950018573275098
16867,5,0,0,0.005556165348211996
16868,10,0,0,0.00020436801655931722
16869,1,0,1,0.536654421162977
16870,8,0,0,0.014852869384412024
16871,8,0,0,0.07759370789508324
16872,3,0,0,0.0009368335719572073
16873,3,0,1,0.9930773595308299
16874,7,0,0,0.003392260062689969
16875,8,0,0,0.0010594948089587828
16876,2,0,0,0.005554801478135404
16877,5,0,0,0.0028053186785412295
16878,4,0,0,0.00019906110152861955
16879,7,0,0,0.07557985504690234
16880,7,0,0,0.0003333172208982988
16881,9,0,0,0.0037224853615388867
16882,4,0,0,0.009049239385820787
16883,8,0,0,0.0004137171849136957
16884,1,0,0,0.00010817516829901883
16885,3,0,0,0.003648776545322874
16886,2,0,0,0.0040462362799768515
16887,9,0,0,0.01861993460667586
16888,10,0,0,0.0008670079249594809
16889,7,0,0,0.004658808544054078
16890,2,0,1,0.9453173180778867
16891,4,0,0,0.000618501679285831
16892,3,0,0,0.000161120382015967
16893,7,0,0,0.00022092396210797783
16894,9,0,0,0.0017239319624138714
16895,4,0,1,0.8831375348130918
16896,5,0,0,0.004271046423678466
16897,8,0,0,0.017728629292662838
16898,8,0,0,0.060809461229094905
16899,4,0,0,0.003104866154234531
16900,9,0,0,0.0022145589774497034
16901,10,0,0,0.0018812551785674697
16902,1,0,0,0.00014482212541992422
16903,3,0,0,0.04002841255910495
16904,3,0,0,0.0044850075005114795
16905,1,0,0,0.00023413566282560707
16906,1,0,0,0.002328668025435229
16907,6,0,0,0.005894611887673907
16908,6,0,0,0.0003071992464003393
16909,9,0,0,0.012282245710485196
16910,1,0,0,0.0003597113336109478
16911,2,0,0,0.00022570262701303165
16912,9,0,0,0.0036910391519003115
16913,5,0,0,0.00014565227426240437
16914,2,0,0,0.0049200705836622925
16915,9,0,0,0.07943807289911037
16916,8,0,0,0.0006535272606601073
16917,3,0,0,0.00010893050739223587
16918,9,0,0,0.004024022422077689
16919,9,0,0,0.0006164326670256464
16920,3,0,0,0.0007066112243588668
16921,6,0,0,2.8148834229449594e-05
16922,5,0,0,0.16243789331827987
16923,2,0,1,0.8243648786661522
16924,5,0,0,0.011225593121089176
16925,10,0,1,0.8392203828036552
16926,6,0,0,0.0040506638135024845
16927,2,0,0,0.004867999728112039
16928,10,0,0,0.0004311474412051288
16929,6,0,0,0.0023384235804853833
16930,2,0,0,0.020410923992998264
16931,1,0,0,0.25743775909014044
16932,6,0,0,0.0013270856857381893
16933,9,0,0,0.002109549145907152
16934,1,0,0,0.00018132719810490448
16935,2,0,0,0.004266525064909021
16936,9,0,0,0.025798328067351103
16937,6,0,0,0.0001121819369186163
16938,10,0,0,0.0008538925642315437
16939,10,0,0,0.008713418514426174
16940,9,0,0,0.0018200939353376798
16941,10,0,0,0.00038244834447947757
16942,4,0,0,0.002091301906556122
16943,9,0,0,0.000725039442285899
16944,7,0,0,0.26924179679833055
16945,4,0,0,0.00043497461854457903
16946,7,0,0,0.00028517577380309856
16947,5,0,0,0.0030183472094717735
16948,1,0,0,0.005382959557543126
16949,9,0,0,0.003953668044093484
16950,2,0,0,0.15992585905483514
16951,6,0,0,0.0026755575835709735
16952,6,0,1,0.8864051543354862
16953,2,0,0,0.00959308129092852
16954,7,0,0,0.47380853962162484
16955,5,0,0,0.000631069346066761
16956,10,0,0,0.00036507694335157187
16957,1,0,0,0.0002797173230317886
16958,4,0,0,0.0002153786832734494
16959,6,0,0,0.0012300433370146565
16960,4,0,0,0.004846380718253473
16961,7,0,0,0.002312822231663954
16962,6,0,0,0.003478569712032617
16963,2,0,0,0.02620733774122738
16964,5,0,0,0.0011116662022639897
16965,6,0,0,0.0021708170650910777
16966,7,0,0,0.0030865110431841257
16967,4,0,0,0.0015278680862274101
16968,2,0,1,0.9967663605772885
16969,6,0,0,0.0008266898747820562
16970,9,0,0,0.06315950409948703
16971,4,0,1,0.7002190327570237
16972,10,0,0,0.005396260987934202
16973,8,0,1,0.9997313244057879
16974,8,0,0,0.0002548865630239434
16975,6,0,0,0.001632533617520566
16976,7,0,0,0.00023272654586191168
16977,2,0,0,0.00712377058257865
16978,3,0,0,0.025230873013100757
16979,6,0,0,0.013384682120538845
16980,10,0,0,0.0016643214277189309
16981,6,0,0,0.001383992367173387
16982,4,0,0,0.003651044722329967
16983,9,0,0,0.013605144908563191
16984,4,0,0,0.3000318093023582
16985,6,0,0,0.003568912343593475
16986,5,0,1,0.8851240507145134
16987,9,0,0,0.006907448411645062
16988,4,0,1,0.7446982400532582
16989,7,0,0,0.016455147798165377
16990,7,0,0,0.0013677549868101448
16991,2,0,0,0.0012850191978777958
16992,1,0,0,0.004594952628601776
16993,8,0,0,0.4807898174112545
16994,8,0,0,0.00023064311053538937
16995,2,0,0,0.0010549966904572963
16996,2,0,0,0.0023291682034923726
16997,5,0,0,0.010777567456631332
16998,5,0,0,0.04874663862058641
16999,8,0,0,0.0010050317150308574
17000,3,0,0,0.00461076307921562
17001,9,0,0,0.06500808409496758
17002,7,0,0,0.010485518056976242
17003,4,0,0,0.0023314738844574983
17004,1,0,0,0.0006488685788277066
17005,1,0,0,0.0017960663438321967
17006,6,0,0,0.0008130948594986671
17007,4,0,0,0.0007592995270547159
17008,3,0,0,0.0005909678632176065
17009,1,0,0,0.001344339622480772
17010,1,0,0,0.0023368947016166493
17011,9,0,0,0.016807080494394604
17012,8,0,0,0.04918290393123
17013,3,0,0,0.0006733794459353067
17014,5,0,1,0.5831707972216039
17015,4,0,0,0.002342041260003053
17016,6,0,0,0.000931551068570343
17017,8,0,0,0.0010004699477419638
17018,4,0,0,0.00020148386663493742
17019,10,0,0,0.000792669493465158
17020,5,0,0,0.004851944602098876
17021,3,0,0,0.003976012117098197
17022,1,0,0,0.0026562505059245975
17023,8,0,0,0.002332101018825782
17024,8,0,0,0.0008634890497086798
17025,7,0,0,0.0017495509543556794
17026,2,0,0,0.0031804711598979875
17027,5,0,0,0.004260674468678869
17028,3,0,0,0.005034977259183665
17029,1,0,0,0.00627806723908086
17030,3,0,0,0.015665885193236903
17031,7,0,0,0.0021306030777227835
17032,1,0,1,0.9962594821235651
17033,3,0,0,0.007552673351138445
17034,8,0,0,0.000606771436236155
17035,6,0,0,0.0024928587914003855
17036,8,0,0,0.0006981697228757131
17037,4,0,0,0.02574928937412544
17038,6,0,0,0.00023299221545108184
17039,2,0,0,0.0032092476306690714
17040,1,0,0,0.0015952032462622436
17041,2,0,0,0.00947438904949706
17042,6,0,0,0.001383552264404277
17043,3,0,0,0.00026290525354503156
17044,8,0,0,0.04865421212798435
17045,9,0,0,0.01033110105291826
17046,1,0,0,0.0001633164774231887
17047,10,0,1,0.989546160274938
17048,5,0,0,0.0015641304381275195
17049,7,0,0,0.3554949900834218
17050,3,0,0,0.005219704394985397
17051,10,0,0,0.0016854719334563743
17052,3,0,0,0.0019546113319942617
17053,7,0,0,0.04784624259635021
17054,9,0,0,0.016999647734975087
17055,1,0,0,0.0016186492195071072
17056,10,0,0,0.002426765063187095
17057,5,0,1,0.9972000577680862
17058,8,0,0,0.0018338457337698309
17059,6,0,0,0.0014138735661116495
17060,8,0,0,0.0036364135507727137
17061,1,0,0,0.0013105630978988915
17062,5,0,0,0.00027318643659794966
17063,5,0,0,0.015243057807205158
17064,2,0,0,0.00010353105946950757
17065,2,0,0,8.984999654361401e-05
17066,6,0,0,0.0003322479822773388
17067,4,0,0,0.006426374349501229
17068,4,0,0,0.00017445657713543327
17069,6,0,0,0.2753031384073521
17070,3,0,0,0.0028777827896297754
17071,4,0,0,0.0014041430086332827
17072,9,0,0,0.0015034290476171172
17073,3,0,0,0.002105529657830133
17074,1,0,0,0.000584084643800589
17075,3,0,0,0.0015557922488803845
17076,10,0,1,0.5095631833827243
17077,8,0,0,0.022971839529021737
17078,4,0,1,0.8469582775214697
17079,10,0,0,0.03358048372262194
17080,4,0,0,0.01543511965617006
17081,6,0,0,0.0002618735472142332
17082,2,0,0,0.0010513484041996634
17083,8,0,0,0.02990643249533662
17084,9,0,0,0.0004061297106502243
17085,8,0,0,0.001906033281622173
17086,2,0,0,0.0011441294893382522
17087,6,0,0,0.000628250947274278
17088,7,0,0,0.001350294279767988
17089,5,0,0,0.0004471919253526311
17090,8,0,0,0.016078338463747018
17091,9,0,0,0.24350118253776495
17092,5,0,0,0.036719969793222916
17093,9,0,0,0.0015337410706349635
17094,1,0,0,0.00033974159577145817
17095,5,0,0,0.0014509136598696252
17096,4,0,0,0.003430651029225279
17097,10,0,0,0.0006822734836259797
17098,3,0,0,0.0003008096505992806
17099,7,0,1,0.5582305376346087
17100,5,0,0,0.0009354467771558968
17101,1,0,0,0.0013298760452867392
17102,8,0,0,0.008570370149094505
17103,2,0,0,0.00048426866967710494
17104,7,0,0,0.0017181313830399252
17105,4,0,0,0.002997733017897435
17106,5,0,0,0.018505329748414772
17107,7,0,0,0.0002190377416338629
17108,8,0,0,0.22636705693330772
17109,8,0,0,0.00567742606587965
17110,10,0,0,0.13842863228308178
17111,9,0,1,0.9778782361202296
17112,3,0,1,0.6227826093713993
17113,4,0,0,0.004645313980808588
17114,6,0,0,0.0004855913536890904
17115,4,0,0,0.052963438156261894
17116,7,0,0,0.0018382353446219344
17117,4,0,0,0.0006082182865577642
17118,8,0,0,0.00040209601702657563
17119,1,0,0,0.0351272467624592
17120,2,0,0,0.10523324564544574
17121,2,0,0,0.13392069011388352
17122,9,0,0,0.004095060871568919
17123,9,0,0,0.011866221721639354
17124,10,0,1,0.9161598020858226
17125,10,0,0,9.620956643474188e-05
17126,2,0,1,0.9330849714527125
17127,4,0,0,0.0001869152093300134
17128,1,0,0,0.00016870279101436955
17129,1,0,0,0.0019286592297943692
17130,3,0,0,0.014471433045924496
17131,10,0,0,0.08216058918496563
17132,5,0,0,0.0077573262851360295
17133,9,0,0,0.032720811690109014
17134,9,0,0,0.01434493603554497
17135,3,0,1,0.7195750972113715
17136,2,0,1,0.6984248458797255
17137,10,0,0,0.00011099700506214486
17138,8,0,0,0.005341373735587251
17139,8,0,0,0.0005688417116873259
17140,3,0,0,0.08536161358192818
17141,4,0,0,0.005695836158305364
17142,8,0,0,0.0006631980441183503
17143,4,0,0,0.005076216334973389
17144,3,0,0,0.002393651349609347
17145,5,0,0,0.007354424408025096
17146,8,0,0,0.05398211416362037
17147,10,0,0,0.0031863155383927842
17148,2,0,0,0.0022379140655485173
17149,5,0,0,0.01687516940401896
17150,5,0,0,0.0008883618298580792
17151,7,0,0,0.0007685366562591582
17152,5,0,0,0.007468124650342704
17153,1,0,1,0.5167456701863586
17154,5,0,0,0.0004529393876704156
17155,9,0,0,0.006412963504873344
17156,2,0,0,0.008174919440043338
17157,7,0,1,0.9715104319757165
17158,3,0,0,0.008350940651575692
17159,9,0,0,0.04773939815517029
17160,5,0,0,0.06582060373245631
17161,4,0,0,0.0006373587512721855
17162,10,0,0,0.0009552740133398078
17163,3,0,0,0.0007356126665172129
17164,6,0,0,0.01707741617834807
17165,5,0,0,0.0008756484107539849
17166,4,0,0,0.0003141276084816438
17167,6,0,0,0.0002564323195225467
17168,8,0,0,0.00042822718896215136
17169,3,0,0,0.4389169272492364
17170,3,0,0,0.0002821992166605389
17171,6,0,0,0.0062338993635643256
17172,9,0,0,0.0011367391429655362
17173,1,0,0,0.0007250548114506928
17174,8,0,0,0.008051635113906403
17175,8,0,0,0.0003958468048803931
17176,10,0,0,0.0013083934036828607
17177,10,0,0,0.016775629771701175
17178,5,0,0,0.00040336986856045787
17179,9,0,0,0.0026004774955793648
17180,6,0,0,0.00377981631389097
17181,1,0,1,0.9995610172293365
17182,7,0,0,0.4152848237511197
17183,2,0,0,0.0016200181126437827
17184,4,0,0,0.0008341312790816817
17185,9,0,0,0.0011295620647530414
17186,1,0,0,0.08961466917613994
17187,6,0,0,0.02137282640069137
17188,1,0,0,0.0018042700327943184
17189,5,0,0,0.30724199967961896
17190,8,0,0,0.0019974713242927504
17191,5,0,0,0.007177557361775966
17192,10,0,1,0.9856257531124915
17193,6,0,0,0.008721933410029095
17194,5,0,0,0.0073184848017090465
17195,4,0,0,0.0013241478755958525
17196,5,0,0,0.0014364822558716962
17197,5,0,0,0.00818091326249177
17198,6,0,0,0.00015430757259480275
17199,1,0,0,0.04856798600562834
17200,10,0,0,0.00012645540269146108
17201,3,0,0,0.001005258015947815
17202,2,0,0,0.000803876013189445
17203,2,0,0,0.09137171404484062
17204,9,0,0,0.0015430640601299633
17205,10,0,0,0.0004423004261385155
17206,8,0,0,0.008138192427562975
17207,1,0,0,0.005638345174888759
17208,2,0,0,0.1046167831387383
17209,1,0,0,0.0026992670595815823
17210,10,0,0,0.002349401337435935
17211,6,0,0,0.0028260906891320143
17212,1,0,0,0.00037609752793907835
17213,9,0,1,0.7634682510954273
17214,2,0,0,0.004238771628785979
17215,1,0,0,0.010846036232553917
17216,2,0,0,0.018586608947603715
17217,2,0,0,0.005250635269507384
17218,9,0,0,0.005001066566180265
17219,7,0,0,0.0067254610802725805
17220,10,0,0,0.0019102227652313451
17221,5,0,0,0.014788997113518495
17222,3,0,1,0.9828521370692584
17223,2,0,0,0.16324985054515107
17224,3,0,0,0.14432262694296571
17225,5,0,0,0.0016881591285665997
17226,7,0,0,0.004495756240325565
17227,7,0,0,0.015481219657373892
17228,1,0,1,0.9998718790384382
17229,4,0,0,0.0011209770066884272
17230,3,0,0,0.008593184187531095
17231,10,0,0,0.014566506139794143
17232,7,0,0,0.0005650272025846173
17233,4,0,0,0.007856223172267265
17234,4,0,0,0.0009912883054185113
17235,1,0,0,0.0009442199527103866
17236,3,0,0,0.0038652964605784814
17237,3,0,0,0.019081169707392265
17238,3,0,0,0.0016580117802098564
17239,3,0,0,0.0026248681691670283
17240,2,0,0,0.0006626336927721007
17241,9,0,0,0.0014684312298708813
17242,10,0,0,0.017093046033276826
17243,2,0,0,0.004014582690587558
17244,5,0,0,0.0003969218653933562
17245,1,0,0,0.0010221892234574966
17246,10,0,0,0.00011665745939798789
17247,10,0,0,0.019113959194507243
17248,10,0,0,0.09855266313220223
17249,10,0,0,0.09328230989580118
17250,7,0,0,0.0005006078727901979
17251,5,0,0,0.04226951635084129
17252,5,0,0,0.0007361130028902436
17253,4,0,0,0.0006801051141135643
17254,6,0,0,0.33006178786914675
17255,1,0,0,0.00026567201198983556
17256,4,0,0,0.0001782712233521641
17257,7,0,0,0.0003590016953546738
17258,3,0,0,0.0035490273226178506
17259,8,0,0,0.005400011243898776
17260,4,0,0,0.005888500388895723
17261,1,0,0,0.002267595873154664
17262,1,0,0,0.0013364204088298685
17263,8,0,0,0.06838613628463074
17264,5,0,0,0.005630080958688947
17265,2,0,0,0.00010161523869021288
17266,6,0,0,0.0003404824644394506
17267,3,0,0,0.011262881340402703
17268,4,0,0,0.005775685150656655
17269,10,0,0,0.0007582827457573897
17270,7,0,0,0.002536590606197713
17271,9,0,1,0.9893689251169608
17272,5,0,0,0.0028017504134568282
17273,9,0,0,0.006861364750614138
17274,5,0,1,0.9820681685330459
17275,6,0,0,0.06248038976624652
17276,9,0,0,0.042678016763699624
17277,3,0,0,7.75067338926246e-05
17278,2,0,0,0.0020735333673236335
17279,3,0,0,0.0002546830110049529
17280,3,0,0,0.0037819686188439203
17281,2,0,0,0.0004495973592990146
17282,7,0,0,0.0037063633793085744
17283,1,0,0,0.0018628405731050614
17284,5,0,0,0.009309432933086252
17285,3,0,0,0.0006347469631664129
17286,1,0,0,0.0009576156064949164
17287,7,0,0,0.002180018546864908
17288,3,0,0,0.03559048745680638
17289,8,0,0,0.26417593625653746
17290,5,0,0,0.0007849245069011198
17291,7,0,0,0.0012161218199018766
17292,5,0,0,0.00015982693962666194
17293,8,0,0,0.0009939783565384962
17294,10,0,0,0.024729617066744293
17295,9,0,0,0.00041522599862190064
17296,2,0,0,0.02558766039926919
17297,9,0,0,0.0038630613441752093
17298,2,0,0,0.048654400351536016
17299,7,0,0,0.014615575187666454
17300,8,0,0,0.028071152302463914
17301,3,0,0,0.021021634511294345
17302,6,0,0,0.0022815421937855142
17303,1,0,1,0.5088584737324091
17304,10,0,0,0.0003332774842858626
17305,6,0,0,0.009796829623313753
17306,6,0,0,0.0060383824797841
17307,4,0,0,0.0017905237731682875
17308,6,0,0,0.0013458535541141458
17309,2,0,0,0.015951625813776793
17310,6,0,0,0.0001631401597366129
17311,3,0,0,0.003179707322977469
17312,9,0,0,0.05893683671684338
17313,4,0,0,0.0012071057304930532
17314,6,0,0,0.00030067061771147025
17315,6,0,0,0.0020083103413847956
17316,9,0,0,0.004203004368980301
17317,1,0,0,0.0003900844738774422
17318,5,0,0,0.013430419665312098
17319,5,0,0,0.0007093142572742758
17320,5,0,0,0.00010347287589565131
17321,1,0,0,0.1516646051680067
17322,1,0,0,0.0011258302988886625
17323,3,0,1,0.9895403886713978
17324,9,0,0,0.006174309233060934
17325,5,0,0,0.12379283981732561
17326,4,0,0,0.004191856450431233
17327,5,0,0,0.0017838693819732059
17328,4,0,0,0.12965216533416335
17329,8,0,0,0.007508572491875641
17330,9,0,0,0.1201210632386642
17331,6,0,0,0.01291552435577262
17332,7,0,0,0.0001513626800425188
17333,10,0,0,0.0013657146594483682
17334,8,0,0,0.0006138873604999298
17335,4,0,0,0.006597867680435169
17336,1,0,0,0.04291064364683538
17337,10,0,0,0.002494765214934648
17338,8,0,0,0.0003060877410466417
17339,5,0,0,0.0004836906444761677
17340,4,0,0,0.0007106924036456592
17341,2,0,0,0.000229040784129131
17342,8,0,0,0.0003334573168237016
17343,1,0,1,0.9982996073499273
17344,6,0,0,0.0034012542316612174
17345,8,0,0,0.004232928126520704
17346,7,0,0,0.15205386588013442
17347,1,0,0,0.0002890354931035372
17348,2,0,0,0.00034503482570627275
17349,4,0,0,0.0003684816824696879
17350,6,0,0,0.00048110543053229694
17351,4,0,1,0.9890087372979579
17352,8,0,0,0.00040955243674739057
17353,7,0,0,0.005560274234942713
17354,5,0,0,0.0021418202615357774
17355,5,0,0,0.024074023429588955
17356,4,0,0,0.31336554287198093
17357,9,0,0,0.010393273151212908
17358,10,0,0,0.0005333915696250519
17359,3,0,1,0.5194842390806045
17360,3,0,0,0.0004266479368432669
17361,1,0,0,0.0005116724156884238
17362,10,0,1,0.9530049990993894
17363,9,0,0,0.003676994650745464
17364,4,0,1,0.9986092511265339
17365,1,0,0,0.025727074614995737
17366,8,0,0,0.0012268823742376943
17367,9,0,0,0.00864684247304559
17368,2,0,0,0.023207419045077483
17369,9,0,0,0.030793231908616693
17370,10,0,0,0.007692543725625007
17371,1,0,0,0.0010431481069717412
17372,6,0,0,0.032266541719555585
17373,7,0,0,0.0014027099760249284
17374,5,0,0,0.0019271698018352417
17375,6,0,0,0.2619551203688316
17376,9,0,0,0.014546649750354815
17377,5,0,0,0.004078955588432181
17378,7,0,0,0.0012588885543573208
17379,2,0,0,0.02852272661115938
17380,8,0,0,0.0005538918629010849
17381,5,0,0,0.007776973422298947
17382,2,0,0,0.00036736357052724806
17383,8,0,1,0.9996595974551266
17384,6,0,0,0.0005645150355717669
17385,7,0,0,0.0008112200561231706
17386,6,0,0,0.005587474532900425
17387,6,0,0,0.004098183034551086
17388,2,0,0,0.008267353401409371
17389,9,0,0,0.001681282227173505
17390,9,0,0,0.055267309397268705
17391,9,0,0,0.0005909550126666762
17392,1,0,0,0.0011414512515699083
17393,10,0,0,0.0014359115233391136
17394,8,0,0,0.012700201544486917
17395,3,0,0,0.0020798072755340746
17396,1,0,0,0.00214399326606864
17397,3,0,0,0.005204711586671253
17398,6,0,0,0.0003346295273592334
17399,3,0,0,0.0017407400087860896
17400,8,0,0,0.002999241473327825
17401,9,0,0,0.0007991129885523227
17402,5,0,0,0.00032737156909903056
17403,5,0,1,0.648068861462578
17404,10,0,0,0.013304259794185196
17405,2,0,0,0.00026015114439963973
17406,5,0,0,0.002968130185975165
17407,7,0,1,0.8702041379300118
17408,8,0,0,0.0019445424000607827
17409,2,0,0,6.370553503896044e-05
17410,8,0,0,0.0002577712887843764
17411,9,0,0,0.0012540752021356436
17412,3,0,0,0.007996728844121438
17413,5,0,0,0.0004937868975037479
17414,9,0,0,0.10084138583758931
17415,6,0,0,0.0005230215261531404
17416,7,0,0,0.15877251314967525
17417,3,0,1,0.9805709666483461
17418,4,0,0,0.004046745419387148
17419,6,0,0,0.008086053563985066
17420,9,0,0,0.0003439700024962667
17421,8,0,0,0.0010068703814743371
17422,7,0,0,0.0006304372381675347
17423,4,0,0,0.0031504670672863806
17424,9,0,0,0.09953902007623791
17425,1,0,0,0.0011112744828854213
17426,9,0,0,0.0005606652317168332
17427,9,0,0,0.00026334257644403477
17428,8,0,0,0.002205873397793626
17429,9,0,0,0.0057020652389170225
17430,8,0,0,0.0004137293874130748
17431,8,0,0,0.2611382316545213
17432,6,0,0,0.006036574285412484
17433,10,0,0,0.0006972917392330378
17434,2,0,0,0.0010422613829871017
17435,9,0,0,0.17842709046286342
17436,2,0,0,0.0005245635142362566
17437,9,0,0,0.004435927492682157
17438,2,0,0,0.0013207041299316625
17439,10,0,0,0.000177651564843698
17440,2,0,1,0.9815330483252984
17441,2,0,1,0.9698575227108355
17442,6,0,0,0.007061887676229934
17443,8,0,0,0.2075833328471028
17444,5,0,0,0.0013549182721628783
17445,4,0,0,0.00035839419672162575
17446,1,0,0,0.010789057803172065
17447,8,0,0,0.017595261469263598
17448,4,0,0,0.00025722317305133054
17449,6,0,0,0.00048318944285395747
17450,1,0,0,0.01055019557787578
17451,5,0,0,0.008760002515918417
17452,2,0,0,0.0027396013184452475
17453,7,0,0,0.0005294603836906182
17454,3,0,1,0.9307397821591231
17455,6,0,0,0.0028404611401136224
17456,4,0,0,0.015231293229396144
17457,2,0,0,0.000178152987023453
17458,1,0,0,0.0003261830477683301
17459,8,0,0,0.014763479889246726
17460,1,0,0,0.0008982760096356652
17461,5,0,1,0.6116466131196852
17462,6,0,1,0.8718841833066987
17463,3,0,0,0.00019536620915596752
17464,1,0,0,0.0004909224640365817
17465,10,0,0,0.0018987899597040219
17466,1,0,0,0.012340921978590737
17467,9,0,0,0.002093486754835631
17468,10,0,0,0.001402652421791046
17469,2,0,0,0.00020282255614116114
17470,8,0,0,0.0004260003390924885
17471,7,0,0,0.00019692864912883233
17472,10,0,0,0.4383045968297272
17473,8,0,0,0.4035084181681763
17474,4,0,0,0.010200803705428772
17475,4,0,0,0.00037122557451916904
17476,4,0,0,0.0014955276781009087
17477,4,0,0,0.0007708168593783411
17478,2,0,0,0.005185033802566889
17479,8,0,0,0.0039680543335392365
17480,6,0,0,0.0003130307694298773
17481,10,0,0,0.0060128257377946625
17482,9,0,0,0.00011257300317409107
17483,1,0,0,0.008745413075795997
17484,10,0,0,0.026261645188683003
17485,7,0,0,0.0014045153352764
17486,7,0,0,0.005629748967577558
17487,2,0,1,0.9921789768289185
17488,7,0,0,0.08248762879014834
17489,2,0,0,0.002420339231540604
17490,5,0,0,0.0010760053146435665
17491,3,0,0,0.007422500708129636
17492,7,0,0,0.0009798702442476068
17493,8,0,0,0.0017885817346234099
17494,10,0,0,0.018460329950180345
17495,1,0,0,0.0015399158847411469
17496,1,0,0,0.0015489398826180627
17497,5,0,0,0.0001429602884427466
17498,5,0,0,0.021118291719084307
17499,7,0,0,0.00011228677993169934
17500,7,0,0,0.010035995352429447
17501,10,0,0,0.010796486681886163
17502,7,0,0,0.0004520728647649711
17503,7,0,0,0.45205907867313766
17504,9,0,1,0.9190766327451065
17505,9,0,0,0.0006561343298224425
17506,2,0,0,0.0030398052223635707
17507,5,0,0,0.0009926802460512316
17508,6,0,0,0.008259081159997437
17509,5,0,0,0.0015459282467356283
17510,2,0,0,0.00044155312298979914
17511,6,0,0,0.02287962426626399
17512,9,0,0,0.0026560688646789492
17513,10,0,0,0.0024255823678250845
17514,10,0,0,0.0008924313969131729
17515,5,0,0,0.0014212299586820304
17516,7,0,0,0.013023389488573301
17517,8,0,0,0.00027485037341256935
17518,2,0,1,0.6265434323626128
17519,10,0,0,0.0007801753557087352
17520,5,0,0,0.017942309143610002
17521,5,0,0,0.003015838558964143
17522,8,0,0,0.013585059837633534
17523,6,0,0,0.0004998419569300411
17524,1,0,0,0.0011656101629023375
17525,4,0,0,0.008792666251957102
17526,1,0,0,0.0025815801064542716
17527,3,0,0,0.0013368135271424845
17528,2,0,0,0.0003743945561142776
17529,6,0,0,0.0006806623020549933
17530,5,0,0,0.0013016785277509932
17531,7,0,0,0.0001114195629025935
17532,5,0,0,0.004471027570104346
17533,10,0,0,0.003263923817263763
17534,2,0,0,0.002348290112580905
17535,5,0,0,0.1576077054299578
17536,6,0,0,0.003963504212398425
17537,8,0,0,0.0433329395898008
17538,1,0,0,0.06324422386026267
17539,2,0,0,0.0022718724889975953
17540,3,0,0,0.0039364015613062905
17541,8,0,0,0.002272849725169679
17542,8,0,0,0.0019865436544315965
17543,3,0,0,0.0008364204796283366
17544,2,0,0,0.0013547391916398394
17545,4,0,0,0.0036485679707288746
17546,7,0,0,0.019792787107233582
17547,8,0,0,0.0013325349159829252
17548,3,0,0,0.0006635946304098493
17549,3,0,0,0.0009354674051800169
17550,4,0,0,0.0017204482407702593
17551,2,0,0,0.00035307100032244486
17552,8,0,0,0.005347266764546398
17553,7,0,0,0.0014103571545129956
17554,5,0,0,0.007177680133986472
17555,10,0,0,0.003150931538655629
17556,7,0,0,0.0026223302322309974
17557,3,0,0,0.1714508873633184
17558,6,0,0,0.0002901081813851978
17559,7,0,0,0.0066500677646980375
17560,5,0,0,0.00014137447916262846
17561,10,0,0,0.003396458959678179
17562,7,0,0,0.0019521479626340014
17563,7,0,0,0.0005760754079831855
17564,7,0,0,0.0012582324665395424
17565,6,0,0,0.0021137281816524475
17566,4,0,0,0.039823433708461455
17567,1,0,0,0.0006358406375890413
17568,6,0,1,0.7020599650792176
17569,4,0,0,0.00046445218244620616
17570,4,0,1,0.9982700076617462
17571,4,0,0,0.00015725880406734617
17572,10,0,0,0.024990439796360103
17573,3,0,0,0.09448069470828063
17574,6,0,0,0.0009659700490518399
17575,7,0,0,0.00041667595110531086
17576,5,0,0,0.003774348855524543
17577,4,0,0,0.0006544342832146533
17578,5,0,0,0.020205289580034536
17579,7,0,0,0.00017708389263353704
17580,3,0,0,0.0010978040283801495
17581,10,0,0,0.0017676085231785907
17582,10,0,0,0.0005103798303908723
17583,4,0,0,0.0005172462983567898
17584,7,0,0,0.0002915796682580603
17585,4,0,0,0.0094682350207114
17586,8,0,0,0.004076144974778297
17587,2,0,0,0.0001386699944686955
17588,9,0,0,0.004401669847585296
17589,1,0,0,0.005543925156551915
17590,8,0,1,0.9981721271795588
17591,1,0,0,0.00017895814334884658
17592,10,0,1,0.7966437546075964
17593,5,0,0,0.001385483923158005
17594,10,0,0,0.007613529234752807
17595,6,0,0,0.007158237442995402
17596,4,0,0,0.0002373847282795206
17597,4,0,0,0.00026206322249586336
17598,10,0,0,0.008937736107740589
17599,5,0,0,0.0027339276156910708
17600,7,0,0,0.0002779208494880197
17601,1,0,0,0.0023629201474997075
17602,9,0,0,0.0009095552321375421
17603,8,0,0,0.00445842853501262
17604,2,0,0,0.00027657958408159027
17605,1,0,0,0.001927568897216707
17606,4,0,0,0.00029681253748486426
17607,5,0,0,0.08538569970454367
17608,2,0,0,0.00468216682311351
17609,4,0,0,0.0008315692883946351
17610,8,0,0,0.022538545910402698
17611,6,0,0,0.002902183640902711
17612,4,0,0,0.0002538502408055224
17613,4,0,0,0.00041675331022481303
17614,4,0,0,0.006716069670446352
17615,3,0,0,0.00010066665468673252
17616,3,0,0,0.0003639668898767571
17617,3,0,0,0.10118073264008601
17618,7,0,0,0.08918555386030227
17619,1,0,0,0.002183354452355448
17620,2,0,1,0.9175349430885573
17621,10,0,0,0.05417397663827947
17622,10,0,0,0.0015618157650546572
17623,5,0,0,0.000320902463215617
17624,3,0,0,0.0007977230521383179
17625,9,0,0,0.0024450906617257302
17626,1,0,0,0.22315090329006887
17627,8,0,0,0.000806479684063827
17628,9,0,0,0.0028248933782729704
17629,6,0,0,0.0016922488930175255
17630,1,0,0,0.10841453262028487
17631,1,0,0,0.0008124249960857858
17632,2,0,0,0.0374851434161943
17633,10,0,0,0.001634214023975697
17634,7,0,0,0.0012274012742200585
17635,4,0,0,0.0010513054425351801
17636,3,0,0,0.0001830607993216212
17637,10,0,0,0.006726024621913029
17638,7,0,0,4.2717332550318105e-05
17639,5,0,0,0.015244616443766101
17640,10,0,0,0.24839593144113084
17641,10,0,0,0.0008299743483132416
17642,2,0,0,0.009907017904116522
17643,7,0,0,0.0020038145083644313
17644,4,0,0,0.0003387966285335783
17645,10,0,0,0.0058100591026516045
17646,6,0,0,0.0004624533636582984
17647,5,0,0,0.00016215236562536773
17648,5,0,0,0.12981841944475592
17649,10,0,0,0.000284986661905338
17650,7,0,0,0.0008802250568451242
17651,4,0,0,0.0012627808195265443
17652,10,0,0,0.009563245602231775
17653,8,0,0,0.0004172821819117266
17654,5,0,0,0.00021792051289203754
17655,8,0,0,5.595139950828629e-05
17656,7,0,0,0.0009505491065097708
17657,10,0,0,0.0026057183430322583
17658,9,0,0,0.006120649311486649
17659,9,0,0,8.599816594208104e-05
17660,9,0,0,0.0011864913427815857
17661,5,0,0,0.000214075387445908
17662,1,0,0,0.02613539988037768
17663,9,0,0,0.0004999583031222445
17664,3,0,0,0.0008488135307620337
17665,5,0,0,0.0005061203031978765
17666,8,0,0,0.0012479469971128313
17667,1,0,0,0.021891707148139324
17668,7,0,0,0.08073110667947542
17669,2,0,0,0.0007092066303972714
17670,8,0,0,0.0009771410037411896
17671,7,0,0,0.0007525910939450733
17672,2,0,0,0.0032869539205529555
17673,5,0,0,0.000800059362688198
17674,7,0,0,0.0038388643833237816
17675,3,0,0,0.009186111884970413
17676,3,0,1,0.9997965123122994
17677,4,0,0,0.026391627655256343
17678,3,0,0,0.00034255185837095436
17679,4,0,0,0.021083861508758996
17680,6,0,0,0.008725936840772266
17681,1,0,0,0.0005728336481534176
17682,7,0,0,0.0010060499217326413
17683,6,0,0,0.0015172854444771562
17684,4,0,0,0.014806419504885886
17685,2,0,0,0.17189438393229675
17686,4,0,0,0.00851909467234143
17687,5,0,0,0.0012264514301379076
17688,5,0,0,0.00011916201563192124
17689,1,0,0,0.0023278129104704936
17690,3,0,1,0.9439470218511428
17691,8,0,1,0.7033581870033894
17692,2,0,0,0.03392494786471019
17693,3,0,0,0.011406651575308619
17694,2,0,1,0.995759419146404
17695,3,0,0,0.0002565354353032134
17696,3,0,0,0.002766508517827749
17697,3,0,0,0.004419821601427782
17698,1,0,1,0.9976932497123583
17699,1,0,0,0.00016260065672931415
17700,1,0,0,0.00020499887510362974
17701,5,0,0,0.00501917830929622
17702,7,0,0,0.1346689311648026
17703,10,0,0,0.0027378535666605507
17704,6,0,0,0.0007967831636385883
17705,7,0,0,0.08657822251564747
17706,2,0,0,0.0049559964754946235
17707,9,0,0,0.003284424115711752
17708,8,0,1,0.9984179749958051
17709,8,0,0,0.0077054240921302156
17710,8,0,1,0.8839842117275842
17711,2,0,0,0.003390570691973801
17712,8,0,1,0.5045559190071374
17713,1,0,0,0.006544145337016632
17714,1,0,0,0.001533894106535724
17715,8,0,0,0.002519977175046009
17716,3,0,0,0.0005457530219044729
17717,5,0,0,0.0005864915534824122
17718,4,0,1,0.5940687685114046
17719,9,0,0,0.001908388198670084
17720,2,0,0,0.0017129318115355703
17721,6,0,0,0.3536072764022389
17722,6,0,0,0.13219552233319853
17723,1,0,0,0.006185963571637211
17724,5,0,0,0.00018395116828785025
17725,1,0,1,0.6388145164549999
17726,10,0,0,0.0025895533762020652
17727,2,0,0,0.00775268973172168
17728,1,0,0,0.0006355405590327463
17729,8,0,0,0.0015223143174177382
17730,8,0,0,0.004934012461331661
17731,1,0,0,0.0005326795932225142
17732,7,0,0,0.0005650669453235516
17733,7,0,0,0.023021658431684702
17734,7,0,0,0.000757307256711596
17735,1,0,0,0.008851995695006928
17736,1,0,0,0.001110546498409883
17737,7,0,1,0.8553831997327381
17738,8,0,0,0.0006736351088776437
17739,1,0,0,0.0019611487400207407
17740,6,0,0,0.03128046136117735
17741,9,0,0,0.0003639307182103065
17742,6,0,0,0.0035772459196950946
17743,1,0,1,0.5395676132788212
17744,3,0,0,0.0011371342050273214
17745,9,0,0,0.002380090922364136
17746,10,0,0,0.0028977564477040496
17747,10,0,0,0.004237102831442602
17748,5,0,0,0.002792454106897831
17749,8,0,0,0.015807097208362163
17750,8,0,1,0.7897537467324218
17751,9,0,0,0.0015825697577136998
17752,7,0,0,0.08248218488576255
17753,1,0,0,0.002191950130996414
17754,4,0,0,0.001095681519326401
17755,5,0,0,0.0034601797662870666
17756,9,0,0,0.008625268506514426
17757,1,0,0,0.0007190905664175819
17758,4,0,0,0.0006700630600718
17759,4,0,0,0.0062495806738128955
17760,8,0,0,0.004046380159130412
17761,6,0,0,0.0008352457677124018
17762,4,0,0,0.0026756678942130045
17763,5,0,0,0.0004054226987144697
17764,2,0,0,0.0004602560396073777
17765,3,0,0,0.0009710115530514503
17766,3,0,0,0.005847071297242555
17767,1,0,0,0.12588339678023086
17768,7,0,1,0.758156484118663
17769,5,0,1,0.8491939373483702
17770,1,0,0,0.0015500849836826962
17771,3,0,0,0.011701860384994114
17772,6,0,0,5.10966274517667e-05
17773,4,0,0,0.019423779036559213
17774,6,0,1,0.9316800123913196
17775,6,0,0,0.00034638122633920496
17776,1,0,0,0.0021592842451472116
17777,8,0,0,0.009274163879285506
17778,10,0,0,0.0029743212331455296
17779,5,0,0,0.011097941597183735
17780,8,0,0,0.004055585250966885
17781,10,0,0,0.15968341318917403
17782,9,0,0,0.007209423664613974
17783,1,0,0,0.0011643057938292613
17784,1,0,0,0.0002863705607496267
17785,3,0,0,0.0006360814201560036
17786,7,0,0,0.10342597245529442
17787,8,0,0,0.00028582783437836794
17788,4,0,0,0.0005314784100470487
17789,9,0,0,0.004278258779528178
17790,5,0,0,0.002792216742779153
17791,10,0,0,0.005377012729656818
17792,1,0,0,0.0003208106537602938
17793,10,0,0,0.0005948010090880603
17794,2,0,1,0.9401768167006348
17795,1,0,0,0.28960594934042866
17796,5,0,0,0.0061396296391691835
17797,5,0,0,0.08520546176311981
17798,5,0,0,0.00020926729266720272
17799,4,0,0,0.0023997108887032002
17800,2,0,0,0.003000644614729937
17801,6,0,0,0.017218053524947572
17802,6,0,0,0.003340339725520011
17803,6,0,0,0.0037744268275664568
17804,4,0,0,0.00038061868957055733
17805,1,0,0,0.006602161273683473
17806,6,0,0,0.005816540009515115
17807,2,0,0,0.00023748614110296918
17808,8,0,0,0.002122917224214537
17809,4,0,0,0.002987049102316666
17810,9,0,0,0.0004611390767648972
17811,5,0,0,0.001279480890814099
17812,7,0,0,0.19398018937971012
17813,8,0,0,0.0010478663430766642
17814,4,0,0,0.017472212764651825
17815,5,0,0,0.02591659532912446
17816,4,0,0,0.000532800245072796
17817,10,0,0,0.01498949244010812
17818,4,0,0,0.0008473790622322422
17819,1,0,0,0.00938047539844547
17820,7,0,0,0.0007618866086655678
17821,9,0,0,0.00045798126154502516
17822,3,0,0,0.002828431896077221
17823,9,0,0,0.0005250983689205009
17824,8,0,0,0.11830077271241546
17825,10,0,1,0.8841406690706162
17826,9,0,0,0.0004241360026654214
17827,2,0,0,0.08025623153860666
17828,3,0,0,7.48798222099689e-05
17829,5,0,0,0.09087425244074168
17830,2,0,0,0.0001460092304474054
17831,8,0,0,0.0004222748816066258
17832,1,0,0,7.976774301645125e-05
17833,5,0,0,0.0007451236090340753
17834,10,0,0,0.00019772055371789074
17835,7,0,0,0.05124267632793961
17836,7,0,1,0.9377889934202712
17837,10,0,0,0.0008624968858175336
17838,9,0,0,0.0008194482007775352
17839,4,0,0,0.44704190937370625
17840,9,0,0,0.0013850183292789967
17841,1,0,0,0.0006440573507513353
17842,1,0,0,0.0005359274842939849
17843,6,0,0,0.01109542805928578
17844,4,0,0,0.0014936124056089462
17845,10,0,0,0.005105091914687383
17846,2,0,0,5.103824405408066e-05
17847,2,0,0,0.22019782119836717
17848,10,0,0,0.000597734890829877
17849,4,0,0,0.011291361414677344
17850,1,0,0,0.02643189038789151
17851,2,0,1,0.9980489569243036
17852,5,0,0,0.0005471850849728684
17853,2,0,1,0.6906766816149863
17854,8,0,0,0.0011671700211223315
17855,10,0,0,0.015231346530017745
17856,6,0,0,0.008594486186535251
17857,7,0,0,0.02174689405220949
17858,9,0,1,0.9995142261542909
17859,10,0,0,0.002344655340329333
17860,10,0,0,0.010648162683424908
17861,6,0,0,0.02400142000893308
17862,10,0,0,0.0005114273322876164
17863,2,0,0,0.0006342886120463147
17864,5,0,0,0.0012048516701860397
17865,8,0,0,0.013770060148347765
17866,8,0,0,0.001602804940540759
17867,8,0,0,0.0010036538389839274
17868,2,0,0,0.013411220506780498
17869,10,0,0,0.012586021502603184
17870,5,0,0,0.101286343563419
17871,2,0,0,0.020591486320795622
17872,6,0,0,0.0021867771481492134
17873,2,0,0,0.13460053470704492
17874,3,0,0,0.03421340688013517
17875,9,0,0,0.00011516707138084514
17876,7,0,0,0.06579294714138603
17877,2,0,0,0.0008821927022976478
17878,7,0,0,0.007457116216626191
17879,10,0,0,0.0010742140775953234
17880,10,0,0,0.0011031508745615061
17881,4,0,0,0.0012116137480161773
17882,1,0,0,0.006443646922288578
17883,3,0,0,0.0024520160408215775
17884,9,0,0,0.0012658880660541964
17885,3,0,0,0.004224434548209094
17886,4,0,0,0.012536159414511399
17887,2,0,0,0.005622684188535663
17888,4,0,0,0.0014335269123377755
17889,2,0,0,0.001592841440700478
17890,9,0,0,0.0006355533714963095
17891,9,0,0,0.005921799431691101
17892,2,0,0,0.0005916138129260255
17893,3,0,0,0.006491238584391171
17894,3,0,0,0.05957834643069997
17895,4,0,0,0.003358211272020344
17896,3,0,0,0.00121141675133403
17897,1,0,0,5.53159226895153e-05
17898,4,0,0,0.12916547977526208
17899,1,0,0,0.002448040631064967
17900,1,0,0,0.0016899649124569492
17901,4,0,0,0.009158844510497288
17902,8,0,0,0.0039707260523947595
17903,9,0,0,0.0022939418142005398
17904,1,0,0,0.0005596660436253755
17905,4,0,0,0.00018704380421126292
17906,7,0,0,0.011714079663636398
17907,3,0,0,0.00011750304116322204
17908,4,0,0,0.00047641320655439964
17909,9,0,0,0.015702733393075263
17910,7,0,0,0.0007986444261032569
17911,2,0,0,0.00014315080934211322
17912,3,0,0,0.23238012470401984
17913,2,0,0,0.0014055186005043515
17914,9,0,0,0.0005186700358808196
17915,7,0,0,0.0004820740784390364
17916,2,0,0,0.004356752953535726
17917,8,0,0,0.000850195844647192
17918,6,0,0,0.0012921838238895446
17919,3,0,0,0.00023939466187086368
17920,9,0,0,0.0068115285154407
17921,9,0,0,0.00019018841531254877
17922,5,0,1,0.6214630080723955
17923,5,0,0,0.005167876260304255
17924,5,0,0,0.07884295336522767
17925,7,0,0,0.007301896317965261
17926,1,0,0,0.1427420300187369
17927,8,0,1,0.5841172726208366
17928,9,0,1,0.9995633464326379
17929,2,0,0,0.0005776671419313012
17930,1,0,0,0.00025915330636771806
17931,4,0,1,0.5527610413379774
17932,1,0,0,0.0009247164120166568
17933,4,0,0,0.00018148032660851896
17934,5,0,0,0.0414676793359362
17935,4,0,0,0.0024590709125034047
17936,3,0,0,0.00019193522554629915
17937,7,0,0,0.00021443835682935869
17938,9,0,0,0.0023433247220851594
17939,2,0,0,0.0008177664018228568
17940,2,0,0,0.03801167190182598
17941,1,0,0,0.01302670156684043
17942,6,0,0,0.0023249125095658203
17943,7,0,0,0.41076741507071846
17944,4,0,0,0.047474432615564915
17945,8,0,0,0.0007341655538705084
17946,3,0,0,0.07468573542959948
17947,5,0,0,0.0001511779480230534
17948,7,0,0,0.004994954105541872
17949,8,0,0,0.13025566684222467
17950,6,0,0,0.00018311435488336907
17951,6,0,0,0.0003312742232161941
17952,10,0,0,0.1841433343899152
17953,5,0,0,0.021059816780237692
17954,10,0,0,0.009191207971393887
17955,10,0,0,0.004441949517212288
17956,4,0,0,0.0002754708072579281
17957,9,0,0,0.00023988715520349013
17958,7,0,0,0.00021001466512720116
17959,10,0,1,0.8284669062259951
17960,9,0,0,0.00047287958731626815
17961,9,0,0,0.032465776145140145
17962,9,0,0,0.0008201851283982321
17963,5,0,0,0.0001388399980558548
17964,5,0,0,0.00012244427366975
17965,4,0,0,0.023443185573675713
17966,7,0,0,0.0026893179904764197
17967,9,0,1,0.7587428048813571
17968,4,0,0,0.0004532980459020595
17969,3,0,0,0.0011487737821154836
17970,3,0,1,0.5556235191313206
17971,2,0,0,0.0042486584593495955
17972,8,0,0,0.01697450321525799
17973,5,0,0,0.005256037798753561
17974,1,0,0,0.0005195178483164432
17975,10,0,0,0.13222742334540788
17976,7,0,0,0.001811174084959561
17977,9,0,0,0.01117954330307488
17978,8,0,0,0.00014584275559900115
17979,2,0,0,0.004769458063600577
17980,3,0,0,0.0012051134799519602
17981,7,0,0,0.002045565043193245
17982,2,0,0,0.0001814385891491731
17983,6,0,0,0.04129290745002722
17984,6,0,0,0.0002945434945766152
17985,10,0,0,0.010326059350484093
17986,10,0,0,0.0009717270252874835
17987,10,0,1,0.99904641693488
17988,3,0,1,0.9995375349306164
17989,10,0,0,0.008363333846549689
17990,2,0,0,0.0029836030153478996
17991,8,0,0,0.0165256907403556
17992,4,0,0,9.739122143759193e-05
17993,7,0,0,0.0005995909078551139
17994,9,0,0,0.0015944541882166336
17995,8,0,0,0.0012981801478803056
17996,6,0,0,0.13788932745959978
17997,2,0,0,0.0005742683240327781
17998,4,0,0,0.003055704628684813
17999,1,0,0,0.0060548104862548245
18000,5,0,0,0.0025556320927324697
18001,8,0,0,0.11400783438743237
18002,8,0,0,0.44857222363715077
18003,9,0,0,0.012652372214231718
18004,5,0,0,0.00017131790981021917
18005,3,0,0,0.0010241763911937876
18006,1,0,0,0.00010797430169066509
18007,2,0,0,7.436690828324468e-05
18008,4,0,0,0.00048200097004476083
18009,1,0,0,0.002005446129631344
18010,8,0,0,0.0004782816500569257
18011,8,0,0,0.07146472390839323
18012,2,0,0,0.00024559953034585826
18013,9,0,1,0.8955759740816587
18014,7,0,0,0.00040748509475202585
18015,3,0,1,0.7692102065565674
18016,4,0,0,0.000912628308215074
18017,8,0,0,0.003850891581991505
18018,7,0,0,0.0005528768291710063
18019,9,0,0,0.0003649246919377071
18020,3,0,0,0.0003873555400170214
18021,2,0,0,0.0001910117392284896
18022,6,0,1,0.8702943641500798
18023,5,0,0,0.018718845178736156
18024,3,0,0,0.0003065302079403093
18025,7,0,0,0.03284849917971441
18026,2,0,0,0.002109155189985114
18027,7,0,0,0.00017698879128716475
18028,8,0,0,0.00452824949357487
18029,1,0,0,0.00012365622629893837
18030,3,0,0,0.0004795844754374764
18031,3,0,0,0.005748412305642748
18032,2,0,0,0.05048004463926602
18033,10,0,0,0.002094112669367601
18034,7,0,0,0.00034742939035621037
18035,1,0,0,0.01078936966531031
18036,7,0,0,0.014637181051395099
18037,2,0,0,0.002370193998452693
18038,7,0,0,5.1845532106313204e-05
18039,5,0,0,0.001257546208434143
18040,10,0,0,0.0009644350058621964
18041,2,0,0,0.001994756691259512
18042,3,0,0,0.0014810329659368656
18043,3,0,0,0.0005875906569282009
18044,7,0,0,0.0019327029862261209
18045,6,0,0,0.012352519466773675
18046,2,0,0,0.009378603752252456
18047,5,0,0,0.0013106776938817946
18048,1,0,0,0.3477970914644203
18049,5,0,0,0.004109808795914669
18050,5,0,0,0.0038414255817336086
18051,3,0,0,0.0009806848326528105
18052,7,0,0,0.00024700127344099625
18053,3,0,0,0.0002583036761658418
18054,8,0,0,0.0004965143284286714
18055,4,0,0,0.2817959464655491
18056,8,0,0,0.0908308600302342
18057,6,0,0,0.020208914332424884
18058,1,0,0,0.013600530942265831
18059,9,0,0,0.0018916379472074581
18060,9,0,0,0.000283448857625911
18061,7,0,0,0.0025019482446503693
18062,4,0,0,0.0030014973403363703
18063,3,0,0,0.00011024121156748131
18064,6,0,0,0.008583186913579503
18065,7,0,0,0.0008191506208134655
18066,3,0,0,0.00040234570792615246
18067,5,0,0,0.0013563021143368462
18068,10,0,1,0.9587399590164072
18069,3,0,0,0.050909408654871216
18070,10,0,0,0.0003159238443946781
18071,1,0,0,0.0020407427438036215
18072,3,0,0,0.0009859005769923242
18073,2,0,0,0.00019030802339238035
18074,4,0,0,0.0004028963130306191
18075,8,0,0,0.4372012463671813
18076,6,0,0,0.009210794571768825
18077,6,0,0,0.003933411251899547
18078,2,0,0,0.000522809393276487
18079,9,0,0,0.014906749372953512
18080,4,0,0,0.000279588127435586
18081,7,0,0,0.0010924589350870299
18082,2,0,0,0.005326515102472632
18083,1,0,1,0.5341395558821778
18084,6,0,0,0.014215476265368857
18085,10,0,0,0.3735014458563115
18086,6,0,0,0.0025438413064555842
18087,8,0,0,0.0037085648602883355
18088,8,0,0,0.00881229532122098
18089,1,0,0,0.00033954791044214756
18090,8,0,0,0.00597257311924525
18091,10,0,0,0.0692278242591781
18092,3,0,0,0.0031724923136600258
18093,4,0,0,0.0006704794504034017
18094,2,0,0,0.00010163735739568731
18095,6,0,0,0.0013216094392087224
18096,5,0,0,0.0011778221166411273
18097,8,0,0,0.000305991085677403
18098,10,0,0,0.0012574862188852458
18099,7,0,0,0.00047699584979014984
18100,6,0,0,0.0001873864499904285
18101,9,0,0,0.0010547184954144899
18102,7,0,0,0.009855481996683636
18103,10,0,0,0.012114773340898579
18104,10,0,0,0.04503869777965357
18105,6,0,0,0.006081286033011873
18106,7,0,0,0.0007554631646666434
18107,4,0,0,0.031448249042533585
18108,9,0,0,0.0004322320970610371
18109,4,0,0,0.0003408414510401913
18110,9,0,0,0.0005730425592120566
18111,4,0,0,0.0006918001982043537
18112,7,0,0,0.0002810531241486067
18113,8,0,0,0.00010891105081490486
18114,8,0,1,0.6095523818626696
18115,10,0,0,0.0011290489910041359
18116,10,0,0,0.002808109285154316
18117,7,0,0,0.00907187928968533
18118,2,0,0,0.029390922002444687
18119,9,0,0,0.002441523815585867
18120,3,0,0,0.006307790705392929
18121,1,0,0,0.00039381406558814075
18122,5,0,0,0.05258051916587424
18123,5,0,0,0.0038237419274952896
18124,10,0,0,0.005177210427612357
18125,9,0,0,0.0009638402585135898
18126,8,0,0,0.0009479554562616108
18127,9,0,0,0.2435279882325278
18128,6,0,0,0.000250107703617188
18129,10,0,0,0.0019815890586285453
18130,7,0,0,0.006317364294864346
18131,10,0,0,0.0347540439583899
18132,1,0,0,0.03072672477789345
18133,7,0,0,0.00045576152426299673
18134,7,0,0,0.0002989517223438129
18135,7,0,0,0.02036713524560802
18136,2,0,0,0.0009491155328955595
18137,6,0,1,0.9855589032712864
18138,1,0,0,0.0017557620072739086
18139,3,0,0,0.0006495341584429511
18140,4,0,0,0.0003456404783185626
18141,4,0,0,0.006192047818266516
18142,9,0,0,0.0064705086540123
18143,6,0,0,0.00018519803475488273
18144,8,0,0,0.002418293338739694
18145,2,0,0,0.0014745330951543888
18146,6,0,0,0.0131976931271016
18147,1,0,0,0.0026881886373283015
18148,7,0,0,0.0008251245928757223
18149,7,0,0,0.003926890590003025
18150,6,0,0,0.006071981718823763
18151,1,0,0,0.0003390312363376473
18152,10,0,0,0.009502132743022446
18153,1,0,0,0.0014500547487146485
18154,3,0,0,0.0021748727313769824
18155,6,0,0,0.003078683526047627
18156,10,0,0,0.0018892875414275741
18157,6,0,0,0.004876138624013872
18158,7,0,0,0.04592040636034876
18159,5,0,0,0.0014272613220545562
18160,5,0,0,0.0035892288423601806
18161,2,0,0,0.12119059283141277
18162,6,0,0,0.00013698294463524748
18163,4,0,1,0.8197458221566127
18164,6,0,1,0.9915425048033613
18165,10,0,1,0.8970009311311967
18166,9,0,0,0.0016680334401047328
18167,7,0,0,0.0011893687437532486
18168,10,0,0,0.00013380422887654064
18169,2,0,0,0.005145564983506785
18170,8,0,0,0.0002568055414957713
18171,7,0,0,0.03709504664942728
18172,5,0,0,0.21564766923604467
18173,4,0,0,0.0017782155589816972
18174,5,0,0,0.003195302856224291
18175,8,0,0,0.0014117432397589928
18176,4,0,0,0.0029551084717605505
18177,2,0,0,0.0034518247106342195
18178,7,0,0,0.001564633798729829
18179,1,0,0,0.03139249438154031
18180,8,0,0,0.010607363657782223
18181,6,0,1,0.6026792233646954
18182,10,0,0,0.0625920823060375
18183,1,0,0,0.0023871060669523794
18184,9,0,0,0.00523950525908409
18185,1,0,0,0.0003605726965530773
18186,5,0,0,0.0004855662708175667
18187,5,0,0,0.00985386720235296
18188,2,0,0,0.0004262218991701106
18189,4,0,0,0.00012760102745179553
18190,5,0,0,0.001410808068474077
18191,1,0,1,0.9134238385574824
18192,6,0,0,0.12064586310021491
18193,3,0,0,0.1510871032445104
18194,6,0,0,0.016840061237953542
18195,9,0,0,0.007133733805683381
18196,4,0,0,0.0001722757840467683
18197,3,0,0,0.42951352588974223
18198,3,0,0,0.001430326732917164
18199,3,0,0,0.007708671412355546
18200,8,0,0,0.007507279701276661
18201,5,0,0,0.00015835729267387553
18202,6,0,0,0.002962804727940042
18203,10,0,0,0.04705711231857504
18204,8,0,0,0.2626324606968729
18205,1,0,0,0.0014700971559252725
18206,1,0,0,6.101406021268821e-05
18207,4,0,1,0.5899113983250723
18208,9,0,0,0.18680828227057078
18209,7,0,0,0.02036206961352994
18210,4,0,0,0.000355992020151593
18211,4,0,0,0.0006757543435877621
18212,4,0,0,0.0003089034541329822
18213,6,0,0,0.03396004665024839
18214,2,0,0,0.006800771092193212
18215,9,0,0,0.00016809732757535622
18216,10,0,0,0.00012192955174938593
18217,8,0,1,0.5808361838996257
18218,3,0,1,0.5388545189008891
18219,9,0,0,0.0009439427060055503
18220,5,0,0,0.0002195342013871193
18221,7,0,0,0.01257743520707506
18222,6,0,0,0.0007821328825638764
18223,1,0,0,0.003728959407052547
18224,6,0,0,0.0019600698469671328
18225,6,0,0,0.0003384782925985979
18226,10,0,0,0.0041008423224812626
18227,1,0,0,0.0008781685976546389
18228,10,0,0,0.00039691668984644633
18229,2,0,0,0.16260366153463984
18230,7,0,0,0.4353355115648257
18231,1,0,0,3.636801458293278e-05
18232,4,0,0,0.019837151240201308
18233,2,0,0,0.2663289044824386
18234,6,0,0,0.00526230289330865
18235,9,0,0,0.1656095666768515
18236,5,0,0,0.0005618859537912535
18237,9,0,0,0.004441768552827208
18238,8,0,0,0.09351806457730336
18239,9,0,0,0.0021184476258862698
18240,4,0,0,0.004077414005365811
18241,1,0,0,0.0017119117779581723
18242,1,0,1,0.9917907406946531
18243,9,0,0,0.016483084993110346
18244,9,0,0,0.0006269497446790593
18245,1,0,0,0.0013525004689978358
18246,8,0,0,0.0319954143570868
18247,7,0,0,0.0016171939928508923
18248,3,0,0,0.23819232452649133
18249,10,0,0,0.0004899272043847973
18250,5,0,0,0.3821115171016597
18251,8,0,0,0.0007227101722548611
18252,9,0,1,0.9736848274758965
18253,6,0,0,0.004460432545736738
18254,6,0,0,0.00013259047250153419
18255,5,0,0,0.015405331503343356
18256,1,0,0,0.0005465058488214378
18257,8,0,0,0.005262683645614637
18258,1,0,0,0.059229488109148826
18259,9,0,0,0.0006905062105701404
18260,10,0,0,0.0009536234631985933
18261,10,0,0,0.00013917300465118168
18262,10,0,0,0.01649396873783053
18263,2,0,0,0.030580417699699963
18264,9,0,0,0.00030460736352942193
18265,8,0,0,0.40213164127049184
18266,1,0,0,0.003119680942489326
18267,3,0,0,0.009796251059672488
18268,6,0,0,0.0010356689480706385
18269,3,0,0,0.0016296875228322915
18270,2,0,0,0.026918024941932493
18271,8,0,0,0.007118975855722978
18272,5,0,1,0.5451755867969543
18273,7,0,0,0.001025053482510137
18274,1,0,0,0.000675940025610947
18275,4,0,0,0.01085913409713649
18276,6,0,1,0.6079226642860052
18277,1,0,0,0.0008305970035836647
18278,6,0,0,0.012195036023659064
18279,3,0,0,0.00029507878114374235
18280,6,0,0,0.0020885761424609445
18281,8,0,0,0.007709138258832203
18282,10,0,0,0.003916666091959448
18283,8,0,1,0.9997549108700949
18284,8,0,0,0.00042835320729590724
18285,6,0,0,0.3691674568428596
18286,5,0,0,0.002907784965200582
18287,4,0,1,0.9726967284525692
18288,10,0,0,0.024684615373493556
18289,9,0,0,0.0023220832540735256
18290,7,0,0,0.0021479327728504446
18291,3,0,0,0.0002582037200367281
18292,3,0,0,0.03322941061653201
18293,6,0,0,0.01385664027746609
18294,6,0,0,0.00044374629205745
18295,7,0,0,0.0006568772270967813
18296,2,0,0,0.027402033216446894
18297,10,0,0,0.00017230326491938732
18298,1,0,0,0.001049329507374781
18299,3,0,0,0.0021770594482030865
18300,9,0,0,0.00017764816247626443
18301,4,0,0,0.003136149789696055
18302,2,0,1,0.9391035317714373
18303,10,0,0,0.0018166415287517283
18304,6,0,0,0.004569543489427283
18305,2,0,0,0.03922114038446485
18306,6,0,0,0.001019451784079872
18307,7,0,0,0.0058101298193204386
18308,8,0,0,0.01059848824060905
18309,8,0,0,0.021910582006691378
18310,5,0,0,0.01165587854787153
18311,3,0,0,0.25705217940281727
18312,1,0,0,0.0018441190667536638
18313,1,0,0,0.00040315916688423245
18314,2,0,0,0.16695345134142428
18315,3,0,0,0.001748786973411797
18316,1,0,0,0.00018895345277468586
18317,9,0,0,0.0007801410131890709
18318,9,0,0,0.0033881672113425447
18319,4,0,0,0.0006605250888011711
18320,1,0,0,0.0006309599833791685
18321,6,0,0,0.0005173171446417131
18322,10,0,0,0.0004427085869453918
18323,4,0,0,0.0191954942975614
18324,10,0,0,0.001036255437009697
18325,1,0,0,0.0036070956298205397
18326,2,0,0,0.0017276592855366047
18327,7,0,0,0.00011367270457407936
18328,3,0,0,0.005318344448437746
18329,9,0,0,0.002959038678279443
18330,2,0,0,0.004345102574093594
18331,8,0,0,0.005728586455785823
18332,9,0,0,0.07296191593609366
18333,9,0,0,0.047048953933453666
18334,8,0,0,0.009318317427318812
18335,2,0,0,0.0008471242397508657
18336,9,0,0,0.011263332061511052
18337,10,0,0,0.04894909989163141
18338,9,0,0,0.001283387805025102
18339,4,0,0,0.0005124176472028021
18340,10,0,0,0.001162881203012809
18341,5,0,0,0.00027491190402946855
18342,2,0,0,0.00042891918063845465
18343,3,0,0,0.0012426877267247406
18344,9,0,0,0.00014249659880450277
18345,3,0,1,0.9995904863580368
18346,1,0,0,0.0015923650303560773
18347,5,0,0,0.0023708410514669386
18348,1,0,0,0.015772516146998
18349,9,0,0,0.0002353270635500279
18350,7,0,0,0.008294161641052162
18351,5,0,0,0.001188076594137359
18352,3,0,0,0.005487732211634926
18353,1,0,0,0.0001908564972539636
18354,6,0,0,0.08405996025129649
18355,8,0,0,0.0010147626629285712
18356,2,0,0,0.0013332084271306624
18357,3,0,0,6.991333539891779e-05
18358,7,0,1,0.9990739611383632
18359,10,0,0,0.09859447512221658
18360,8,0,0,0.0025001046558597983
18361,7,0,0,0.09570878303991465
18362,2,0,0,0.028114931786006606
18363,7,0,0,0.0007825884995559399
18364,1,0,0,0.01217950093795543
18365,9,0,1,0.9746395522264055
18366,3,0,0,0.0003943749411865988
18367,5,0,0,0.0006572233035228347
18368,6,0,0,0.019290642533986015
18369,6,0,0,0.00017953706041042385
18370,5,0,0,0.27438913641774154
18371,5,0,0,0.019811313395788482
18372,5,0,1,0.9761924114045712
18373,10,0,0,0.011454989204395727
18374,3,0,0,0.006933111293476843
18375,1,0,0,0.0007589675490369888
18376,3,0,0,0.0030343411862494697
18377,9,0,0,0.00517834606162184
18378,2,0,0,0.0014643654305599688
18379,5,0,0,0.0018386241405495914
18380,10,0,1,0.9998670519001074
18381,4,0,0,0.0004862309507745225
18382,8,0,0,0.08964574026698005
18383,3,0,0,0.05912708318571039
18384,2,0,0,0.012141793468889682
18385,4,0,0,0.3232586163891752
18386,2,0,0,0.0023665520073227675
18387,3,0,0,0.00018579489444063696
18388,5,0,0,0.04384495201896371
18389,6,0,0,0.001791564066977811
18390,9,0,0,0.029339000130394616
18391,9,0,0,0.0017185533898467387
18392,4,0,0,0.023818456107351303
18393,6,0,0,0.00011785794194161949
18394,6,0,0,0.023041770290674397
18395,7,0,0,0.0003953839717809589
18396,3,0,1,0.6498641248881738
18397,2,0,0,6.479605057905469e-05
18398,2,0,0,0.0021850557672234154
18399,2,0,0,0.005012813331407811
18400,10,0,0,0.0037044290922027875
18401,5,0,0,0.006279098974655728
18402,2,0,0,0.002077119529122757
18403,10,0,0,0.0013407299536979413
18404,1,0,1,0.790472461392444
18405,9,0,0,0.0015072839240485782
18406,3,0,0,0.012718562057209688
18407,6,0,0,9.544021979888387e-05
18408,9,0,0,0.008763253474434166
18409,6,0,0,0.0319086319092616
18410,7,0,0,0.005596143356850065
18411,2,0,0,0.00010586687424515756
18412,4,0,0,0.039653169057784016
18413,4,0,0,0.0006759708669461992
18414,2,0,0,0.00044166382426357793
18415,3,0,0,8.098588213653233e-05
18416,6,0,0,0.0011595981826439292
18417,8,0,0,0.00828687253731154
18418,7,0,0,0.00043817698137529144
18419,1,0,0,0.0005324361321541513
18420,7,0,0,0.002205398294472579
18421,6,0,0,0.00041839711010938703
18422,5,0,0,0.04713589925589012
18423,9,0,0,0.0014796124942103794
18424,1,0,0,0.01989372488443083
18425,9,0,0,0.0010054500229887686
18426,3,0,0,0.0001562083066528293
18427,2,0,0,0.001121179241357181
18428,4,0,0,0.0001953945585639273
18429,9,0,0,0.02307701319888273
18430,4,0,0,0.24708492270514035
18431,6,0,0,0.04078699398640888
18432,10,0,0,0.0008438754466201743
18433,5,0,0,0.0005601104828710277
18434,1,0,1,0.9847629585508526
18435,1,0,1,0.5310123786376895
18436,9,0,0,0.12445879811084946
18437,4,0,0,0.00033556872483870686
18438,2,0,0,0.004432242442213899
18439,4,0,0,0.0008353179127294548
18440,5,0,0,0.0031417037779183483
18441,10,0,0,0.004909192006860242
18442,5,0,0,0.01318596593430203
18443,1,0,1,0.9488889118380401
18444,3,0,0,0.0004245257155127318
18445,7,0,0,0.0016099245778855922
18446,6,0,1,0.9992363687402555
18447,1,0,0,0.0027472461841408524
18448,4,0,0,0.00015118621490546103
18449,5,0,0,0.0007733065383551854
18450,9,0,0,0.010051265681376065
18451,6,0,0,0.00032228455520849473
18452,8,0,0,0.013509871753714105
18453,4,0,0,0.0007046687725305061
18454,4,0,0,0.0009685751588464579
18455,3,0,0,0.0014057658463770403
18456,2,0,0,0.0003938408730870954
18457,8,0,0,0.07833113115811088
18458,6,0,0,0.01051169072738457
18459,5,0,0,0.00438609949866593
18460,10,0,0,0.10707694276697914
18461,7,0,0,0.0018086443834455634
18462,8,0,1,0.9994102627863168
18463,9,0,0,0.004215572178254488
18464,3,0,0,9.518031359421695e-05
18465,2,0,0,0.000973647587626351
18466,8,0,0,0.0006839334474136748
18467,4,0,0,0.0005757973658654771
18468,10,0,0,0.00029741303162168987
18469,8,0,0,0.00015341680563885876
18470,8,0,0,0.00253779379326708
18471,4,0,0,0.0627533239720329
18472,7,0,0,0.010601923720896089
18473,3,0,0,0.0053936513264679275
18474,6,0,0,0.0011969026603345049
18475,6,0,0,0.003077862243874778
18476,1,0,0,0.0002891000541583942
18477,6,0,0,0.0038529834304378437
18478,6,0,0,0.11447345528970956
18479,9,0,0,0.0007432923531319292
18480,9,0,0,0.0031119802463587367
18481,8,0,0,0.002207394293651208
18482,7,0,0,0.16429703785742472
18483,2,0,0,0.0006119387558736423
18484,3,0,1,0.9915867460616243
18485,10,0,0,0.0005265449323552812
18486,8,0,0,0.0028264094589176615
18487,10,0,0,0.0011647740480996021
18488,5,0,0,0.010475898945806897
18489,10,0,0,0.031537793038793865
18490,7,0,0,0.1693572018750203
18491,10,0,0,0.0001338925333141109
18492,4,0,0,0.00769574480276201
18493,5,0,0,0.003846293455697956
18494,9,0,0,0.012616429347934126
18495,3,0,0,0.06300483028710706
18496,7,0,0,0.0007976746861887165
18497,4,0,0,0.0006236380597020136
18498,4,0,0,0.00012639231202348194
18499,3,0,0,0.00032058321665061654
18500,7,0,1,0.9774894511909245
18501,6,0,0,0.04719060621109141
18502,8,0,0,0.0007366931804204934
18503,2,0,0,0.0003248304085182869
18504,3,0,0,4.741611598113122e-05
18505,8,0,0,0.007126722070286263
18506,1,0,0,0.0019745010363596935
18507,9,0,0,0.0002913284274385032
18508,2,0,1,0.623175346055276
18509,8,0,0,0.026050737259319806
18510,6,0,0,0.006879557159321899
18511,5,0,0,0.0008870969083337514
18512,4,0,0,0.0007624090656516875
18513,9,0,0,0.012624100093464454
18514,7,0,0,0.004148580652881314
18515,1,0,0,0.0034411591480070364
18516,9,0,0,0.000413577156601341
18517,8,0,0,0.032870333361963766
18518,10,0,0,0.0001137127620244648
18519,9,0,0,0.00041650938658065233
18520,4,0,0,0.003119360680647465
18521,3,0,0,0.00029369002482097865
18522,5,0,0,0.09948279797924045
18523,4,0,0,0.00296079588459491
18524,4,0,0,0.00415576107760887
18525,3,0,0,0.000192649751701152
18526,8,0,0,0.007282287619620182
18527,7,0,0,0.00029164760726822195
18528,6,0,0,0.03227153983948034
18529,9,0,0,0.002303796113977594
18530,10,0,1,0.5506401834450793
18531,4,0,0,0.00024992222858966355
18532,5,0,0,0.027962423629159745
18533,4,0,0,0.0008465253805904888
18534,5,0,0,0.0002378363121966103
18535,8,0,0,0.004599288512934381
18536,4,0,0,0.0010671283303623465
18537,7,0,0,0.0006383633835590821
18538,9,0,0,0.3566946321955523
18539,4,0,0,0.0041330470665678675
18540,9,0,0,0.0029719943447107182
18541,7,0,0,0.0013637879666357482
18542,5,0,0,0.0014294205593999043
18543,4,0,0,0.0008722369825895105
18544,6,0,0,0.0007450340862532899
18545,10,0,0,0.0047693126491381455
18546,10,0,0,0.017839056066213575
18547,1,0,0,0.00020859663908194285
18548,9,0,0,0.4094597299779059
18549,2,0,0,0.0017143504235778268
18550,6,0,0,0.0010903332598706536
18551,7,0,0,0.0011890781041946857
18552,1,0,0,0.01755763234839876
18553,10,0,0,0.0016625350495606194
18554,6,0,0,0.08293759596733245
18555,4,0,0,0.004337383631478272
18556,9,0,0,0.027548145966330963
18557,1,0,0,0.00016508679989953344
18558,6,0,0,0.03761261075951978
18559,4,0,1,0.9998159418707395
18560,9,0,0,0.009131819053762466
18561,3,0,0,0.00013211577231966537
18562,10,0,0,0.0016432570968287975
18563,10,0,0,0.006243748891577441
18564,2,0,0,0.0020582689752472187
18565,9,0,0,0.0050880477350150315
18566,10,0,0,0.024300187582121317
18567,2,0,0,0.00276369317957864
18568,2,0,0,0.003393930134313787
18569,2,0,0,0.019086997054696995
18570,2,0,0,0.0481109914950465
18571,1,0,0,0.0014292731501985127
18572,1,0,0,0.00041981678469005685
18573,5,0,0,0.001338072186148642
18574,5,0,0,0.006067051394492569
18575,5,0,0,0.04108938446985632
18576,10,0,1,0.6754928852815341
18577,6,0,1,0.9781745210144628
18578,8,0,1,0.5789988294654632
18579,3,0,0,0.043568538143375996
18580,5,0,0,0.0006023344485079204
18581,8,0,0,0.0012215585216177236
18582,7,0,1,0.9685204515050835
18583,10,0,0,0.004091174543741332
18584,4,0,0,0.00022466332518905459
18585,5,0,0,0.00017063415965284638
18586,5,0,0,0.0006565094786179428
18587,4,0,0,0.19981407597394582
18588,9,0,0,0.3009440076831885
18589,4,0,0,0.0004255928169722362
18590,1,0,0,0.00028247813343033553
18591,5,0,0,0.0001740298054859086
18592,1,0,0,0.05508315593928695
18593,9,0,0,0.0001902593609897372
18594,5,0,0,0.010058153409118021
18595,8,0,0,0.00027108781337933284
18596,2,0,0,0.0005808757314174866
18597,7,0,0,0.02901183448441068
18598,6,0,0,7.280001564161366e-05
18599,9,0,0,0.038097565272769286
18600,10,0,0,0.005740212255829445
18601,3,0,0,0.02134244090481592
18602,7,0,0,0.006736760243289619
18603,6,0,0,0.0013216159633666167
18604,10,0,1,0.9882808877453765
18605,4,0,0,0.0006903165969916305
18606,2,0,0,0.00521680025956361
18607,3,0,0,0.01140890722211756
18608,1,0,0,0.3202103904695067
18609,1,0,0,0.0049867128684200806
18610,5,0,0,0.017191829382264517
18611,6,0,0,0.0016336084069636968
18612,1,0,0,0.035474101542877404
18613,4,0,0,0.00017108408325700866
18614,6,0,0,0.0006658082185424805
18615,2,0,0,0.0008208620254926792
18616,5,0,0,0.03304953347732363
18617,1,0,0,0.004591659760162762
18618,1,0,0,0.0005322357297800403
18619,2,0,0,0.004530975064113665
18620,3,0,0,0.011333436431219649
18621,4,0,0,0.0018921649262723821
18622,1,0,1,0.8489187436422413
18623,10,0,0,0.15305450179692365
18624,7,0,0,0.0009307489388889613
18625,10,0,0,0.001668788779258964
18626,10,0,0,0.03195401734642319
18627,4,0,0,0.0027898900321388594
18628,7,0,0,0.005640553543445928
18629,8,0,0,0.007514757586086667
18630,10,0,0,0.00030855108917018904
18631,9,0,0,0.0021713195929986525
18632,7,0,0,0.000940497796142855
18633,8,0,0,7.135262009736403e-05
18634,6,0,1,0.7555691703948528
18635,1,0,0,0.010234283317219435
18636,4,0,0,0.0926770380328448
18637,7,0,0,0.0002558295005384826
18638,10,0,0,0.00024596213035100583
18639,10,0,0,0.010023867831530477
18640,5,0,0,0.05919959594589859
18641,4,0,0,0.0008009500529392923
18642,8,0,0,0.0008934441990104293
18643,8,0,0,0.0031609889516552078
18644,2,0,0,0.0012766102695032087
18645,10,0,0,0.016792458993159867
18646,1,0,0,0.00033543284273668
18647,3,0,1,0.9643346201566172
18648,5,0,0,0.000492405001315426
18649,7,0,0,0.0004869067255841316
18650,10,0,1,0.9997862044032408
18651,8,0,0,0.015576106480546104
18652,2,0,0,0.0035162004268063114
18653,3,0,1,0.9247777418473954
18654,6,0,0,0.00018817794274583158
18655,1,0,0,0.0005975629968537609
18656,1,0,0,0.0020669336940489775
18657,6,0,0,0.02372547970872003
18658,3,0,0,0.46894124393846937
18659,5,0,0,0.0034621332591161097
18660,10,0,0,0.002624887801468794
18661,6,0,0,0.0024870540637375095
18662,9,0,0,0.0006902056820446127
18663,1,0,0,0.0018374441927095607
18664,10,0,0,0.002610526248194871
18665,9,0,0,0.0006129682610908363
18666,1,0,0,0.00045763382331332473
18667,2,0,0,0.0032593208218088554
18668,5,0,0,0.10169581393366421
18669,2,0,1,0.7549073358644098
18670,6,0,0,0.0008009016047472214
18671,8,0,0,0.0011298511900253783
18672,7,0,0,0.0014299934490870447
18673,4,0,0,0.00012168986139096982
18674,2,0,0,0.0007903669668292057
18675,1,0,0,0.0009247091063385397
18676,3,0,0,0.0018576372497416552
18677,10,0,0,0.017998241031268587
18678,5,0,0,0.0009667448070300977
18679,10,0,0,0.0001843860111262991
18680,3,0,0,0.026347380299262826
18681,2,0,0,0.0011580364483835897
18682,3,0,0,0.0018413280393565082
18683,7,0,0,0.00022635483117169647
18684,4,0,0,0.011924170126725432
18685,4,0,0,0.0014294937722289954
18686,10,0,0,0.004279011357949337
18687,6,0,0,0.0005780538560644561
18688,5,0,0,0.0008675832054461169
18689,7,0,0,0.002928515393160901
18690,5,0,0,0.00011541551871399155
18691,3,0,0,0.003619643533950589
18692,3,0,0,0.002260395037228278
18693,4,0,0,0.001240371267832145
18694,9,0,0,0.002296669319958393
18695,6,0,0,8.028780003694332e-05
18696,4,0,0,9.38487556417933e-05
18697,10,0,0,0.0002420589645922708
18698,9,0,0,0.005370449605589823
18699,3,0,0,0.0004215086628454655
18700,3,0,0,0.025701794435268578
18701,5,0,0,0.04618080400813472
18702,8,0,0,0.0010885896517921203
18703,1,0,0,0.06137408385336852
18704,3,0,1,0.9453917134036254
18705,10,0,0,0.0016188934965566963
18706,5,0,0,0.00021746193786718784
18707,10,0,1,0.9545344142680128
18708,1,0,0,0.0014312806508126061
18709,4,0,0,0.002805205468442453
18710,5,0,0,0.06504981754276845
18711,8,0,0,0.00035781571787101165
18712,7,0,0,0.009679933609892452
18713,9,0,0,0.0031768876168098274
18714,7,0,0,0.0007872537678391704
18715,9,0,0,0.0033118079688316568
18716,2,0,1,0.5737411145391583
18717,2,0,0,0.0019471479800568373
18718,4,0,0,0.0005631498260965439
18719,1,0,0,0.0025640317424838526
18720,4,0,0,0.00046209616144039746
18721,6,0,0,0.00046526951375872163
18722,8,0,0,0.49897519751048514
18723,2,0,0,0.00537013274972369
18724,3,0,0,0.00034491627093895423
18725,10,0,0,0.0019706690821577728
18726,9,0,0,0.000992191446919316
18727,9,0,0,0.0013039907984696284
18728,1,0,0,0.00035447276159955685
18729,8,0,0,0.10648181797499363
18730,2,0,0,0.002643112150593334
18731,1,0,0,0.22090830150917762
18732,2,0,0,0.005050272110781914
18733,9,0,0,0.001387421753791467
18734,5,0,0,0.0012680280879273868
18735,10,0,0,0.00123640350995612
18736,9,0,0,0.0005505409657713733
18737,2,0,0,0.00027325364602116397
18738,4,0,0,0.00031983800433423097
18739,2,0,0,0.0012587012026238084
18740,6,0,0,0.0008810956584394013
18741,4,0,0,0.32152519879805896
18742,5,0,0,0.0015130298383678113
18743,4,0,0,0.22301092655141935
18744,7,0,0,0.0003872647323536177
18745,1,0,1,0.6506367905238756
18746,2,0,0,0.0021951659483634587
18747,5,0,1,0.6867037192660119
18748,6,0,0,0.027195523232031754
18749,6,0,0,0.011328859384207484
18750,4,0,0,0.014293945422536161
18751,10,0,0,0.00661531363500349
18752,9,0,0,0.0385030265420543
18753,5,0,0,0.0044524651099580636
18754,10,0,0,0.01794279453462191
18755,10,0,0,0.008444019572158457
18756,1,0,1,0.7801725864478046
18757,9,0,0,0.002969171748107225
18758,2,0,0,0.0007378297894090729
18759,4,0,0,0.06725177374647168
18760,6,0,0,0.010389119876553497
18761,6,0,0,0.0016983469146180023
18762,4,0,0,0.0007404556622977693
18763,8,0,0,0.0026510445421654445
18764,5,0,0,0.0003564823785219604
18765,7,0,0,0.018757973397240113
18766,9,0,1,0.7522696552533824
18767,5,0,1,0.9036088924042271
18768,4,0,0,0.00043297342221566945
18769,2,0,0,0.00011840644145058769
18770,10,0,0,0.0041089880238572
18771,3,0,0,0.0017169965367461008
18772,10,0,0,0.0008971939211266101
18773,4,0,0,0.0033468916069543434
18774,5,0,0,0.14691202525878508
18775,5,0,0,0.03488885066521916
18776,2,0,0,0.003958888780926733
18777,10,0,0,0.0037410311663482747
18778,4,0,0,0.0010045836804769214
18779,7,0,0,0.0011975714844831215
18780,7,0,0,0.00014678897645308768
18781,6,0,0,0.0003624619164491537
18782,7,0,0,0.00019414878778877958
18783,6,0,0,0.34193049929435493
18784,10,0,0,0.001589873390542281
18785,7,0,0,0.2428572365599557
18786,1,0,0,7.012403453688162e-05
18787,7,0,0,0.12580520914958215
18788,5,0,0,0.002046708175767897
18789,9,0,0,0.0001379690042605263
18790,10,0,0,0.021830165537522053
18791,9,0,0,0.003490356433097919
18792,8,0,0,0.4568569458462428
18793,7,0,0,0.0005808918034227922
18794,3,0,0,0.0010607668940974416
18795,1,0,0,0.006422439554166881
18796,2,0,0,0.0013407163534757864
18797,3,0,0,0.000182988472799977
18798,9,0,0,0.22662258828765697
18799,2,0,0,0.0006057654302870111
18800,5,0,0,0.0002787400689168535
18801,2,0,0,5.0005624655225894e-05
18802,2,0,0,0.0001936071881426226
18803,9,0,0,0.0001596904663081185
18804,10,0,0,0.00048444267641937827
18805,9,0,0,0.0006812610015685783
18806,2,0,0,0.004075094855916344
18807,9,0,0,0.0005548900575133573
18808,3,0,0,0.0011813254374981373
18809,1,0,0,0.001147288172575253
18810,1,0,0,0.00017500657953548558
18811,9,0,0,0.0009120924789533581
18812,2,0,0,0.10609118591130245
18813,6,0,0,0.0010159007174081235
18814,10,0,0,0.010177305099681028
18815,1,0,0,0.0009324630875954675
18816,8,0,0,0.0012232445781933078
18817,6,0,0,0.0034192642120645816
18818,2,0,0,0.0010298507062941515
18819,5,0,0,0.0012914727025059342
18820,10,0,0,0.0006929507792989984
18821,4,0,1,0.9993076980505748
18822,8,0,0,0.08748960818400875
18823,1,0,0,0.0019968164394951215
18824,6,0,0,0.017033322106540624
18825,2,0,0,0.0014604013908972942
18826,10,0,0,0.001771838473374349
18827,2,0,0,0.008339542854962027
18828,3,0,0,0.010533606488408126
18829,1,0,0,0.01853095765094903
18830,6,0,0,0.003233069049290655
18831,8,0,0,0.00923243600889324
18832,8,0,0,0.0018714690539474773
18833,1,0,0,0.00087547521467831
18834,10,0,0,0.0005396894719561988
18835,7,0,0,0.00035640501430819597
18836,1,0,1,0.5187411666656825
18837,10,0,0,0.0008561110596583749
18838,7,0,0,0.0005116598907504639
18839,4,0,0,0.1716786318638638
18840,10,0,0,0.024738487202140308
18841,5,0,0,0.0014836343708030859
18842,10,0,0,0.007668400435708128
18843,4,0,0,0.04014031071166886
18844,3,0,0,0.004771476899322886
18845,3,0,0,0.00019416772401540058
18846,9,0,0,0.0018788154554002794
18847,9,0,0,0.0007118646946841903
18848,3,0,0,0.0017050504121527438
18849,5,0,0,0.0031612514001122674
18850,2,0,0,0.01547022410689774
18851,10,0,0,0.0015675187121071937
18852,7,0,0,0.00038005195826252175
18853,7,0,0,0.01222612258678082
18854,2,0,0,0.0010755968273884287
18855,4,0,0,0.0033442980574092097
18856,1,0,0,0.00805938204206325
18857,10,0,1,0.9824043646226867
18858,10,0,0,0.00032915872420776724
18859,8,0,0,0.00038518128356881834
18860,3,0,0,0.010425700153973972
18861,4,0,0,0.016501615960403414
18862,6,0,0,0.0006222843348713084
18863,2,0,0,0.02629387240356064
18864,8,0,0,0.002072404037153979
18865,3,0,0,9.760070104108383e-05
18866,3,0,1,0.9309112285058602
18867,5,0,0,0.028036422331469527
18868,2,0,0,0.0011139487693516976
18869,2,0,0,0.0023958517123574305
18870,7,0,0,0.013594969521938642
18871,6,0,0,0.0002755284717793797
18872,7,0,0,0.0014127251755724276
18873,6,0,0,0.00044981631890001096
18874,2,0,0,0.00022496608700100062
18875,5,0,0,0.030569224479723336
18876,5,0,0,0.04024336838887109
18877,3,0,0,0.0005232425795976864
18878,8,0,0,0.00014909723333468412
18879,5,0,0,0.008308593905384201
18880,1,0,0,0.0435981297961509
18881,8,0,0,0.0036120371678798765
18882,4,0,0,0.01819440177545772
18883,6,0,0,0.025200945801652996
18884,8,0,1,0.9989245553622317
18885,7,0,0,0.0015162083320634696
18886,2,0,0,0.009720598480158197
18887,3,0,0,0.013505788558862706
18888,5,0,0,0.43844170462412124
18889,8,0,0,0.0020780283051768634
18890,4,0,0,0.0016973330097327499
18891,1,0,0,0.0007988302961929549
18892,3,0,0,0.0010405075332194178
18893,2,0,1,0.9977850304309812
18894,6,0,0,0.000900205141367886
18895,3,0,0,0.0010372795801494212
18896,5,0,1,0.9261355328804801
18897,3,0,0,0.00015801490335291368
18898,1,0,0,0.0009470442210235742
18899,7,0,1,0.9988446235565644
18900,10,0,0,0.003280770120962609
18901,7,0,0,0.0004883141849352826
18902,9,0,0,0.007338937411560072
18903,3,0,0,0.01372862479935352
18904,4,0,0,0.0008380390447326509
18905,9,0,0,0.048084109003148565
18906,1,0,0,0.04032629187479844
18907,9,0,0,0.0002960569343167718
18908,9,0,0,0.2886647645280784
18909,4,0,0,0.00046812830337029915
18910,2,0,0,8.05059479966117e-05
18911,7,0,0,0.00042351486768646575
18912,10,0,0,0.003986798421374947
18913,10,0,0,0.007156183336916737
18914,9,0,0,0.003871505255448023
18915,10,0,0,0.03374554770849359
18916,4,0,0,0.00035535766780399547
18917,10,0,0,6.209587771214082e-05
18918,6,0,0,0.02193896526026489
18919,1,0,0,0.00022895721644445265
18920,3,0,0,0.003941432783643916
18921,10,0,0,0.001900248768528196
18922,9,0,0,0.03545631377355163
18923,5,0,0,0.001218314533635251
18924,2,0,0,0.00041263319462250727
18925,8,0,0,0.0030443059027067555
18926,7,0,0,0.000333641142246103
18927,9,0,0,0.01745409429885571
18928,8,0,0,0.0002933621109612285
18929,5,0,0,0.000924554561556038
18930,4,0,0,0.0011966508125162575
18931,2,0,0,0.00016378534670175837
18932,4,0,1,0.5253125673732612
18933,1,0,0,0.0005531342504690459
18934,8,0,0,0.0036406736853367475
18935,9,0,0,0.000716786474769806
18936,5,0,0,0.2647694951223051
18937,9,0,0,0.0015946122265623245
18938,10,0,0,0.35274595601673575
18939,2,0,0,0.00016790601153196202
18940,7,0,0,0.0005395057225738987
18941,9,0,0,0.004254907752969897
18942,5,0,0,0.00036332497825610025
18943,6,0,0,0.0010254406695765989
18944,7,0,0,0.0005798932019159474
18945,2,0,1,0.5701024789858081
18946,2,0,1,0.5463720925080491
18947,7,0,0,0.002126540641711122
18948,2,0,0,0.00017789904390528097
18949,5,0,0,0.0006256635756055757
18950,8,0,0,0.001438779884702415
18951,1,0,0,0.0010621859945964514
18952,6,0,0,0.005501786363385573
18953,4,0,0,0.0014802436154743612
18954,9,0,0,0.0011257203515876119
18955,5,0,0,0.0005290283685068094
18956,8,0,0,5.983888936846989e-05
18957,9,0,0,0.4610129492452899
18958,8,0,0,0.008484453664394598
18959,7,0,0,0.004422164759259301
18960,4,0,0,0.0017453761414709943
18961,4,0,0,0.05485082297363857
18962,5,0,0,0.09523253517484305
18963,7,0,0,0.010723321765716888
18964,5,0,0,0.004372909282091541
18965,9,0,0,0.002806479927701076
18966,10,0,0,0.000133759707787845
18967,2,0,0,0.0016756516155955704
18968,6,0,0,0.0019181721094651276
18969,10,0,0,0.036253147026854296
18970,8,0,0,0.0028394492965745674
18971,1,0,0,0.0006459260892875533
18972,8,0,0,0.00013171739712423093
18973,6,0,0,0.002743428055321378
18974,5,0,0,0.05038550325436405
18975,4,0,0,0.0022551742011146223
18976,5,0,0,0.001087693088910852
18977,1,0,0,0.05775566979911688
18978,6,0,0,0.025715065017056987
18979,9,0,0,0.00787058984514444
18980,9,0,0,0.005437419446435679
18981,10,0,0,0.0004657057416060585
18982,8,0,0,0.0015866106926778396
18983,1,0,0,0.000310738340910916
18984,7,0,0,0.0015898425176822412
18985,2,0,0,0.01024540441668703
18986,7,0,0,0.0006920666383580955
18987,1,0,0,0.0025051463656797584
18988,6,0,0,0.058449933054402194
18989,3,0,0,0.0031285102825994553
18990,9,0,0,0.001404373221626535
18991,8,0,0,0.039507991810016845
18992,1,0,0,0.0024209987210594744
18993,7,0,0,0.004971341794666126
18994,6,0,0,0.0006793936096380733
18995,5,0,0,0.006170415134147265
18996,9,0,0,0.02938086105911456
18997,2,0,0,0.00019485781074414903
18998,3,0,0,0.0036702750100206416
18999,1,0,0,0.008507691497785444
19000,4,0,0,0.001550439369289326
19001,9,0,0,0.0003234385541206517
19002,10,0,0,0.003776266642320614
19003,6,0,0,0.0006389701405032877
19004,10,0,0,0.024433389617265627
19005,8,0,0,0.16898351634709913
19006,7,0,0,0.011217620057896262
19007,4,0,0,0.000998194757410963
19008,4,0,0,0.0002711656604613829
19009,3,0,0,0.0015156789866089845
19010,5,0,0,0.00017924225680292433
19011,10,0,0,0.001038729269238643
19012,10,0,0,0.00021070886496867835
19013,2,0,0,0.03470905226922954
19014,8,0,0,0.32098483477806217
19015,6,0,1,0.9972027018511034
19016,3,0,0,0.0021994759767269643
19017,7,0,0,0.002808785055034428
19018,4,0,0,0.002327486343154298
19019,3,0,0,0.000866655568004267
19020,1,0,0,0.00028237791485125047
19021,10,0,0,0.0005953312638221102
19022,8,0,0,0.004269242594441424
19023,9,0,0,0.002008289829840464
19024,3,0,0,0.00016530884300651932
19025,2,0,0,8.403837039409544e-05
19026,7,0,0,0.00010494922358631788
19027,7,0,0,0.013342587279033175
19028,4,0,0,0.0073640433422615835
19029,6,0,1,0.99276308169038
19030,10,0,0,0.05750229863178995
19031,1,0,1,0.9996359746121068
19032,7,0,0,0.01013567118934604
19033,5,0,0,0.00021071640580613824
19034,2,0,0,0.006068727930183838
19035,5,0,0,0.024972452824511025
19036,9,0,0,0.0029581375596124775
19037,9,0,0,0.0014269186496698649
19038,2,0,0,0.0011153775385854632
19039,5,0,1,0.6912758091279149
19040,3,0,0,0.0029571875028016684
19041,6,0,0,0.0012419821310759665
19042,2,0,0,0.0002600616115400064
19043,9,0,0,0.00016549261702887382
19044,3,0,0,0.001708404531286202
19045,6,0,0,0.010163023842105615
19046,10,0,0,0.007916708618980181
19047,5,0,0,0.0007228777622602588
19048,10,0,0,0.0001378813143755171
19049,9,0,0,0.00044076986286867975
19050,5,0,0,0.002305274344908822
19051,10,0,0,0.035831381924691194
19052,1,0,0,0.0005586873899053684
19053,10,0,0,0.0003173564060509285
19054,2,0,0,0.002607587720982491
19055,3,0,0,0.0005702244286109596
19056,4,0,0,0.005650965767654275
19057,5,0,0,0.0007972080990489033
19058,10,0,0,0.0026070175383937767
19059,4,0,0,0.009522033505353446
19060,10,0,0,0.0002836173128484318
19061,2,0,0,0.003680347220039279
19062,10,0,0,0.0015029191306191005
19063,6,0,0,0.016831635747072318
19064,6,0,0,0.0004405808084888667
19065,10,0,0,0.0006153087264943695
19066,8,0,0,0.0003515075810391098
19067,10,0,0,0.0008897832413837964
19068,1,0,0,0.008356478147227273
19069,8,0,0,0.004674193531219933
19070,3,0,0,0.0025764913694712372
19071,9,0,0,0.003225145263796792
19072,1,0,0,0.0644451159351678
19073,3,0,1,0.9991514705454312
19074,10,0,0,0.003350587345516259
19075,1,0,0,0.0013224114098458468
19076,2,0,0,0.1675711489525546
19077,8,0,0,0.4368086983816886
19078,4,0,0,0.18445059624817134
19079,2,0,0,0.001183431560564676
19080,3,0,1,0.5420924802760316
19081,4,0,1,0.8234091406292339
19082,3,0,0,0.0026339295246525667
19083,5,0,0,0.0003607982735699461
19084,3,0,0,0.0004042349485222983
19085,1,0,0,0.0023570523952864022
19086,5,0,0,0.3259244015818454
19087,3,0,0,0.0009630572364903234
19088,7,0,0,0.028817504244103263
19089,5,0,0,0.0002829254614744382
19090,8,0,0,0.017388093568695393
19091,7,0,0,0.0008955235247212396
19092,6,0,0,0.0019942669727385787
19093,7,0,0,0.001011746227515544
19094,9,0,0,0.16231641199127017
19095,2,0,0,0.0005737864376376763
19096,9,0,0,0.0016793541135723443
19097,3,0,0,0.0005989370463603714
19098,9,0,0,0.0044753734006856396
19099,6,0,0,0.0013749452212419523
19100,1,0,0,0.00018993982830054106
19101,2,0,1,0.9257437795788113
19102,6,0,0,0.003072532082162099
19103,7,0,0,0.006435368011725686
19104,5,0,0,0.00010203646109442356
19105,5,0,0,0.0011100053572084276
19106,9,0,0,0.001040434891861185
19107,2,0,0,0.006147980414774858
19108,7,0,0,0.10284368878746133
19109,8,0,0,0.0005763412537208817
19110,6,0,0,0.008265842334112986
19111,7,0,0,0.007158749456907151
19112,5,0,0,0.0003657038794377772
19113,7,0,0,0.019553859798260385
19114,1,0,0,0.0014785269005173334
19115,4,0,0,0.0010211989834932737
19116,2,0,0,0.009055480162376343
19117,1,0,0,0.06658454193450364
19118,6,0,0,0.0004152376730635561
19119,8,0,1,0.9878707021575952
19120,4,0,1,0.915160530350595
19121,2,0,1,0.9979190441581715
19122,9,0,0,0.0008130407582075972
19123,8,0,0,0.001175241062978603
19124,2,0,0,0.003397897596953427
19125,5,0,1,0.9996192539167887
19126,10,0,0,0.000425708904614317
19127,10,0,0,0.007673081315409026
19128,1,0,0,0.033431269900784356
19129,4,0,0,0.0004643640970045422
19130,9,0,0,9.523035999457508e-05
19131,9,0,0,0.01692333940611248
19132,9,0,0,0.0007438002646390682
19133,5,0,0,0.003100341137643559
19134,10,0,0,0.0056341945537419415
19135,4,0,0,0.0005882177863128963
19136,7,0,0,0.00034211528547275534
19137,3,0,0,0.002387821491302546
19138,7,0,0,0.0015556077600199366
19139,1,0,0,0.001244116544414712
19140,5,0,0,0.00021652212185164398
19141,2,0,0,0.00295543953260862
19142,7,0,0,0.0020398713940630846
19143,3,0,0,0.004772585255119014
19144,5,0,0,0.14680996519175737
19145,10,0,0,0.0006232000401825872
19146,9,0,0,0.003310242133176341
19147,5,0,0,0.0001487479837369249
19148,9,0,0,0.09791911329323699
19149,2,0,0,0.003612709678935867
19150,5,0,0,0.0001524229906400521
19151,10,0,0,0.0013371582620421523
19152,8,0,0,0.0049766242446731435
19153,9,0,0,0.04194959418372188
19154,9,0,0,0.0071703615753777525
19155,1,0,0,0.10285691912080881
19156,1,0,0,0.009575438009010681
19157,8,0,0,0.0008515062169358003
19158,3,0,0,0.18318825684692974
19159,7,0,0,0.005198041472041101
19160,4,0,1,0.9966748091016567
19161,7,0,0,0.009629566773145378
19162,3,0,0,0.003670278327814209
19163,6,0,1,0.5924673320844672
19164,8,0,0,0.0011061370241595304
19165,7,0,0,0.08044396137498333
19166,7,0,0,0.00015321546532153746
19167,1,0,0,0.00044616758203322893
19168,8,0,0,0.0031702528440669137
19169,5,0,0,0.00042699645335114
19170,8,0,0,0.03608987469223396
19171,1,0,1,0.7036645665743397
19172,4,0,0,0.0009917066939493418
19173,10,0,0,0.0009578351642395889
19174,6,0,0,0.017272489103650365
19175,8,0,0,0.0016195254501833265
19176,5,0,0,0.002429276662798036
19177,7,0,0,0.006127760976723302
19178,5,0,0,0.005300709216728347
19179,3,0,0,0.003956904615691913
19180,6,0,0,0.005362804322866696
19181,1,0,0,0.003402875593924611
19182,10,0,0,0.000874309348814176
19183,9,0,0,0.0011040211041062355
19184,9,0,0,0.0003773583111911694
19185,7,0,0,0.025097061690185014
19186,8,0,0,0.01232267931347982
19187,3,0,0,0.0230383673740872
19188,5,0,1,0.8265430529494145
19189,4,0,0,0.00021408627172827784
19190,9,0,0,0.003074277026578038
19191,5,0,0,0.2178860193411474
19192,8,0,0,0.40300548562989374
19193,8,0,0,0.0010091552063066092
19194,2,0,0,0.009353733946308649
19195,9,0,0,0.08457357357653875
19196,2,0,0,0.06765034741863951
19197,4,0,0,0.10968230278510599
19198,4,0,0,0.0006302704749983677
19199,10,0,0,0.01135035880298808
19200,10,0,0,0.00031887297457756296
19201,6,0,0,0.03629769893034898
19202,4,0,0,0.0015252839772271337
19203,7,0,0,0.0007953958644330522
19204,4,0,0,0.013246192893876718
19205,5,0,0,0.005308578681987133
19206,2,0,0,0.00044227084924851367
19207,8,0,0,0.0009760962920593243
19208,4,0,0,0.13052850845282626
19209,1,0,0,0.00048103901081327215
19210,3,0,0,0.005149920427883845
19211,9,0,0,0.00021497723441256982
19212,3,0,0,0.003729516419333028
19213,6,0,0,0.0014018301481077884
19214,10,0,0,0.01460649093248834
19215,9,0,0,0.0005169295603902774
19216,2,0,0,0.00036171002142213615
19217,8,0,1,0.9398107144729182
19218,5,0,0,0.002991353171339174
19219,8,0,1,0.8746686737522267
19220,8,0,0,0.001333395562596745
19221,5,0,0,0.005233879948407329
19222,5,0,0,0.21890031722451414
19223,9,0,0,0.015260193358078758
19224,8,0,0,0.0009687630220550518
19225,7,0,0,0.00029433634406160605
19226,9,0,0,0.06452878844824483
19227,1,0,0,0.0005573260139144471
19228,9,0,0,0.0013283456842076101
19229,10,0,0,0.0001855238855196672
19230,8,0,1,0.9896220154767685
19231,7,0,0,0.0001303925478786009
19232,6,0,0,0.0024139112374369077
19233,7,0,0,0.000887166708499885
19234,4,0,0,0.478612458051215
19235,6,0,0,0.009275021899502647
19236,2,0,0,0.001819644735793366
19237,9,0,0,0.000137845282860995
19238,7,0,0,0.049535753892050095
19239,7,0,0,0.03488457570202978
19240,5,0,0,0.011197277134874187
19241,8,0,1,0.5342260766992988
19242,6,0,0,0.0012600443297896414
19243,5,0,0,0.0013800476534219864
19244,7,0,0,0.00607231424856514
19245,10,0,1,0.9999516629141437
19246,3,0,0,0.00233848143852507
19247,7,0,0,0.49283509242942347
19248,7,0,0,0.04673018981022953
19249,4,0,0,0.000907996758677547
19250,4,0,0,0.0004780953128242488
19251,6,0,0,0.018011885890988212
19252,10,0,0,0.001027135535781544
19253,6,0,0,0.04624136364110694
19254,6,0,0,0.032554027263055584
19255,9,0,0,0.0004777764499449411
19256,9,0,0,0.000948891052902209
19257,9,0,0,0.014503090059563965
19258,3,0,0,0.0003089463391979542
19259,7,0,0,0.003573784598798772
19260,8,0,0,0.0006372293159699807
19261,6,0,0,0.005727637593309713
19262,3,0,0,0.000529613199225472
19263,7,0,0,0.003669207589036912
19264,6,0,0,0.00014126962356260966
19265,8,0,0,0.0022826474850984654
19266,8,0,0,0.0006753531364007462
19267,10,0,0,0.00015490027247212488
19268,5,0,1,0.5268310650985857
19269,6,0,0,0.01342843377099725
19270,8,0,0,0.0006721308942335923
19271,9,0,0,0.001120992257501709
19272,6,0,0,0.00030868171435626836
19273,3,0,0,0.0014671645338997564
19274,3,0,0,9.033158656764721e-05
19275,10,0,0,0.004413691685092316
19276,7,0,1,0.7854341873289588
19277,9,0,0,0.0005783001681828341
19278,2,0,0,0.00023710825657735483
19279,10,0,1,0.9997629184948131
19280,8,0,0,0.0004840027160886946
19281,4,0,0,0.0011285721368399534
19282,10,0,0,0.38120576072371665
19283,5,0,0,0.07850964463301104
19284,3,0,0,0.015060062007810076
19285,1,0,0,0.004623847251376285
19286,10,0,0,0.001134013728720075
19287,2,0,0,0.0013195103846386246
19288,3,0,0,0.0004475291597478403
19289,7,0,0,0.3609654115223627
19290,3,0,0,0.010422915002162213
19291,9,0,0,0.007726140026300451
19292,10,0,0,0.004724142382351049
19293,2,0,0,0.0008011490358851142
19294,7,0,0,0.011317749044379715
19295,3,0,0,0.0037718287326438792
19296,10,0,0,0.019198986100188675
19297,2,0,0,0.0012289768851152798
19298,2,0,0,0.00029072444997333167
19299,10,0,0,0.004410923524646938
19300,2,0,0,0.05093658303882979
19301,3,0,0,0.014299831817452858
19302,5,0,0,0.004070087920510698
19303,10,0,1,0.9968416132549187
19304,8,0,0,0.00012137174553625938
19305,9,0,0,0.0009208123656672594
19306,5,0,0,0.0005289974686563893
19307,3,0,0,0.01182694836693933
19308,2,0,0,0.0002540422915439115
19309,9,0,0,0.0015207229884813744
19310,1,0,0,0.0008502192846613639
19311,5,0,1,0.872220431826447
19312,10,0,0,0.009115079826250667
19313,8,0,0,0.0004523335817907563
19314,5,0,0,0.001716777417588294
19315,10,0,0,0.1500039529430872
19316,2,0,0,0.0006052406004419096
19317,10,0,0,0.0002590778205766427
19318,9,0,0,0.007887662683464436
19319,10,0,0,0.002522608716220648
19320,8,0,0,0.0005890649448168122
19321,1,0,0,0.003503253218993678
19322,10,0,0,0.00017045114198824935
19323,2,0,0,0.00969631151074039
19324,1,0,0,0.010479556347795096
19325,5,0,0,0.0008135932039022403
19326,9,0,0,0.00030656086062299197
19327,1,0,0,0.0011622712559150013
19328,3,0,0,0.029540904511420683
19329,7,0,0,0.0009802904091913323
19330,6,0,0,0.0004242982166779085
19331,1,0,0,0.001866839041369469
19332,8,0,0,0.0008383116790944094
19333,8,0,1,0.9021433155487919
19334,1,0,0,0.0022258106519405657
19335,3,0,0,0.0037866518252835176
19336,2,0,0,0.12677153374055283
19337,4,0,0,0.0014159677536052504
19338,6,0,0,0.00023049854622397384
19339,7,0,0,0.00021070259380109527
19340,6,0,0,0.002365749975825891
19341,4,0,1,0.9161687336848263
19342,8,0,0,0.0014836260091790699
19343,1,0,0,0.000710453689006404
19344,8,0,0,0.0015173613201799562
19345,1,0,1,0.7275570479485076
19346,7,0,0,0.028145079204366884
19347,6,0,0,0.000718017794883886
19348,8,0,0,0.008619379990583856
19349,5,0,0,0.014588602513413132
19350,3,0,0,0.00020013449592486878
19351,4,0,0,0.0039898101278349404
19352,5,0,0,0.0009176671271748402
19353,4,0,0,0.0007331012119735557
19354,3,0,0,0.01544203807779298
19355,2,0,0,0.047043044364473055
19356,1,0,0,0.0014886974721024257
19357,3,0,0,0.0026827076444398356
19358,9,0,0,0.007948814039673867
19359,2,0,0,0.0028130172725106904
19360,7,0,0,0.0083972854308464
19361,1,0,0,0.0005008853162665346
19362,8,0,0,0.07844298929277885
19363,2,0,0,0.0026147351244433276
19364,6,0,0,0.0018618728318567325
19365,6,0,0,0.023232820858095152
19366,2,0,0,0.004306638960233953
19367,8,0,0,0.2014823984197886
19368,4,0,0,0.0014944295467953673
19369,5,0,0,0.00498924415687591
19370,8,0,0,0.00010523841723493905
19371,10,0,1,0.9503855237709176
19372,3,0,0,0.0018745875003114483
19373,10,0,0,0.0004482306550883654
19374,8,0,0,0.00016386832175218377
19375,4,0,0,0.00031753320154748795
19376,9,0,0,0.07272305533599138
19377,7,0,0,0.025645328281541736
19378,10,0,0,0.0002028348336783106
19379,9,0,0,0.00013812292316737782
19380,3,0,0,0.0819396679393629
19381,1,0,1,0.925334381740863
19382,6,0,0,0.005400494039145878
19383,8,0,0,0.05052639007675398
19384,4,0,0,0.002033387036113563
19385,1,0,0,0.0006866312104495156
19386,4,0,0,0.00028598438748663575
19387,6,0,0,0.0003148713196655544
19388,9,0,0,0.4249943651515366
19389,5,0,0,0.002281810748975804
19390,1,0,0,0.05942859521925357
19391,10,0,1,0.788117491873192
19392,3,0,0,0.0004669539695539128
19393,8,0,0,0.002267957636932544
19394,8,0,0,0.0013309605446797873
19395,7,0,1,0.9244299199955449
19396,7,0,0,0.003396999389834863
19397,7,0,0,0.0005648983925836563
19398,10,0,0,0.04455659361767424
19399,10,0,0,0.0010755555891765447
19400,6,0,0,0.0009287061840060525
19401,2,0,0,0.008942590075343607
19402,5,0,0,0.0008270137927322536
19403,10,0,0,0.003553841103433742
19404,6,0,0,0.0072157040176119265
19405,1,0,0,0.009431564049361085
19406,2,0,0,0.027311735239212754
19407,5,0,0,0.009525487583504954
19408,9,0,0,0.003942530657397171
19409,2,0,1,0.7295430232079114
19410,5,0,0,0.007061795795847788
19411,4,0,0,0.0006252445856577362
19412,7,0,0,0.004445042529961265
19413,1,0,0,0.3258722132352595
19414,6,0,0,0.0015892469031361998
19415,5,0,0,0.0002528611013396988
19416,1,0,0,0.12856227560127698
19417,10,0,0,0.002021932935029393
19418,3,0,0,0.0003869824189655391
19419,2,0,0,0.0016637520379555219
19420,8,0,0,0.005409115075361955
19421,9,0,0,0.00411532642515143
19422,2,0,0,3.245401307777688e-05
19423,5,0,0,0.017262864571662057
19424,8,0,0,0.00013470898556217054
19425,3,0,0,0.00016811326909879949
19426,2,0,0,0.0028054740880685872
19427,1,0,0,0.0010299899427962927
19428,2,0,0,0.000305200356544263
19429,10,0,0,0.0011808267809839566
19430,9,0,0,0.002579514201428993
19431,10,0,1,0.955631254124977
19432,4,0,0,0.0010044916425834495
19433,4,0,0,0.0024130757768550636
19434,1,0,0,0.00218115036706985
19435,2,0,0,0.332492312473577
19436,6,0,0,0.0007163715124856087
19437,8,0,0,0.0001551818447107163
19438,2,0,0,0.006406026028276103
19439,2,0,0,0.002353315995135957
19440,8,0,0,0.16159854171396537
19441,10,0,0,0.005791281483980255
19442,10,0,0,0.022529666274676313
19443,1,0,0,0.0034610255436678715
19444,8,0,0,0.3847498346720729
19445,7,0,0,0.015234551711055595
19446,4,0,0,0.007114608994790274
19447,8,0,0,0.001718777464485622
19448,5,0,0,0.001194631908596827
19449,3,0,1,0.9990553331584847
19450,1,0,0,0.0016747574989808148
19451,9,0,0,0.010200393086788166
19452,5,0,0,0.0052038670763546145
19453,1,0,0,0.0015804358464233368
19454,3,0,0,0.053402907091795855
19455,3,0,1,0.751817671553517
19456,1,0,0,0.08556485132315488
19457,10,0,0,0.0005590183041747948
19458,10,0,1,0.8309109415737205
19459,1,0,0,0.2514315846813163
19460,4,0,0,0.0032544017348669213
19461,5,0,0,0.18658057165832465
19462,8,0,0,0.45289972444563076
19463,3,0,0,0.00024149495044434202
19464,2,0,0,0.001585986371362174
19465,3,0,0,0.004942237114869025
19466,8,0,0,0.015780434126756164
19467,6,0,0,0.0010501073935676622
19468,4,0,0,0.004443141442570307
19469,7,0,0,0.0024126301626057004
19470,5,0,0,0.029875590909793564
19471,5,0,0,0.14006718553448344
19472,7,0,0,0.0004258648998286458
19473,2,0,1,0.9992750711050251
19474,4,0,0,0.0006373274075240965
19475,6,0,0,0.0003876024137994743
19476,9,0,0,0.0007900549537224825
19477,4,0,0,0.0002745702131062377
19478,8,0,1,0.9092462643794982
19479,1,0,0,0.00044550351806078956
19480,1,0,0,0.08777220616563548
19481,4,0,0,0.003681210028679853
19482,8,0,0,0.017707179778587365
19483,1,0,0,0.000679415918126515
19484,6,0,0,0.002077879004440536
19485,5,0,0,0.00032938549364305766
19486,5,0,0,0.00039316998824825614
19487,7,0,0,0.0004016583931709611
19488,10,0,0,0.003485771924257896
19489,4,0,0,0.1567995718942049
19490,6,0,1,0.7556560704359626
19491,7,0,0,0.002455961495034825
19492,2,0,0,0.002028381156529563
19493,3,0,0,0.0080781294774875
19494,3,0,0,0.0011254965180698454
19495,3,0,1,0.9185878343328545
19496,4,0,0,0.01177023840454966
19497,10,0,0,0.019966002600773747
19498,10,0,0,0.028273514837247396
19499,3,0,0,0.0006393548195540118
19500,4,0,0,0.0021656870658103297
19501,5,0,0,0.09128361371503718
19502,7,0,0,0.0011789189732155777
19503,5,0,0,0.006250976784846715
19504,3,0,0,0.002257152641143508
19505,1,0,0,0.004012760655212283
19506,1,0,0,0.0015423649186264777
19507,9,0,0,0.1461625695924951
19508,10,0,0,0.002467926095508208
19509,8,0,1,0.5802599750131865
19510,5,0,0,0.00953805122791448
19511,7,0,0,0.004033185053507446
19512,3,0,0,0.018847149072338438
19513,2,0,0,0.0028206052955277667
19514,9,0,0,0.0022693644481567923
19515,5,0,0,0.01316175879733303
19516,9,0,0,0.0112589276374678
19517,8,0,0,0.0003729514895971912
19518,9,0,0,0.0006844703591144227
19519,2,0,0,0.009011217014561054
19520,2,0,0,0.0019672993685599625
19521,9,0,0,0.001143915856304332
19522,5,0,0,0.004229843750052017
19523,4,0,0,0.04709721685201732
19524,8,0,0,0.010536539412245128
19525,8,0,0,0.013305520319649464
19526,8,0,0,0.026003226327265257
19527,8,0,0,0.000501145768677653
19528,2,0,0,0.00011817416925150254
19529,3,0,0,0.012024310203222524
19530,1,0,0,7.303698119310327e-05
19531,6,0,0,0.0057573664362554015
19532,6,0,0,0.031829389933227994
19533,8,0,1,0.520056577061139
19534,3,0,0,0.004963890409278205
19535,1,0,0,0.00016758239624540633
19536,7,0,0,0.0020961865576184574
19537,5,0,0,0.0016225303261166429
19538,1,0,0,0.23700733182688682
19539,9,0,0,0.0002884245043414655
19540,6,0,0,0.0004397864240646054
19541,1,0,0,0.0007666239851923042
19542,6,0,0,0.0020295830910257314
19543,4,0,0,0.0011880035617103215
19544,9,0,0,0.0015878705813942803
19545,2,0,0,0.002101997169502285
19546,7,0,0,0.0023073388411494525
19547,3,0,0,0.01431120695977214
19548,4,0,0,0.004154850523296505
19549,6,0,0,0.001314453597630705
19550,10,0,0,0.0006142643778373025
19551,7,0,0,0.005276971764447454
19552,6,0,0,0.004617934602534027
19553,3,0,0,0.009766657285309488
19554,3,0,0,0.0017404513244831242
19555,5,0,0,0.0015377429607838517
19556,9,0,0,0.0007277254231074552
19557,9,0,1,0.8369496053309582
19558,9,0,0,0.05546241489221948
19559,2,0,0,0.0013399705690371295
19560,3,0,0,0.134110403032694
19561,7,0,0,0.0006008447318218063
19562,6,0,0,0.000967680204000484
19563,10,0,0,0.0006149924502259649
19564,2,0,0,0.0004544622808183705
19565,2,0,0,0.1867324952103164
19566,1,0,0,0.0001435939237630345
19567,5,0,0,0.0005654088796143306
19568,2,0,0,7.258916090003981e-05
19569,4,0,0,0.0010821396949396182
19570,4,0,0,0.45810011093526887
19571,7,0,0,0.0012323436721288546
19572,5,0,0,0.004101539731331496
19573,3,0,0,0.021063421521220364
19574,3,0,0,0.001841321977579667
19575,9,0,0,0.001011708447230139
19576,4,0,0,0.0003682913000971057
19577,9,0,0,0.041996033125738574
19578,10,0,0,0.28151338926281433
19579,5,0,0,0.0008091030631531049
19580,10,0,0,0.0066460148078479105
19581,3,0,0,0.0001289204326614917
19582,6,0,0,0.00940169183359147
19583,8,0,0,0.003026657185606227
19584,1,0,0,0.0004154791111180226
19585,5,0,1,0.6712057593789185
19586,5,0,1,0.9177621974813661
19587,3,0,0,0.0004051407013352503
19588,10,0,0,0.0004220378183068323
19589,1,0,0,0.017481797509025995
19590,1,0,0,0.004650225986227218
19591,7,0,0,0.00031341174525960716
19592,2,0,0,0.007730294955929195
19593,9,0,0,0.0011428111028311857
19594,9,0,0,0.0008082278912744916
19595,4,0,0,0.012769051974737908
19596,3,0,0,0.0005195259434005758
19597,5,0,0,0.0009897731978749827
19598,5,0,0,0.00018750894536835364
19599,9,0,0,0.007149692068031294
19600,7,0,0,0.0001187860386373923
19601,7,0,0,0.004307890961695638
19602,4,0,0,0.11763681401501869
19603,1,0,0,0.017789053603706508
19604,7,0,0,0.0029285010524974443
19605,5,0,0,0.001942261081025087
19606,1,0,0,0.000827276305963429
19607,2,0,1,0.6420210709929917
19608,4,0,0,0.0002349345173596457
19609,9,0,0,0.0017520229171584085
19610,7,0,0,0.003621329013508455
19611,9,0,0,0.003351681814307409
19612,5,0,0,0.0020457853760828936
19613,9,0,0,0.0023925466160628355
19614,2,0,0,0.003790062247409335
19615,4,0,1,0.699508531235847
19616,4,0,1,0.7867655567008465
19617,5,0,0,0.0177262406642383
19618,9,0,0,5.5011875190869435e-05
19619,9,0,0,0.0017908175917408298
19620,5,0,0,0.004034964448148553
19621,8,0,0,0.07130809056878307
19622,3,0,0,0.0001420313922386087
19623,4,0,0,0.12324985919200016
19624,8,0,1,0.9989037841599357
19625,6,0,0,0.0023402838725981702
19626,7,0,0,0.0004024948536239828
19627,6,0,1,0.5542660366899288
19628,3,0,0,0.00026440550272272207
19629,10,0,0,0.04085561399718085
19630,2,0,0,0.11242463579194555
19631,7,0,0,0.004936335771994143
19632,6,0,0,7.787051335789552e-05
19633,2,0,0,0.0012524223080719148
19634,2,0,0,0.0002737686739575021
19635,3,0,0,0.0005154970981246893
19636,4,0,0,0.0006542102110301996
19637,6,0,0,0.000752310012843152
19638,3,0,0,0.0557969347120009
19639,5,0,0,0.0001666283114832443
19640,2,0,0,0.015086524175269286
19641,10,0,0,0.00034250969764248904
19642,5,0,0,0.00040757665135872937
19643,4,0,0,0.0026604038143998366
19644,1,0,0,0.00040209435357602764
19645,1,0,0,0.0026381313143112417
19646,4,0,0,0.040951310926368244
19647,1,0,0,0.0002578838167024226
19648,4,0,0,0.002094632266601053
19649,5,0,0,0.002169804744225411
19650,6,0,0,0.0006156290634762066
19651,9,0,0,0.0015237627304610017
19652,1,0,0,0.013260169368778439
19653,3,0,0,0.0002340883805912829
19654,8,0,0,0.00037348212925614215
19655,3,0,0,0.00120787129741733
19656,4,0,0,0.00019404416422546806
19657,8,0,0,0.0012987769419451158
19658,9,0,0,0.005736994661255418
19659,5,0,0,0.0002074923705334094
19660,8,0,0,0.0982335777095157
19661,7,0,0,0.04456341863815866
19662,9,0,0,0.021337517113075657
19663,1,0,0,0.004910749812481394
19664,2,0,1,0.721491447655261
19665,5,0,0,0.006151096530350487
19666,5,0,0,6.77915707746636e-05
19667,5,0,0,0.0014110721145402562
19668,9,0,0,0.000827918254530063
19669,7,0,0,0.005371712736054856
19670,1,0,1,0.6928625968137918
19671,2,0,0,0.00354042007418437
19672,9,0,0,0.014435237021609945
19673,9,0,0,0.00017906128013938643
19674,2,0,1,0.6182762786604978
19675,1,0,0,0.0018946859110516197
19676,1,0,0,0.1942391362433702
19677,3,0,0,0.003982694825355478
19678,3,0,0,0.001990323363643194
19679,7,0,0,0.1800622868755676
19680,7,0,0,0.0013452731242398518
19681,7,0,0,6.410441152838935e-05
19682,10,0,0,0.0006058894346525968
19683,5,0,0,0.0018900406473602795
19684,10,0,0,0.002092949454557431
19685,5,0,0,0.0008845960156748751
19686,10,0,0,0.011104982246856724
19687,3,0,0,0.001611068389962864
19688,2,0,0,0.00039827791049920706
19689,10,0,0,0.0010572885401839776
19690,9,0,0,0.002785101234425256
19691,3,0,1,0.9783382073922711
19692,10,0,0,0.15208145639579707
19693,7,0,0,0.011306433184559078
19694,10,0,0,0.01377301364958401
19695,6,0,0,0.005004004381123957
19696,3,0,0,0.00043957689556255164
19697,2,0,0,0.0014558024719014942
19698,4,0,0,0.012179232012628686
19699,10,0,0,0.00021759902680044927
19700,10,0,0,0.0011911405871977041
19701,10,0,0,0.0003637461326559317
19702,2,0,0,0.0007366776959548399
19703,4,0,0,0.0253552405421498
19704,8,0,0,0.005052235570170374
19705,4,0,0,0.0011187511843459784
19706,1,0,0,0.0009956290941038912
19707,3,0,0,0.0009641868108983475
19708,6,0,0,0.010389531562421945
19709,2,0,0,0.0001284595967585257
19710,5,0,0,0.005979346820307708
19711,9,0,0,0.04416414159715799
19712,4,0,0,0.00313387134490956
19713,1,0,0,0.0002976144222846148
19714,4,0,0,0.0026897694346667902
19715,8,0,0,0.00013542064247082188
19716,2,0,0,0.0004514177412784891
19717,4,0,0,0.000531923396924989
19718,6,0,0,0.0010631591746896722
19719,5,0,0,0.001280896338055592
19720,1,0,0,0.00044848810547440816
19721,10,0,0,0.005848726702969261
19722,3,0,0,0.002850201252714708
19723,8,0,0,0.001307668817770025
19724,6,0,0,0.017436961847055347
19725,3,0,1,0.9886693249403207
19726,4,0,1,0.9994681712288889
19727,7,0,0,0.0009175706507738852
19728,1,0,0,0.0008325777228279971
19729,8,0,0,0.0009266042353252019
19730,9,0,0,0.0006304285370116293
19731,10,0,0,0.012464689646455977
19732,8,0,0,0.000353909972824583
19733,4,0,0,0.0008342718009421966
19734,9,0,0,0.005083592980714086
19735,6,0,0,0.07877250409155027
19736,8,0,0,0.0011035002638357608
19737,6,0,0,0.08203931377646202
19738,1,0,0,0.000503316243430074
19739,3,0,0,0.0006497469263862224
19740,10,0,0,0.00021590568262029505
19741,4,0,0,0.0004571310042588443
19742,1,0,0,0.009216188651155623
19743,3,0,0,0.0006037047235702877
19744,6,0,0,0.004354283615325075
19745,1,0,0,0.00128308930631233
19746,8,0,0,0.0036730811308532435
19747,8,0,0,0.004794349900211406
19748,1,0,0,0.15458464140004807
19749,10,0,0,0.006205172980969655
19750,10,0,0,0.0022970282027949393
19751,5,0,0,0.015597093862881306
19752,9,0,0,0.0006782755544712315
19753,9,0,0,4.569015684952796e-05
19754,10,0,1,0.9996463065845231
19755,10,0,0,0.0007145892039649881
19756,7,0,0,0.00761116746506219
19757,4,0,0,0.00018137445288844332
19758,2,0,0,0.001058861575601578
19759,8,0,1,0.9098408688859982
19760,8,0,0,0.016484794228618576
19761,9,0,0,0.009036429261608997
19762,2,0,1,0.5539760233610345
19763,10,0,0,0.002112018641309769
19764,2,0,0,0.407971961578115
19765,5,0,0,0.0015800718664735701
19766,8,0,0,0.0004209498385741043
19767,8,0,0,0.0017106751416044118
19768,9,0,0,0.0004955618005456626
19769,10,0,0,0.006244993683825714
19770,5,0,1,0.5151679667128196
19771,3,0,0,0.0039297268542825715
19772,1,0,0,0.002722941916078034
19773,8,0,0,0.0019833224169501246
19774,10,0,0,0.008912872688606995
19775,5,0,0,0.0014602665138826309
19776,7,0,0,0.004895201572055344
19777,10,0,0,0.0006636990253174035
19778,1,0,0,0.4633367247328487
19779,6,0,0,0.0013779487542697946
19780,7,0,0,0.0022251324409466007
19781,8,0,0,0.005815902469070797
19782,10,0,0,0.0005789032656408799
19783,2,0,0,1.1413392226074022e-05
19784,4,0,0,0.0001131187833441942
19785,8,0,0,0.0015484863559633456
19786,4,0,0,0.01292251104352834
19787,1,0,0,0.0006175601800367223
19788,2,0,0,0.0007616683808937147
